# AbacusPNG P(k) multipoles  --  space = rsdz
# 
# SimName = Abacus_pngbase_c000_ph000
# ZD_f_NL = 0.0
# ZD_Seed = 12321
# Redshift = 0.5
# BoxSize_Mpch = 2000.0
# ParticleMassHMsun = 10135022355.24357
# Omega_M = 0.315192
# f_growth = 0.759069923632896
# M_min_Msunh = 1000000000000.0
# N_min = 99
# N_halos = 33368638
# nbar_halo = 0.00417107975
# P_shot_hh = 239.74607534176252
# mean_halo_mass = 4419897039085.578
# N_matter = 2061651797
# nbar_matter = 0.257706474625
# P_shot_mm = 3.8803836863437127
# P_selfterm_hm_lowk_INFO_ONLY = 50.526202789806476
# grid = 1024
# MAS = TSC
# LOS_axis = 2
# k_fundamental = 0.0031415926535897933
# pos_field = x_L2com
# vel_field = v_L2com
# cleaned = False
# RSD_factor_Mpch_per_kms = 0.011343534115768038
# VelZSpace_to_kms = 176311.8953571892
# smoke = False
# created = 2026-09-03 02:08:15
# space = rsdz
# 
# Shot noise is NOT subtracted from P2 or P4 (it is isotropic: ell=0 only).
# P0_hm carries a halo/matter self-pair term ~<M_h>/rho_m; NOT subtracted.
# b_cross = P0_hm / P0_mm_shotsub
# b_auto  = sqrt(P0_hh_shotsub / P0_mm_shotsub)
# r       = P0_hm / sqrt(P0_hh_shotsub * P0_mm_shotsub)
# 
# columns: k  Nmodes  P0_hh_raw  P0_hh_shotsub  P2_hh  P4_hh  P0_mm_raw  P0_mm_shotsub  P2_mm  P4_mm  P0_hm  P2_hm  P4_hm  b_cross  b_auto  r
4.44982061e-03 1.30000000e+01 1.67901649e+04 1.65504188e+04 2.74948357e+04 3.13672784e+04 1.25291244e+04 1.25252440e+04 2.52390116e+04 2.87213087e+04 1.42804647e+04 2.63879826e+04 3.00690075e+04 1.14013465e+00 1.14950641e+00 9.91847145e-01
7.53956108e-03 3.30000000e+01 2.83990702e+04 2.81593241e+04 1.67797701e+04 7.61557555e+03 1.83768481e+04 1.83729677e+04 1.18590881e+04 5.62119921e+03 2.26711917e+04 1.41644651e+04 6.40963620e+03 1.23394283e+00 1.23800232e+00 9.96720936e-01
1.07239509e-02 7.90000000e+01 3.25514203e+04 3.23116742e+04 3.66580980e+04 -2.26600113e+04 2.23152381e+04 2.23113578e+04 2.84605704e+04 -1.22237507e+04 2.67391054e+04 3.23728019e+04 -1.68595370e+04 1.19845263e+00 1.20341863e+00 9.95873424e-01
1.39183039e-02 1.17000000e+02 3.62936758e+04 3.60539297e+04 2.46678929e+04 1.44502799e+04 2.47053028e+04 2.47014224e+04 2.14979667e+04 1.34024885e+04 2.97215333e+04 2.31198663e+04 1.41204340e+04 1.20323165e+00 1.20813460e+00 9.95941719e-01
1.71754989e-02 2.05000000e+02 3.28813989e+04 3.26416529e+04 2.42878189e+04 -1.54314664e+03 2.26359631e+04 2.26320827e+04 2.02889565e+04 -1.89258070e+01 2.70933482e+04 2.22476548e+04 -6.52823033e+02 1.19712130e+00 1.20094691e+00 9.96814502e-01
2.02394338e-02 2.35000000e+02 3.22697020e+04 3.20299559e+04 2.05745624e+04 8.01358487e+02 2.23613295e+04 2.23574491e+04 1.87706278e+04 1.34805372e+02 2.66208365e+04 1.98123207e+04 3.99233100e+02 1.19069203e+00 1.19692529e+00 9.94792272e-01
2.33835834e-02 3.69000000e+02 3.33919174e+04 3.31521714e+04 2.36825604e+04 -2.73075019e+03 2.31135926e+04 2.31097122e+04 1.97654612e+04 -1.91651937e+03 2.75745562e+04 2.17037726e+04 -2.33298531e+03 1.19320206e+00 1.19772943e+00 9.96220038e-01
2.65411255e-02 4.33000000e+02 2.76050233e+04 2.73652772e+04 1.49181651e+04 -3.49368476e+03 1.86799783e+04 1.86760979e+04 1.24661391e+04 -2.72554537e+03 2.25380400e+04 1.36954936e+04 -3.18084035e+03 1.20678528e+00 1.21047787e+00 9.96949474e-01
2.97268122e-02 5.85000000e+02 2.64408388e+04 2.62010927e+04 1.42798474e+04 -3.26583879e+03 1.80687307e+04 1.80648504e+04 1.24601325e+04 -1.70985289e+03 2.16656818e+04 1.34047194e+04 -2.43264039e+03 1.19932805e+00 1.20432172e+00 9.95853547e-01
3.28811241e-02 6.79000000e+02 2.50651202e+04 2.48253741e+04 1.40707625e+04 -6.19664263e+03 1.68487476e+04 1.68448672e+04 1.22033762e+04 -4.21360886e+03 2.03607377e+04 1.31942451e+04 -5.15835344e+03 1.20872058e+00 1.21398719e+00 9.95661725e-01
3.59831645e-02 8.13000000e+02 2.16397003e+04 2.13999542e+04 1.56167207e+04 4.04105119e+03 1.46389314e+04 1.46350510e+04 1.23653328e+04 2.78345731e+03 1.76198162e+04 1.39411900e+04 3.30139332e+03 1.20394635e+00 1.20923108e+00 9.95629675e-01
3.91393046e-02 9.85000000e+02 2.22678585e+04 2.20281125e+04 1.55146153e+04 -2.44309641e+03 1.49998250e+04 1.49959447e+04 1.25224665e+04 -1.01228828e+03 1.80952885e+04 1.39946030e+04 -1.64594444e+03 1.20667880e+00 1.21199751e+00 9.95611613e-01
4.23519947e-02 1.18300000e+03 1.96343291e+04 1.93945831e+04 1.10275937e+04 1.02397411e+00 1.31888334e+04 1.31849530e+04 9.32555171e+03 1.00425181e+02 1.59118867e+04 1.01904504e+04 4.16736178e+01 1.20682165e+00 1.21283279e+00 9.95043714e-01
4.54842731e-02 1.26900000e+03 1.86856041e+04 1.84458580e+04 1.07460492e+04 -7.29739534e+02 1.25335657e+04 1.25296853e+04 8.97846270e+03 -2.69847555e+02 1.51283569e+04 9.88285309e+03 -4.74146634e+02 1.20740119e+00 1.21333116e+00 9.95112655e-01
4.86039489e-02 1.53700000e+03 1.77929477e+04 1.75532016e+04 1.19162079e+04 2.50576240e+03 1.18014059e+04 1.17975255e+04 9.86778046e+03 1.77933052e+03 1.43140572e+04 1.08959288e+04 2.07337783e+03 1.21331012e+00 1.21978337e+00 9.94693120e-01
5.17381519e-02 1.65300000e+03 1.68880930e+04 1.66483469e+04 1.00284095e+04 -8.30109686e+02 1.12234820e+04 1.12196017e+04 8.38557129e+03 -2.33442533e+02 1.35948074e+04 9.22512191e+03 -4.80497159e+02 1.21170144e+00 1.21813898e+00 9.94715265e-01
5.48788222e-02 1.96300000e+03 1.56351398e+04 1.53953937e+04 9.18373876e+03 3.65340277e+02 1.04746920e+04 1.04708116e+04 7.57774800e+03 3.65192166e+02 1.26344362e+04 8.38651776e+03 3.76644697e+02 1.20663389e+00 1.21256555e+00 9.95108174e-01
5.80271542e-02 2.12100000e+03 1.48277489e+04 1.45880028e+04 9.14706673e+03 9.93416382e+02 9.76298390e+03 9.75910352e+03 7.40264336e+03 9.70166114e+02 1.18657440e+04 8.26549404e+03 9.80105221e+02 1.21586414e+00 1.22262411e+00 9.94470934e-01
6.11834833e-02 2.41300000e+03 1.38506922e+04 1.36109462e+04 8.53641271e+03 1.04239651e+03 9.13443216e+03 9.13055178e+03 6.88689851e+03 1.04172758e+03 1.10831123e+04 7.69040536e+03 1.04573212e+03 1.21384912e+00 1.22094372e+00 9.94189248e-01
6.43408632e-02 2.63500000e+03 1.43653768e+04 1.41256307e+04 8.40256024e+03 -1.08848652e+03 9.47492611e+03 9.47104573e+03 6.73259447e+03 -3.76555976e+02 1.15093612e+04 7.56351077e+03 -6.67661981e+02 1.21521546e+00 1.22125107e+00 9.95057846e-01
6.74750401e-02 2.87700000e+03 1.33414372e+04 1.31016911e+04 8.96627386e+03 9.74554953e+02 8.74051718e+03 8.73663679e+03 6.85863742e+03 6.84717334e+02 1.06422518e+04 7.86528871e+03 8.05515675e+02 1.21811769e+00 1.22459234e+00 9.94712810e-01
7.05974779e-02 3.16900000e+03 1.26474384e+04 1.24076923e+04 7.30110136e+03 -2.08650122e+03 8.30297121e+03 8.29909082e+03 5.88095510e+03 -1.19431590e+03 1.00923505e+04 6.59168116e+03 -1.60750395e+03 1.21607905e+00 1.22272910e+00 9.94561302e-01
7.37566788e-02 3.50700000e+03 1.23395609e+04 1.20998148e+04 7.71815532e+03 1.64172348e+03 8.08515161e+03 8.08127123e+03 6.19146577e+03 1.11653531e+03 9.83745150e+03 6.96062125e+03 1.33102930e+03 1.21731485e+00 1.22362832e+00 9.94840371e-01
7.68932537e-02 3.68500000e+03 1.18012480e+04 1.15615020e+04 6.25598982e+03 -1.00847431e+03 7.69952721e+03 7.69564683e+03 5.08861554e+03 -6.64582555e+02 9.37729688e+03 5.68768573e+03 -8.27411140e+02 1.21851965e+00 1.22570107e+00 9.94140972e-01
8.00328772e-02 4.16500000e+03 1.08871764e+04 1.06474304e+04 6.01065179e+03 8.00489975e+02 7.09423969e+03 7.09035931e+03 4.82957804e+03 7.77761610e+02 8.63997668e+03 5.41847760e+03 7.96070939e+02 1.21855273e+00 1.22542936e+00 9.94388388e-01
8.31995584e-02 4.37700000e+03 1.03793691e+04 1.01396231e+04 6.70438082e+03 6.15419461e+02 6.70998545e+03 6.70610507e+03 5.11441386e+03 5.63572191e+02 8.20184497e+03 5.88094524e+03 5.96604834e+02 1.22304153e+00 1.22963362e+00 9.94638977e-01
8.63597823e-02 4.85500000e+03 9.64958836e+03 9.40984228e+03 5.42504530e+03 -1.44733017e+02 6.20385709e+03 6.19997670e+03 4.20425795e+03 -3.08475674e+01 7.59358193e+03 4.79901188e+03 -7.69821948e+01 1.22477588e+00 1.23195868e+00 9.94169607e-01
8.94882607e-02 4.92900000e+03 9.35097834e+03 9.11123227e+03 5.80657180e+03 9.63169133e+02 6.03567464e+03 6.03179426e+03 4.41593381e+03 6.62532367e+02 7.37298121e+03 5.08692109e+03 7.93274019e+02 1.22235290e+00 1.22903797e+00 9.94560732e-01
9.26176845e-02 5.58100000e+03 8.71246102e+03 8.47271494e+03 5.15902130e+03 -6.34245604e+02 5.60015353e+03 5.59627315e+03 3.85085898e+03 -3.99408742e+02 6.84480864e+03 4.48586612e+03 -5.00029535e+02 1.22310124e+00 1.23044398e+00 9.94032449e-01
9.57403394e-02 5.67900000e+03 8.11975673e+03 7.88001065e+03 4.83541749e+03 5.22472351e+02 5.20652918e+03 5.20264880e+03 3.70779428e+03 4.18743710e+02 6.36470025e+03 4.26367587e+03 4.59446273e+02 1.22335766e+00 1.23069702e+00 9.94036423e-01
9.88944934e-02 6.38500000e+03 7.79119823e+03 7.55145215e+03 4.66614053e+03 5.71357855e+02 4.94103741e+03 4.93715702e+03 3.51102416e+03 4.60482790e+02 6.06779033e+03 4.07532389e+03 5.16693604e+02 1.22900493e+00 1.23673533e+00 9.93749351e-01
1.02046887e-01 6.55300000e+03 7.44986580e+03 7.21011972e+03 4.24886576e+03 1.20791367e+02 4.70143849e+03 4.69755811e+03 3.14557666e+03 1.98592262e+02 5.78047529e+03 3.67929393e+03 1.72641442e+02 1.23052768e+00 1.23889688e+00 9.93244640e-01
1.05196965e-01 7.12500000e+03 6.97223071e+03 6.73248464e+03 4.00949053e+03 1.65136021e+02 4.41386281e+03 4.40998243e+03 2.99052262e+03 1.20652366e+02 5.41378564e+03 3.49081120e+03 1.36589582e+02 1.22762068e+00 1.23557541e+00 9.93561926e-01
1.08345485e-01 7.44700000e+03 6.86323955e+03 6.62349348e+03 4.21165695e+03 9.67360335e+00 4.32021738e+03 4.31633700e+03 3.12641233e+03 6.59300723e+01 5.31183340e+03 3.65527841e+03 4.17932772e+01 1.23063454e+00 1.23875632e+00 9.93443600e-01
1.11485014e-01 7.92900000e+03 6.54364387e+03 6.30389779e+03 3.98493410e+03 4.65339945e+02 4.12177362e+03 4.11789324e+03 2.94869312e+03 3.74190436e+02 5.06048181e+03 3.45863090e+03 4.10154687e+02 1.22890068e+00 1.23727729e+00 9.93229809e-01
1.14631001e-01 8.35300000e+03 6.45431938e+03 6.21457330e+03 3.80993461e+03 5.13623459e+02 4.04580545e+03 4.04192507e+03 2.73923114e+03 3.62719913e+02 4.98304298e+03 3.24947265e+03 4.27479819e+02 1.23283903e+00 1.23997100e+00 9.94248275e-01
1.17757075e-01 8.77500000e+03 6.15497896e+03 5.91523288e+03 3.53622768e+03 5.50614609e+02 3.80383823e+03 3.79995785e+03 2.51865458e+03 3.62402463e+02 4.70969596e+03 3.00881208e+03 4.41520618e+02 1.23940742e+00 1.24766081e+00 9.93384910e-01
1.20895529e-01 9.31300000e+03 5.99718135e+03 5.75743528e+03 3.33181546e+03 1.21856342e+02 3.70688680e+03 3.70300641e+03 2.35537178e+03 1.03509186e+02 4.58750830e+03 2.82243331e+03 1.14550342e+02 1.23886048e+00 1.24691629e+00 9.93539411e-01
1.24042827e-01 9.84100000e+03 5.91206422e+03 5.67231814e+03 3.42855254e+03 1.64188105e+02 3.64449207e+03 3.64061169e+03 2.33746740e+03 1.16390021e+02 4.51458524e+03 2.85354736e+03 1.28668568e+02 1.24006228e+00 1.24822567e+00 9.93460003e-01
1.27174613e-01 1.01910000e+04 5.79033139e+03 5.55058532e+03 3.18932868e+03 3.08733892e+02 3.56656841e+03 3.56268803e+03 2.19338276e+03 2.64875471e+02 4.42022559e+03 2.67180576e+03 2.80781284e+02 1.24069959e+00 1.24818941e+00 9.93999455e-01
1.30316713e-01 1.08970000e+04 5.52188695e+03 5.28214087e+03 2.91217531e+03 2.15748281e+02 3.38518463e+03 3.38130425e+03 1.95126503e+03 1.16908934e+02 4.20204380e+03 2.40447507e+03 1.62556751e+02 1.24272869e+00 1.24986430e+00 9.94290889e-01
1.33462869e-01 1.13010000e+04 5.42652712e+03 5.18678105e+03 3.08466297e+03 2.78802086e+02 3.30799304e+03 3.30411266e+03 2.08305760e+03 2.08650696e+02 4.11431477e+03 2.56100173e+03 2.39586316e+02 1.24521020e+00 1.25291479e+00 9.93850668e-01
1.36621167e-01 1.20250000e+04 5.18311287e+03 4.94336680e+03 2.68844072e+03 -1.44479912e+01 3.13666052e+03 3.13278014e+03 1.79071999e+03 1.50429078e+01 3.91162658e+03 2.21681532e+03 -7.92543390e+00 1.24861190e+00 1.25616434e+00 9.93987703e-01
1.39776484e-01 1.24230000e+04 5.01438844e+03 4.77464237e+03 2.61204903e+03 2.32464733e+02 3.02474564e+03 3.02086526e+03 1.75447784e+03 1.41857832e+02 3.77423215e+03 2.16582721e+03 1.72646019e+02 1.24938778e+00 1.25720108e+00 9.93785163e-01
1.42918315e-01 1.30210000e+04 4.81082781e+03 4.57108174e+03 2.43834144e+03 3.86769709e+02 2.89521931e+03 2.89133892e+03 1.60504630e+03 2.63427456e+02 3.61426735e+03 2.00611731e+03 3.12744916e+02 1.25003241e+00 1.25736102e+00 9.94171432e-01
1.46043814e-01 1.34050000e+04 4.68634433e+03 4.44659825e+03 2.44240549e+03 1.05395832e+02 2.79621113e+03 2.79233074e+03 1.55887354e+03 9.01403384e+01 3.50257590e+03 1.97553396e+03 9.55893024e+01 1.25435567e+00 1.26191621e+00 9.94008685e-01
1.49172492e-01 1.42470000e+04 4.52872312e+03 4.28897704e+03 2.52564183e+03 5.05400094e+02 2.69376350e+03 2.68988312e+03 1.64164350e+03 3.35101188e+02 3.37851438e+03 2.06449345e+03 4.07535583e+02 1.25600787e+00 1.26272900e+00 9.94677298e-01
1.52319132e-01 1.47130000e+04 4.24815818e+03 4.00841210e+03 2.29265847e+03 3.55397448e+02 2.51864387e+03 2.51476348e+03 1.46439420e+03 1.90905511e+02 3.15624312e+03 1.86098139e+03 2.56078510e+02 1.25508548e+00 1.26251809e+00 9.94112866e-01
1.55463956e-01 1.54890000e+04 4.16373856e+03 3.92399248e+03 2.24559569e+03 1.48633931e+02 2.45715704e+03 2.45327666e+03 1.39201935e+03 1.37269079e+02 3.08542772e+03 1.79281608e+03 1.36626445e+02 1.25767622e+00 1.26470961e+00 9.94438730e-01
1.58608409e-01 1.59130000e+04 4.04092173e+03 3.80117565e+03 2.20945249e+03 1.36659880e+02 2.36604724e+03 2.36216686e+03 1.37103501e+03 1.03119011e+02 2.98017924e+03 1.76684855e+03 1.09836109e+02 1.26162944e+00 1.26853859e+00 9.94553454e-01
1.61759378e-01 1.68790000e+04 3.92672849e+03 3.68698242e+03 2.03460778e+03 2.67115798e+01 2.27990319e+03 2.27602281e+03 1.21709832e+03 3.55803844e+01 2.87934504e+03 1.60346236e+03 2.27654112e+01 1.26507741e+00 1.27276208e+00 9.93962210e-01
1.64908411e-01 1.71930000e+04 3.79801127e+03 3.55826519e+03 2.00979853e+03 2.09244010e+02 2.20776955e+03 2.20388917e+03 1.20443753e+03 1.65333729e+02 2.78515190e+03 1.58542890e+03 1.75484230e+02 1.26374409e+00 1.27064514e+00 9.94568856e-01
1.68058821e-01 1.81570000e+04 3.67992046e+03 3.44017438e+03 1.99582198e+03 1.54680131e+02 2.12743619e+03 2.12355581e+03 1.17752502e+03 9.42887321e+01 2.68978556e+03 1.56419447e+03 1.11476047e+02 1.26664228e+00 1.27279479e+00 9.95166138e-01
1.71185019e-01 1.83390000e+04 3.54634631e+03 3.30660024e+03 1.85035000e+03 4.90371307e+01 2.04369954e+03 2.03981916e+03 1.07193627e+03 4.66990509e+01 2.58444950e+03 1.43809643e+03 4.33034192e+01 1.26699933e+00 1.27319526e+00 9.95133556e-01
1.74323910e-01 1.95730000e+04 3.46721634e+03 3.22747027e+03 1.71255749e+03 1.24314468e+02 1.97436781e+03 1.97048743e+03 1.00764876e+03 1.02288016e+02 2.50799983e+03 1.34411607e+03 1.06231150e+02 1.27278144e+00 1.27980644e+00 9.94510892e-01
1.77470581e-01 1.99410000e+04 3.38628185e+03 3.14653578e+03 1.80489547e+03 1.62566077e+02 1.92773878e+03 1.92385839e+03 9.89458600e+02 8.41507359e+01 2.44821333e+03 1.36587790e+03 1.06624109e+02 1.27255381e+00 1.27887997e+00 9.95053357e-01
1.80595847e-01 2.06290000e+04 3.33716407e+03 3.09741799e+03 1.76402616e+03 2.14974433e+02 1.89460508e+03 1.89072470e+03 9.69847442e+02 1.26059302e+02 2.40855263e+03 1.34026554e+03 1.48386224e+02 1.27387802e+00 1.27992865e+00 9.95272680e-01
1.83738354e-01 2.16550000e+04 3.22146648e+03 2.98172041e+03 1.61316071e+03 9.94271439e+01 1.81882533e+03 1.81494494e+03 8.76578876e+02 1.01442933e+02 2.31508338e+03 1.22275341e+03 9.59060940e+01 1.27556672e+00 1.28174529e+00 9.95179565e-01
1.86882390e-01 2.21130000e+04 3.21411463e+03 2.97436855e+03 1.63600852e+03 1.75305824e+02 1.79173913e+03 1.78785874e+03 8.92990633e+02 1.37738091e+02 2.29640688e+03 1.24143990e+03 1.39149978e+02 1.28444537e+00 1.28982500e+00 9.95829179e-01
1.90032702e-01 2.31850000e+04 3.11798757e+03 2.87824149e+03 1.66185778e+03 2.23219063e+02 1.74036771e+03 1.73648733e+03 8.82422755e+02 1.71682963e+02 2.22600710e+03 1.24533720e+03 1.85786072e+02 1.28190230e+00 1.28744239e+00 9.95696824e-01
1.93176993e-01 2.36670000e+04 3.05426075e+03 2.81451467e+03 1.50623371e+03 2.75660559e+02 1.69515129e+03 1.69127090e+03 7.74684845e+02 1.62925444e+02 2.17306025e+03 1.11471950e+03 1.98600271e+02 1.28486823e+00 1.29001622e+00 9.96009361e-01
1.96307009e-01 2.43850000e+04 2.97476346e+03 2.73501738e+03 1.51764027e+03 2.89391374e+02 1.63845546e+03 1.63457507e+03 7.83375809e+02 1.86961129e+02 2.10664419e+03 1.12378412e+03 2.21870418e+02 1.28880235e+00 1.29353329e+00 9.96342620e-01
1.99463225e-01 2.57490000e+04 2.94045300e+03 2.70070693e+03 1.40023851e+03 2.19462233e+02 1.60916790e+03 1.60528752e+03 6.96214149e+02 1.47736570e+02 2.07550970e+03 1.02379647e+03 1.64325633e+02 1.29292085e+00 1.29706671e+00 9.96803660e-01
2.02603662e-01 2.56750000e+04 2.81307539e+03 2.57332931e+03 1.31420352e+03 1.10594620e+02 1.54129607e+03 1.53741568e+03 6.26391745e+02 8.61905752e+01 1.98261884e+03 9.43578619e+02 8.67322958e+01 1.28957891e+00 1.29375497e+00 9.96772144e-01
2.05745824e-01 2.74090000e+04 2.76817653e+03 2.52843046e+03 1.29866027e+03 1.77180729e+02 1.50177207e+03 1.49789169e+03 6.33135377e+02 1.26978617e+02 1.93997794e+03 9.44602775e+02 1.35414050e+02 1.29513900e+00 1.29922779e+00 9.96852908e-01
2.08890714e-01 2.74050000e+04 2.65291952e+03 2.41317345e+03 1.14960273e+03 1.62878150e+02 1.44158887e+03 1.43770849e+03 5.30513676e+02 1.26411857e+02 1.85663858e+03 8.19881626e+02 1.28763335e+02 1.29138737e+00 1.29556394e+00 9.96776253e-01
2.12020032e-01 2.87170000e+04 2.63875794e+03 2.39901187e+03 1.26894365e+03 2.26167018e+02 1.41811556e+03 1.41423518e+03 5.93269682e+02 1.45383187e+02 1.83715802e+03 9.07178898e+02 1.64957201e+02 1.29904704e+00 1.30243297e+00 9.97400307e-01
2.15171285e-01 2.95950000e+04 2.57065544e+03 2.33090936e+03 1.19789758e+03 1.16292640e+02 1.37159821e+03 1.36771783e+03 5.38997844e+02 7.63254409e+01 1.78094438e+03 8.43087926e+02 7.92437961e+01 1.30212852e+00 1.30546262e+00 9.97446040e-01
2.18317928e-01 3.03010000e+04 2.49423746e+03 2.25449139e+03 1.23783891e+03 1.40954447e+02 1.31865187e+03 1.31477149e+03 5.32755863e+02 9.58314405e+01 1.71695294e+03 8.51673477e+02 9.91789524e+01 1.30589456e+00 1.30948085e+00 9.97261292e-01
2.21449809e-01 3.11010000e+04 2.47106276e+03 2.23131669e+03 1.20246295e+03 2.07782116e+02 1.30543246e+03 1.30155208e+03 5.14345493e+02 1.29931734e+02 1.70029976e+03 8.26697286e+02 1.49576601e+02 1.30636322e+00 1.30933215e+00 9.97732484e-01
2.24581721e-01 3.20230000e+04 2.37134004e+03 2.13159396e+03 1.09365783e+03 4.15594875e+01 1.24221466e+03 1.23833428e+03 4.66581901e+02 6.38719431e+01 1.62074402e+03 7.58431698e+02 4.06609504e+01 1.30880978e+00 1.31199836e+00 9.97569676e-01
2.27720707e-01 3.29770000e+04 2.33604323e+03 2.09629715e+03 1.12704949e+03 1.31389663e+02 1.22021107e+03 1.21633069e+03 4.62154154e+02 9.95731085e+01 1.59498386e+03 7.63339005e+02 9.67462446e+01 1.31130775e+00 1.31280611e+00 9.98858658e-01
2.30881724e-01 3.44490000e+04 2.29039201e+03 2.05064594e+03 1.04539518e+03 8.26956568e+01 1.18794831e+03 1.18406793e+03 4.13660323e+02 1.05008132e+02 1.55565474e+03 7.03053928e+02 8.24510564e+01 1.31382221e+00 1.31600346e+00 9.98342514e-01
2.34032212e-01 3.45490000e+04 2.23373311e+03 1.99398703e+03 1.01586178e+03 1.82328583e+02 1.14761263e+03 1.14373225e+03 3.96457848e+02 1.27069476e+02 1.50861008e+03 6.79348522e+02 1.35035809e+02 1.31902382e+00 1.32038013e+00 9.98972786e-01
2.37174262e-01 3.61110000e+04 2.20515615e+03 1.96541007e+03 1.03158171e+03 1.17653998e+02 1.12411008e+03 1.12022969e+03 3.99310696e+02 1.02148303e+02 1.48204321e+03 6.84468884e+02 9.35977236e+01 1.32298155e+00 1.32456431e+00 9.98805070e-01
2.40317807e-01 3.65410000e+04 2.14592077e+03 1.90617469e+03 9.54963088e+02 2.14218009e+02 1.08938797e+03 1.08550758e+03 3.49229011e+02 1.43845402e+02 1.43689129e+03 6.22976290e+02 1.56119667e+02 1.32370451e+00 1.32514963e+00 9.98909472e-01
2.43450963e-01 3.77170000e+04 2.14629284e+03 1.90654677e+03 9.51208105e+02 1.52496463e+02 1.08858620e+03 1.08470581e+03 3.37068704e+02 1.29402891e+02 1.43738881e+03 6.13230836e+02 1.24748691e+02 1.32514162e+00 1.32576866e+00 9.99527035e-01
2.46584855e-01 3.86190000e+04 2.07394882e+03 1.83420275e+03 8.78705478e+02 5.90781041e+01 1.03723253e+03 1.03335215e+03 3.04396253e+02 8.55353331e+01 1.37654275e+03 5.62632749e+02 6.29481098e+01 1.33211389e+00 1.33229224e+00 9.99866136e-01
2.49725337e-01 3.96610000e+04 2.05997179e+03 1.82022571e+03 9.37932958e+02 1.07002640e+02 1.02758652e+03 1.02370614e+03 3.18204562e+02 9.83273803e+01 1.36529047e+03 5.94983973e+02 8.88398938e+01 1.33367420e+00 1.33344458e+00 1.00017221e+00
2.52857953e-01 4.05450000e+04 2.02461092e+03 1.78486484e+03 8.65112987e+02 1.21449818e+02 1.00294342e+03 9.99063041e+02 2.81047210e+02 1.08085346e+02 1.33587600e+03 5.44164626e+02 9.58897898e+01 1.33712884e+00 1.33661466e+00 1.00038468e+00
2.55996200e-01 4.18150000e+04 1.97210124e+03 1.73235517e+03 8.92432345e+02 1.20371124e+02 9.71586329e+02 9.67705945e+02 2.78414024e+02 1.08605032e+02 1.29616340e+03 5.51293688e+02 9.60898708e+01 1.33941866e+00 1.33797119e+00 1.00108184e+00
2.59156305e-01 4.31250000e+04 1.92349882e+03 1.68375275e+03 8.29424848e+02 7.81356083e+01 9.42315515e+02 9.38435132e+02 2.57644380e+02 8.61045227e+01 1.25758052e+03 5.15063233e+02 6.74189991e+01 1.34008252e+00 1.33948246e+00 1.00044798e+00
2.62304482e-01 4.36810000e+04 1.88757464e+03 1.64782856e+03 8.49578310e+02 1.14881490e+02 9.21747416e+02 9.17867033e+02 2.53270293e+02 1.03444606e+02 1.23135877e+03 5.17394089e+02 8.96111732e+01 1.34154374e+00 1.33988069e+00 1.00124119e+00
2.65437865e-01 4.46290000e+04 1.87791679e+03 1.63817071e+03 7.87332309e+02 3.96256785e+01 9.07706497e+02 9.03826114e+02 2.25665548e+02 7.50016503e+01 1.21808008e+03 4.76044577e+02 4.62339117e+01 1.34769295e+00 1.34628540e+00 1.00104551e+00
2.68578676e-01 4.62270000e+04 1.83478062e+03 1.59503454e+03 7.51540559e+02 1.13087672e+02 8.82048008e+02 8.78167624e+02 2.02279306e+02 1.16922190e+02 1.18610192e+03 4.46736824e+02 9.87204473e+01 1.35065549e+00 1.34770964e+00 1.00218582e+00
2.71728978e-01 4.69090000e+04 1.81777415e+03 1.57802807e+03 7.87991898e+02 1.15706309e+02 8.67842494e+02 8.63962111e+02 2.21693350e+02 1.10530092e+02 1.17040064e+03 4.72171770e+02 9.55555198e+01 1.35468978e+00 1.35148122e+00 1.00237411e+00
2.74871533e-01 4.82370000e+04 1.77220732e+03 1.53246125e+03 7.32251950e+02 1.52259391e+02 8.43722549e+02 8.39842166e+02 1.83516819e+02 1.28022025e+02 1.13803404e+03 4.25973845e+02 1.19307182e+02 1.35505704e+00 1.35081512e+00 1.00314027e+00
2.77996871e-01 4.85830000e+04 1.72291016e+03 1.48316408e+03 6.93371271e+02 1.03096021e+02 8.17403905e+02 8.13523522e+02 1.59599542e+02 1.14074723e+02 1.10155965e+03 3.96045512e+02 8.96278696e+01 1.35405999e+00 1.35023556e+00 1.00283242e+00
2.81142734e-01 5.09970000e+04 1.69796099e+03 1.45821492e+03 6.82952334e+02 8.13744192e+01 7.97294217e+02 7.93413833e+02 1.54732112e+02 1.03546621e+02 1.07876195e+03 3.89707752e+02 7.56089263e+01 1.35964601e+00 1.35569153e+00 1.00291694e+00
2.84300577e-01 5.13970000e+04 1.67840877e+03 1.43866270e+03 6.85354432e+02 9.51823513e+01 7.82865442e+02 7.78985058e+02 1.45769924e+02 1.08008870e+02 1.06193442e+03 3.81583257e+02 8.63552787e+01 1.36322823e+00 1.35898583e+00 1.00312174e+00
2.87440229e-01 5.24890000e+04 1.65614301e+03 1.41639694e+03 6.78419933e+02 7.06950979e+01 7.70331363e+02 7.66450980e+02 1.38237456e+02 1.05214009e+02 1.04609347e+03 3.74161004e+02 7.55737252e+01 1.36485372e+00 1.35940949e+00 1.00400485e+00
2.90577511e-01 5.37870000e+04 1.62210027e+03 1.38235419e+03 6.44347660e+02 8.02487928e+01 7.49018226e+02 7.45137842e+02 1.20745266e+02 1.03144780e+02 1.01931426e+03 3.49594675e+02 7.44129863e+01 1.36795396e+00 1.36204469e+00 1.00433853e+00
2.93719725e-01 5.49130000e+04 1.59025939e+03 1.35051332e+03 6.14346131e+02 6.13439908e+01 7.28452516e+02 7.24572132e+02 1.13207706e+02 9.14907308e+01 9.94351804e+02 3.31394326e+02 6.27663703e+01 1.37232963e+00 1.36523880e+00 1.00519384e+00
2.96858811e-01 5.59770000e+04 1.56759705e+03 1.32785097e+03 5.98997402e+02 7.92569864e+01 7.13382474e+02 7.09502091e+02 1.04800587e+02 9.89102491e+01 9.75313563e+02 3.22037312e+02 7.10286113e+01 1.37464509e+00 1.36803695e+00 1.00483038e+00
2.99998598e-01 5.74150000e+04 1.53240467e+03 1.29265860e+03 5.80956777e+02 1.00059821e+02 6.96002468e+02 6.92122084e+02 9.24259070e+01 1.13352405e+02 9.51654013e+02 3.04887132e+02 8.95202666e+01 1.37497999e+00 1.36662879e+00 1.00611080e+00
3.03133956e-01 5.81050000e+04 1.52739804e+03 1.28765196e+03 5.81767997e+02 1.21896711e+02 6.85969094e+02 6.82088710e+02 8.04375483e+01 1.21935407e+02 9.41993799e+02 2.96615815e+02 1.00991365e+02 1.38104294e+00 1.37397495e+00 1.00514419e+00
3.06273479e-01 6.00330000e+04 1.50934745e+03 1.26960138e+03 5.64085343e+02 8.13565619e+01 6.73432452e+02 6.69552069e+02 7.69127166e+01 1.06937798e+02 9.27321090e+02 2.86878428e+02 7.86102567e+01 1.38498727e+00 1.37702401e+00 1.00578294e+00
3.09423887e-01 6.09490000e+04 1.47162379e+03 1.23187772e+03 5.51705169e+02 1.16793382e+02 6.51155764e+02 6.47275381e+02 6.98799273e+01 1.24787800e+02 8.98732603e+02 2.77154334e+02 1.02395937e+02 1.38848569e+00 1.37955575e+00 1.00647306e+00
3.12565528e-01 6.22350000e+04 1.45070460e+03 1.21095853e+03 5.37273585e+02 6.28715287e+01 6.41086012e+02 6.37205629e+02 6.43629866e+01 1.00601798e+02 8.84402755e+02 2.68360257e+02 6.58605164e+01 1.38793933e+00 1.37855734e+00 1.00680566e+00
3.15701373e-01 6.32290000e+04 1.44109535e+03 1.20134927e+03 5.35099136e+02 9.21286399e+01 6.29363184e+02 6.25482800e+02 6.05915035e+01 1.04206355e+02 8.72980980e+02 2.64790857e+02 7.79355566e+01 1.39569142e+00 1.38588425e+00 1.00707647e+00
3.18850178e-01 6.51330000e+04 1.41463678e+03 1.17489070e+03 4.86236658e+02 7.09738499e+01 6.15659246e+02 6.11778862e+02 4.05692630e+01 1.15177784e+02 8.54370183e+02 2.32444538e+02 8.17972443e+01 1.39653433e+00 1.38580301e+00 1.00774376e+00
3.21992889e-01 6.57070000e+04 1.38634865e+03 1.14660257e+03 4.68794094e+02 8.58344109e+01 5.99400952e+02 5.95520568e+02 3.08174095e+01 1.12809809e+02 8.33039625e+02 2.20184599e+02 8.41933411e+01 1.39884274e+00 1.38758013e+00 1.00811673e+00
3.25134271e-01 6.75610000e+04 1.36583726e+03 1.12609118e+03 4.80856853e+02 6.53946308e+01 5.88497665e+02 5.84617281e+02 2.97039787e+01 1.05331300e+02 8.18661469e+02 2.22022960e+02 6.92681077e+01 1.40033744e+00 1.38787692e+00 1.00897812e+00
3.28279306e-01 6.85050000e+04 1.35338554e+03 1.11363946e+03 4.67140238e+02 4.93097641e+01 5.77502248e+02 5.73621864e+02 2.51285510e+01 1.01371261e+02 8.06432596e+02 2.13737387e+02 6.31152456e+01 1.40586098e+00 1.39334755e+00 1.00898084e+00
3.31418464e-01 6.99430000e+04 1.33577584e+03 1.09602976e+03 4.72809862e+02 1.07007374e+02 5.69244971e+02 5.65364588e+02 2.09624024e+01 1.15176573e+02 7.94039114e+02 2.13257931e+02 9.05079597e+01 1.40447267e+00 1.39234504e+00 1.00871022e+00
3.34559272e-01 7.10970000e+04 1.31375744e+03 1.07401136e+03 4.28682322e+02 6.22144813e+01 5.54713086e+02 5.50832702e+02 5.95283332e+00 1.05236295e+02 7.77337222e+02 1.84629478e+02 7.06580652e+01 1.41120384e+00 1.39635094e+00 1.01063694e+00
3.37703510e-01 7.30210000e+04 1.29137886e+03 1.05163278e+03 4.39872003e+02 6.29736602e+01 5.41476445e+02 5.37596061e+02 6.82307360e+00 1.06010648e+02 7.59527255e+02 1.89736835e+02 6.84158388e+01 1.41282147e+00 1.39863380e+00 1.01014395e+00
3.40841776e-01 7.33170000e+04 1.27853401e+03 1.03878794e+03 4.09565629e+02 6.32226369e+01 5.33636109e+02 5.29755726e+02 -4.55381365e+00 1.06224411e+02 7.49602461e+02 1.71186462e+02 6.82930394e+01 1.41499643e+00 1.40031461e+00 1.01048466e+00
3.43979627e-01 7.57990000e+04 1.25778020e+03 1.01803412e+03 3.98191205e+02 5.71327045e+01 5.21302547e+02 5.17422163e+02 -9.61815969e+00 1.08889769e+02 7.33969326e+02 1.62790219e+02 7.01642034e+01 1.41851157e+00 1.40268016e+00 1.01128654e+00
3.47117216e-01 7.60210000e+04 1.23565907e+03 9.95912993e+02 4.02575212e+02 9.11924493e+01 5.09702663e+02 5.05822280e+02 -1.21743930e+01 1.17958175e+02 7.17960084e+02 1.61641387e+02 8.64344280e+01 1.41939197e+00 1.40317462e+00 1.01155761e+00
3.50258770e-01 7.87530000e+04 1.22752629e+03 9.87780216e+02 3.89888008e+02 7.88769552e+01 5.02003848e+02 4.98123464e+02 -1.57754504e+01 1.10559000e+02 7.09894796e+02 1.54286898e+02 7.56072309e+01 1.42513824e+00 1.40819132e+00 1.01203453e+00
3.53406248e-01 7.92910000e+04 1.21360937e+03 9.73863291e+02 3.91835050e+02 8.41378819e+01 4.94619125e+02 4.90738741e+02 -1.83156349e+01 1.13912361e+02 6.99974954e+02 1.52405368e+02 8.15174775e+01 1.42636987e+00 1.40871723e+00 1.01253100e+00
3.56550950e-01 8.11290000e+04 1.19603843e+03 9.56292355e+02 3.83290765e+02 8.74276965e+01 4.83565397e+02 4.79685013e+02 -2.41096019e+01 1.18283358e+02 6.85846413e+02 1.45066026e+02 8.61833373e+01 1.42978495e+00 1.41194333e+00 1.01263621e+00
3.59695913e-01 8.24410000e+04 1.17755635e+03 9.37810277e+02 3.43241135e+02 4.23421817e+01 4.72612592e+02 4.68732208e+02 -4.03708041e+01 1.01970837e+02 6.71749886e+02 1.18511933e+02 5.89064317e+01 1.43312082e+00 1.41447441e+00 1.01318257e+00
3.62841690e-01 8.39490000e+04 1.16952477e+03 9.29778696e+02 3.46312392e+02 6.96683215e+01 4.65373102e+02 4.61492719e+02 -3.38444917e+01 1.12357590e+02 6.64083261e+02 1.24368416e+02 7.54479077e+01 1.43898968e+00 1.41940839e+00 1.01379539e+00
3.65982634e-01 8.51230000e+04 1.14283061e+03 9.03084536e+02 3.43330563e+02 4.01191432e+01 4.52841204e+02 4.48960820e+02 -3.85516176e+01 9.50276160e+01 6.46489357e+02 1.17862977e+02 5.46021609e+01 1.43996832e+00 1.41827348e+00 1.01529666e+00
3.69125400e-01 8.69290000e+04 1.13728917e+03 8.97543094e+02 3.35466168e+02 6.92534856e+01 4.47730043e+02 4.43849660e+02 -4.32141852e+01 1.12509458e+02 6.40552013e+02 1.13688281e+02 7.59870434e+01 1.44317338e+00 1.42203311e+00 1.01486623e+00
3.72263292e-01 8.77890000e+04 1.11753174e+03 8.77785664e+02 3.20220999e+02 5.73293886e+01 4.37241713e+02 4.33361330e+02 -4.71012356e+01 1.06523036e+02 6.26456723e+02 1.03734417e+02 6.67653000e+01 1.44557597e+00 1.42321058e+00 1.01571474e+00
3.75393555e-01 8.96230000e+04 1.10563728e+03 8.65891202e+02 3.10431838e+02 7.44671525e+01 4.29998548e+02 4.26118165e+02 -5.25024642e+01 1.14118338e+02 6.17166276e+02 9.71433779e+01 7.85643939e+01 1.44834538e+00 1.42549809e+00 1.01602759e+00
3.78537923e-01 9.13410000e+04 1.09840192e+03 8.58655842e+02 3.04678120e+02 5.02292323e+01 4.25511251e+02 4.21630868e+02 -5.87898326e+01 1.04302782e+02 6.11451782e+02 8.92219142e+01 6.30462100e+01 1.45020640e+00 1.42706372e+00 1.01621699e+00
3.81682062e-01 9.28450000e+04 1.07995634e+03 8.40210266e+02 3.10995963e+02 4.10944008e+01 4.14247387e+02 4.10367003e+02 -5.67791647e+01 1.05100833e+02 5.96807565e+02 9.23508589e+01 6.00132148e+01 1.45432640e+00 1.43089503e+00 1.01637532e+00
3.84823148e-01 9.40870000e+04 1.06686257e+03 8.27116492e+02 2.93844429e+02 6.36515021e+01 4.08314787e+02 4.04434403e+02 -6.04189128e+01 1.08800720e+02 5.88515936e+02 8.38223317e+01 7.08272520e+01 1.45515795e+00 1.43007658e+00 1.01753848e+00
3.87969743e-01 9.63330000e+04 1.05159275e+03 8.11846673e+02 2.96883311e+02 4.34677592e+01 3.99308776e+02 3.95428393e+02 -5.92623536e+01 1.04458373e+02 5.76609350e+02 8.54618140e+01 6.06377882e+01 1.45818904e+00 1.43285777e+00 1.01767885e+00
3.91116457e-01 9.72490000e+04 1.04083274e+03 8.01086660e+02 2.80662117e+02 5.33591664e+01 3.91570615e+02 3.87690232e+02 -6.39084315e+01 1.03678626e+02 5.67528041e+02 7.56993684e+01 6.39485239e+01 1.46386985e+00 1.43746514e+00 1.01836894e+00
3.94265747e-01 9.95010000e+04 1.02939155e+03 7.89645477e+02 2.68658288e+02 4.66630995e+01 3.85935159e+02 3.82054776e+02 -7.11585000e+01 1.04325611e+02 5.59887416e+02 6.48788669e+01 6.13974135e+01 1.46546373e+00 1.43765030e+00 1.01934645e+00
3.97394828e-01 9.92830000e+04 1.02208474e+03 7.82338662e+02 2.65649109e+02 3.21673047e+01 3.80120977e+02 3.76240593e+02 -7.11346745e+01 1.04763932e+02 5.52460820e+02 6.54413222e+01 5.62840432e+01 1.46837112e+00 1.44199771e+00 1.01828949e+00
4.00524555e-01 1.02537000e+05 1.00464449e+03 7.64898418e+02 2.63075225e+02 5.69885012e+01 3.71893763e+02 3.68013379e+02 -7.14480137e+01 1.09060236e+02 5.41204863e+02 6.29525818e+01 6.88656699e+01 1.47061192e+00 1.44168400e+00 1.02006537e+00
4.03668203e-01 1.03477000e+05 9.90003170e+02 7.50257095e+02 2.43276996e+02 5.20648291e+01 3.65462863e+02 3.61582479e+02 -7.75068226e+01 1.10433372e+02 5.31794455e+02 5.20297874e+01 6.77557310e+01 1.47074177e+00 1.44046054e+00 1.02102191e+00
4.06811474e-01 1.05751000e+05 9.82885308e+02 7.43139233e+02 2.45637602e+02 5.94234154e+01 3.60845228e+02 3.56964844e+02 -7.95536018e+01 1.09103825e+02 5.26121882e+02 5.06146459e+01 6.89353387e+01 1.47387590e+00 1.44285395e+00 1.02150041e+00
4.09957650e-01 1.06869000e+05 9.70968508e+02 7.31222433e+02 2.36168557e+02 5.86928651e+01 3.52760275e+02 3.48879891e+02 -8.14263180e+01 1.07881494e+02 5.16639338e+02 4.37823351e+01 6.89916312e+01 1.48085158e+00 1.44772737e+00 1.02288014e+00
4.13097632e-01 1.08697000e+05 9.64056254e+02 7.24310179e+02 2.30414437e+02 4.34141121e+01 3.47744597e+02 3.43864213e+02 -8.32715605e+01 1.02675408e+02 5.10112215e+02 4.20392438e+01 5.86227576e+01 1.48346992e+00 1.45133879e+00 1.02213895e+00
4.16244854e-01 1.10577000e+05 9.50777256e+02 7.11031181e+02 2.22237866e+02 5.25155397e+01 3.42379755e+02 3.38499371e+02 -8.72155487e+01 1.11504687e+02 5.01802339e+02 3.60862784e+01 6.85159707e+01 1.48243211e+00 1.44932369e+00 1.02284405e+00
4.19397965e-01 1.12555000e+05 9.41138666e+02 7.01392591e+02 2.21094463e+02 5.70948416e+01 3.36205218e+02 3.32324835e+02 -8.75499533e+01 1.10086186e+02 4.94131159e+02 3.41795283e+01 6.94857145e+01 1.48689206e+00 1.45277778e+00 1.02348211e+00
4.22531732e-01 1.12593000e+05 9.36975779e+02 6.97229703e+02 2.19157231e+02 6.48310094e+01 3.32178073e+02 3.28297689e+02 -8.73350968e+01 1.11659880e+02 4.89882461e+02 3.28627450e+01 7.23696333e+01 1.49218979e+00 1.45731699e+00 1.02392946e+00
4.25664143e-01 1.15573000e+05 9.25351578e+02 6.85605503e+02 1.99191964e+02 3.14766061e+01 3.25304170e+02 3.21423786e+02 -9.15524312e+01 1.02227167e+02 4.80759263e+02 2.29688981e+01 5.62746692e+01 1.49571775e+00 1.46048850e+00 1.02412155e+00
4.28809913e-01 1.17283000e+05 9.13068884e+02 6.73322809e+02 1.96163894e+02 4.00477832e+01 3.19639082e+02 3.15758698e+02 -9.34507005e+01 1.08846911e+02 4.72577730e+02 2.07752981e+01 6.33471417e+01 1.49664200e+00 1.46027282e+00 1.02490574e+00
4.31952924e-01 1.18581000e+05 9.09898065e+02 6.70151990e+02 2.02139157e+02 4.28491926e+01 3.15008281e+02 3.11127897e+02 -9.23292343e+01 1.06550839e+02 4.67736841e+02 2.32040604e+01 6.23495653e+01 1.50335873e+00 1.46763202e+00 1.02434310e+00
4.35091937e-01 1.20625000e+05 8.97191085e+02 6.57445009e+02 1.89510999e+02 3.41173598e+01 3.11009731e+02 3.07129347e+02 -9.63121221e+01 1.04183991e+02 4.61283628e+02 1.43947840e+01 5.76547070e+01 1.50191973e+00 1.46308332e+00 1.02654423e+00
4.38232055e-01 1.21935000e+05 8.86441205e+02 6.46695130e+02 1.93167951e+02 4.76504883e+01 3.04367688e+02 3.00487304e+02 -9.63841160e+01 1.06791954e+02 4.52630034e+02 1.45781253e+01 6.44514682e+01 1.50631999e+00 1.46702235e+00 1.02678735e+00
4.41375194e-01 1.24441000e+05 8.80568684e+02 6.40822608e+02 1.79703943e+02 3.83620775e+01 3.01008031e+02 2.97127647e+02 -9.89844723e+01 1.06256479e+02 4.48327546e+02 9.07727321e+00 6.12230794e+01 1.50887186e+00 1.46857923e+00 1.02743647e+00
4.44516638e-01 1.25517000e+05 8.65773982e+02 6.26027906e+02 1.84818620e+02 5.43647838e+01 2.94587978e+02 2.90707594e+02 -9.69899807e+01 1.08950905e+02 4.38623643e+02 1.17218374e+01 6.70257626e+01 1.50881385e+00 1.46746806e+00 1.02817491e+00
4.47654212e-01 1.27357000e+05 8.62770153e+02 6.23024078e+02 1.74360147e+02 4.23162874e+01 2.91362100e+02 2.87481717e+02 -1.01182668e+02 1.05754360e+02 4.34815610e+02 4.76225768e+00 6.08201662e+01 1.51249831e+00 1.47213386e+00 1.02741901e+00
4.50797826e-01 1.29895000e+05 8.49316827e+02 6.09570751e+02 1.66948394e+02 3.80299844e+01 2.85826715e+02 2.81946331e+02 -1.03204777e+02 1.06982409e+02 4.26619078e+02 3.99871776e-01 6.14314947e+01 1.51312158e+00 1.47037746e+00 1.02907017e+00
4.53941666e-01 1.30701000e+05 8.43113322e+02 6.03367247e+02 1.59434100e+02 3.50608274e+01 2.81800857e+02 2.77920474e+02 -1.06310427e+02 1.05779957e+02 4.21977185e+02 -5.43636239e+00 5.91721922e+01 1.51833789e+00 1.47343369e+00 1.03047589e+00
4.57087205e-01 1.33921000e+05 8.35307580e+02 5.95561504e+02 1.61547334e+02 3.20092474e+01 2.77699706e+02 2.73819322e+02 -1.04326925e+02 1.02895560e+02 4.16087896e+02 -3.62955955e+00 5.66469740e+01 1.51957098e+00 1.47479367e+00 1.03036175e+00
4.60231541e-01 1.34187000e+05 8.28073765e+02 5.88327690e+02 1.53685605e+02 4.82323189e+01 2.72320918e+02 2.68440534e+02 -1.03888733e+02 1.08434748e+02 4.09858171e+02 -5.86154688e+00 6.62623203e+01 1.52681178e+00 1.48042223e+00 1.03133535e+00
4.63371721e-01 1.37125000e+05 8.19094690e+02 5.79348615e+02 1.51258797e+02 3.57526927e+01 2.69116561e+02 2.65236178e+02 -1.06081505e+02 1.06665278e+02 4.04646810e+02 -8.92617118e+00 6.08088021e+01 1.52560941e+00 1.47792912e+00 1.03226156e+00
4.66516210e-01 1.38457000e+05 8.13496068e+02 5.73749992e+02 1.51527634e+02 3.62674850e+01 2.64762350e+02 2.60881966e+02 -1.06443390e+02 1.08336824e+02 3.99486792e+02 -9.49384927e+00 6.33212791e+01 1.53129324e+00 1.48299374e+00 1.03256892e+00
4.69663289e-01 1.40937000e+05 8.05543652e+02 5.65797577e+02 1.45498291e+02 4.79808095e+01 2.60714700e+02 2.56834316e+02 -1.06923578e+02 1.09007092e+02 3.93669747e+02 -1.23427207e+01 6.69557172e+01 1.53277706e+00 1.48423961e+00 1.03270190e+00
4.72798741e-01 1.41367000e+05 7.98083821e+02 5.58337745e+02 1.45800853e+02 4.71559060e+01 2.57940254e+02 2.54059871e+02 -1.10101648e+02 1.11239153e+02 3.88871993e+02 -1.47264921e+01 6.68901640e+01 1.53063131e+00 1.48245138e+00 1.03250018e+00
4.75933001e-01 1.44381000e+05 7.93938721e+02 5.54192646e+02 1.50365550e+02 4.84285640e+01 2.53225376e+02 2.49344992e+02 -1.04504513e+02 1.05925431e+02 3.84483555e+02 -1.01833827e+01 6.46000245e+01 1.54197424e+00 1.49083663e+00 1.03430128e+00
4.79070663e-01 1.45549000e+05 7.86029017e+02 5.46282941e+02 1.32889894e+02 5.14725090e+01 2.50452589e+02 2.46572205e+02 -1.09620790e+02 1.08469271e+02 3.79850142e+02 -1.96558022e+01 6.77196058e+01 1.54052295e+00 1.48845860e+00 1.03497870e+00
4.82217547e-01 1.49139000e+05 7.77689043e+02 5.37942968e+02 1.30835603e+02 3.80503030e+01 2.45741337e+02 2.41860954e+02 -1.09014975e+02 1.05595388e+02 3.73398621e+02 -2.01659186e+01 6.18412162e+01 1.54385656e+00 1.49136943e+00 1.03519392e+00
4.85367782e-01 1.49641000e+05 7.67842362e+02 5.28096286e+02 1.20640880e+02 4.11976968e+01 2.42084067e+02 2.38203683e+02 -1.10792703e+02 1.04830115e+02 3.67893858e+02 -2.54461286e+01 6.15386493e+01 1.54445075e+00 1.48895756e+00 1.03726983e+00
4.88504038e-01 1.51825000e+05 7.61541284e+02 5.21795209e+02 1.11080662e+02 4.41021257e+01 2.37909250e+02 2.34028867e+02 -1.13062270e+02 1.08773323e+02 3.62416627e+02 -3.06344039e+01 6.68777781e+01 1.54859797e+00 1.49319088e+00 1.03710650e+00
4.91641166e-01 1.53453000e+05 7.58258257e+02 5.18512181e+02 1.26503298e+02 5.14153481e+01 2.35035442e+02 2.31155058e+02 -1.09965629e+02 1.07982880e+02 3.59066459e+02 -2.29359600e+01 6.67515532e+01 1.55335757e+00 1.49771018e+00 1.03715498e+00
4.94778485e-01 1.55887000e+05 7.48030804e+02 5.08284729e+02 1.22314417e+02 4.86810472e+01 2.30462288e+02 2.26581904e+02 -1.10308266e+02 1.07284627e+02 3.52478255e+02 -2.61665010e+01 6.65180173e+01 1.55563286e+00 1.49775549e+00 1.03864274e+00
4.97922815e-01 1.58121000e+05 7.43720322e+02 5.03974247e+02 1.08965272e+02 3.83419947e+01 2.29042100e+02 2.25161716e+02 -1.12852634e+02 1.04453180e+02 3.50354396e+02 -3.27198341e+01 6.14619400e+01 1.55601228e+00 1.49608717e+00 1.04005456e+00
5.01068105e-01 1.59841000e+05 7.35493362e+02 4.95747287e+02 1.13309437e+02 2.99707016e+01 2.24565070e+02 2.20684687e+02 -1.11732787e+02 1.03730427e+02 3.44132582e+02 -3.06744180e+01 5.83919292e+01 1.55938587e+00 1.49880134e+00 1.04042199e+00
5.04202413e-01 1.61175000e+05 7.29246842e+02 4.89500767e+02 1.07941349e+02 3.56454607e+01 2.21465507e+02 2.17585123e+02 -1.14200516e+02 1.06379380e+02 3.39471915e+02 -3.39994820e+01 6.24941977e+01 1.56017981e+00 1.49989925e+00 1.04018974e+00
5.07347075e-01 1.64677000e+05 7.24171986e+02 4.84425910e+02 9.71248568e+01 4.60835551e+01 2.19198970e+02 2.15318586e+02 -1.15804427e+02 1.06793774e+02 3.36214694e+02 -3.87480362e+01 6.48926199e+01 1.56147549e+00 1.49993667e+00 1.04102761e+00
5.10496278e-01 1.66057000e+05 7.20100546e+02 4.80354471e+02 1.01034667e+02 4.62357880e+01 2.16856150e+02 2.12975767e+02 -1.15630612e+02 1.07196275e+02 3.33273432e+02 -3.89380749e+01 6.61829344e+01 1.56484204e+00 1.50181288e+00 1.04196872e+00
5.13636990e-01 1.67703000e+05 7.16815259e+02 4.77069183e+02 1.01477540e+02 4.66711281e+01 2.13631789e+02 2.09751405e+02 -1.13331445e+02 1.07522796e+02 3.29621712e+02 -3.61862174e+01 6.59075813e+01 1.57148750e+00 1.50812814e+00 1.04201193e+00
5.16779591e-01 1.70269000e+05 7.07843972e+02 4.68097896e+02 9.78582330e+01 3.91290806e+01 2.10296610e+02 2.06416226e+02 -1.13828523e+02 1.04425083e+02 3.24367591e+02 -3.91663571e+01 6.18190234e+01 1.57142487e+00 1.50590102e+00 1.04351139e+00
5.19923779e-01 1.72257000e+05 7.01299833e+02 4.61553757e+02 8.62306135e+01 4.18581255e+01 2.07400418e+02 2.03520034e+02 -1.16536298e+02 1.06201837e+02 3.20311890e+02 -4.51755323e+01 6.45778230e+01 1.57385926e+00 1.50593963e+00 1.04510116e+00
5.23063487e-01 1.73653000e+05 6.96900363e+02 4.57154288e+02 9.03874935e+01 2.69960144e+01 2.04197389e+02 2.00317006e+02 -1.13111957e+02 1.03130436e+02 3.16266139e+02 -4.09825403e+01 5.71437200e+01 1.57882821e+00 1.51068003e+00 1.04511092e+00
5.26201718e-01 1.76619000e+05 6.92607896e+02 4.52861821e+02 9.37523114e+01 3.88212650e+01 2.01894207e+02 1.98013823e+02 -1.14068061e+02 1.05527889e+02 3.12775157e+02 -4.16316947e+01 6.27648470e+01 1.57956224e+00 1.51229007e+00 1.04448364e+00
5.29340352e-01 1.77565000e+05 6.86799358e+02 4.47053282e+02 8.46281524e+01 4.25338871e+01 1.99720476e+02 1.95840092e+02 -1.16367801e+02 1.04507471e+02 3.09718411e+02 -4.70525147e+01 6.33811616e+01 1.58148624e+00 1.51087607e+00 1.04673459e+00
5.32482167e-01 1.81285000e+05 6.81781454e+02 4.42035378e+02 8.29732045e+01 3.66718053e+01 1.96306036e+02 1.92425653e+02 -1.15221612e+02 1.04398983e+02 3.05089580e+02 -4.66657034e+01 6.13904881e+01 1.58549328e+00 1.51564339e+00 1.04608597e+00
5.35628389e-01 1.82547000e+05 6.77774391e+02 4.38028316e+02 8.32678254e+01 4.79382575e+01 1.93938033e+02 1.90057649e+02 -1.14989236e+02 1.06239095e+02 3.02066401e+02 -4.67103883e+01 6.61463686e+01 1.58934093e+00 1.51812809e+00 1.04690832e+00
5.38772024e-01 1.84993000e+05 6.73111366e+02 4.33365291e+02 7.78302958e+01 3.37174595e+01 1.91828089e+02 1.87947706e+02 -1.15605324e+02 1.02662758e+02 2.98902471e+02 -4.95816943e+01 5.96853498e+01 1.59034914e+00 1.51847815e+00 1.04733093e+00
5.41912410e-01 1.86777000e+05 6.67655728e+02 4.27909653e+02 7.20572923e+01 4.17678073e+01 1.88971075e+02 1.85090692e+02 -1.15597354e+02 1.04823745e+02 2.95168760e+02 -5.16138779e+01 6.40289691e+01 1.59472504e+00 1.52049064e+00 1.04882266e+00
5.45054012e-01 1.89073000e+05 6.60724336e+02 4.20978260e+02 7.40030165e+01 3.72256695e+01 1.85940016e+02 1.82059632e+02 -1.14228510e+02 1.02266740e+02 2.90706114e+02 -5.00539549e+01 6.03417192e+01 1.59676317e+00 1.52062807e+00 1.05006819e+00
5.48194833e-01 1.91491000e+05 6.55877697e+02 4.16131621e+02 6.62989055e+01 3.86026435e+01 1.84332718e+02 1.80452334e+02 -1.16894078e+02 1.03765690e+02 2.87989766e+02 -5.50236553e+01 6.29657898e+01 1.59593262e+00 1.51856752e+00 1.05094610e+00
5.51340566e-01 1.93845000e+05 6.50444791e+02 4.10698715e+02 6.89811585e+01 3.94511123e+01 1.80903893e+02 1.77023509e+02 -1.13882475e+02 1.03625064e+02 2.83489941e+02 -5.20237590e+01 6.31686952e+01 1.60142538e+00 1.52316236e+00 1.05138193e+00
5.54481524e-01 1.95181000e+05 6.45642841e+02 4.05896766e+02 6.44490443e+01 2.87220487e+01 1.79115327e+02 1.75234943e+02 -1.15204988e+02 1.01496679e+02 2.80591806e+02 -5.46379154e+01 5.81377095e+01 1.60123204e+00 1.52193968e+00 1.05209955e+00
5.57612714e-01 1.97319000e+05 6.42620441e+02 4.02874365e+02 6.37776555e+01 3.26552386e+01 1.76865324e+02 1.72984940e+02 -1.15091632e+02 1.02047015e+02 2.78249636e+02 -5.60284330e+01 6.05850763e+01 1.60851942e+00 1.52609184e+00 1.05401221e+00
5.60751064e-01 2.00233000e+05 6.38670924e+02 3.98924849e+02 5.73916553e+01 3.67565304e+01 1.75065642e+02 1.71185258e+02 -1.16752774e+02 1.02560743e+02 2.75386982e+02 -5.90998891e+01 6.16051132e+01 1.60870734e+00 1.52655467e+00 1.05381574e+00
5.63896287e-01 2.03037000e+05 6.32588649e+02 3.92842573e+02 6.27500311e+01 3.82644617e+01 1.72742372e+02 1.68861988e+02 -1.15661202e+02 1.04338224e+02 2.71516769e+02 -5.63821945e+01 6.34132850e+01 1.60792119e+00 1.52525805e+00 1.05419617e+00
5.67044776e-01 2.04871000e+05 6.27863214e+02 3.88117138e+02 5.58626393e+01 4.13800831e+01 1.70915034e+02 1.67034651e+02 -1.16657023e+02 1.03711192e+02 2.68733551e+02 -6.03134464e+01 6.39479506e+01 1.60884912e+00 1.52432693e+00 1.05544886e+00
5.70182025e-01 2.06221000e+05 6.24761533e+02 3.85015457e+02 5.77859140e+01 3.38538322e+01 1.68629122e+02 1.64748739e+02 -1.13580988e+02 1.00489850e+02 2.66062756e+02 -5.67342776e+01 5.91139145e+01 1.61496080e+00 1.52872030e+00 1.05641352e+00
5.73319590e-01 2.09529000e+05 6.22940484e+02 3.83194408e+02 5.69393498e+01 3.47187383e+01 1.66483687e+02 1.62603304e+02 -1.14829974e+02 1.00653003e+02 2.63514046e+02 -5.94900267e+01 5.99818291e+01 1.62059466e+00 1.53512908e+00 1.05567322e+00
5.76471206e-01 2.12545000e+05 6.17139836e+02 3.77393760e+02 4.97097802e+01 3.53520991e+01 1.64696826e+02 1.60816443e+02 -1.15597151e+02 1.01720080e+02 2.60370302e+02 -6.16837023e+01 6.10546337e+01 1.61905274e+00 1.53190605e+00 1.05688775e+00
5.79614453e-01 2.13207000e+05 6.11517704e+02 3.71771629e+02 4.76869120e+01 3.32771393e+01 1.62024502e+02 1.58144119e+02 -1.14466835e+02 1.00193921e+02 2.56870565e+02 -6.20929557e+01 5.98357373e+01 1.62428149e+00 1.53324515e+00 1.05937494e+00
5.82754361e-01 2.16577000e+05 6.08435145e+02 3.68689070e+02 4.82304270e+01 3.06036133e+01 1.60033152e+02 1.56152768e+02 -1.13032098e+02 9.87013481e+01 2.54084217e+02 -6.08215729e+01 5.76761161e+01 1.62715154e+00 1.53658039e+00 1.05894332e+00
5.85896538e-01 2.18193000e+05 6.00159107e+02 3.60413031e+02 4.54444545e+01 3.01793703e+01 1.57440839e+02 1.53560455e+02 -1.12726660e+02 9.81800743e+01 2.49670797e+02 -6.19847785e+01 5.71471260e+01 1.62587951e+00 1.53200629e+00 1.06127470e+00
5.89043718e-01 2.22151000e+05 5.97894873e+02 3.58148798e+02 5.01671875e+01 3.07210163e+01 1.56100024e+02 1.52219641e+02 -1.12975758e+02 9.88413594e+01 2.47744769e+02 -6.12801745e+01 5.80400990e+01 1.62754798e+00 1.53389772e+00 1.06105378e+00
5.92183827e-01 2.21641000e+05 5.96014137e+02 3.56268061e+02 3.98673642e+01 3.22857463e+01 1.54454967e+02 1.50574583e+02 -1.14012225e+02 9.96567310e+01 2.45816691e+02 -6.51824744e+01 5.94550152e+01 1.63252447e+00 1.53819930e+00 1.06132181e+00
5.95317321e-01 2.26173000e+05 5.90392613e+02 3.50646538e+02 4.07151396e+01 3.34293002e+01 1.52873615e+02 1.48993232e+02 -1.13944862e+02 9.95755566e+01 2.42810963e+02 -6.53489818e+01 5.94456204e+01 1.62967780e+00 1.53409236e+00 1.06230749e+00
5.98456104e-01 2.26981000e+05 5.90047795e+02 3.50301719e+02 4.13426974e+01 3.11401841e+01 1.51489439e+02 1.47609055e+02 -1.13879072e+02 1.00107618e+02 2.41527116e+02 -6.60515545e+01 6.03422154e+01 1.63626219e+00 1.54051040e+00 1.06215589e+00
6.01600789e-01 2.31903000e+05 5.84955282e+02 3.45209207e+02 3.71993238e+01 4.05836741e+01 1.49068014e+02 1.45187630e+02 -1.12815721e+02 9.91275055e+01 2.38076192e+02 -6.63920567e+01 6.13929576e+01 1.63978289e+00 1.54197161e+00 1.06343261e+00
6.04743422e-01 2.31493000e+05 5.82665389e+02 3.42919314e+02 4.14777541e+01 3.89909706e+01 1.47941879e+02 1.44061496e+02 -1.12682024e+02 9.88710308e+01 2.36562013e+02 -6.58215785e+01 6.10747927e+01 1.64209050e+00 1.54284399e+00 1.06432699e+00
6.07881951e-01 2.36041000e+05 5.77033033e+02 3.37286958e+02 3.59899678e+01 2.94423928e+01 1.45695404e+02 1.41815020e+02 -1.11765513e+02 9.69221904e+01 2.33121503e+02 -6.62082662e+01 5.68876389e+01 1.64384211e+00 1.54219275e+00 1.06591223e+00
6.11024878e-01 2.37231000e+05 5.73030204e+02 3.33284128e+02 3.11017425e+01 2.94092621e+01 1.44162648e+02 1.40282264e+02 -1.12926339e+02 9.85188384e+01 2.30397646e+02 -6.84421523e+01 5.83524466e+01 1.64238614e+00 1.54136656e+00 1.06553897e+00
6.14170308e-01 2.40925000e+05 5.71113499e+02 3.31367424e+02 3.11566230e+01 3.45254974e+01 1.42911399e+02 1.39031015e+02 -1.12689612e+02 9.91141962e+01 2.28976013e+02 -6.92757746e+01 6.07829753e+01 1.64694196e+00 1.54382851e+00 1.06679074e+00
6.17316493e-01 2.42769000e+05 5.67042080e+02 3.27296004e+02 3.13974312e+01 3.25439282e+01 1.41276506e+02 1.37396122e+02 -1.13015810e+02 9.73280633e+01 2.26554166e+02 -7.03069634e+01 5.91817109e+01 1.64891238e+00 1.54341641e+00 1.06835224e+00
6.20451124e-01 2.43757000e+05 5.62859704e+02 3.23113629e+02 2.74616967e+01 4.13017392e+01 1.39549158e+02 1.35668774e+02 -1.11731969e+02 9.89571830e+01 2.24007296e+02 -7.01276806e+01 6.24965171e+01 1.65113378e+00 1.54325498e+00 1.06990342e+00
6.23587420e-01 2.47983000e+05 5.59576968e+02 3.19830892e+02 2.87619351e+01 3.24820918e+01 1.37507501e+02 1.33627117e+02 -1.11250331e+02 9.69514859e+01 2.21109822e+02 -7.04724778e+01 5.92523169e+01 1.65467778e+00 1.54708047e+00 1.06954862e+00
6.26732730e-01 2.50273000e+05 5.56143612e+02 3.16397536e+02 3.27480732e+01 4.49922088e+01 1.35713917e+02 1.31833534e+02 -1.09545270e+02 9.68798121e+01 2.18685780e+02 -6.79437026e+01 6.18423233e+01 1.65880239e+00 1.54918613e+00 1.07075732e+00
6.29874976e-01 2.52373000e+05 5.53477398e+02 3.13731323e+02 2.36800197e+01 2.88602896e+01 1.34636766e+02 1.30756382e+02 -1.10960485e+02 9.56332718e+01 2.17149179e+02 -7.19978978e+01 5.72089422e+01 1.66071572e+00 1.54898600e+00 1.07213088e+00
6.33016072e-01 2.55447000e+05 5.48218615e+02 3.08472540e+02 2.55872066e+01 3.29079564e+01 1.33009964e+02 1.29129580e+02 -1.10574444e+02 9.68449589e+01 2.14054608e+02 -7.08313376e+01 5.90407974e+01 1.65767292e+00 1.54559387e+00 1.07251520e+00
6.36158144e-01 2.57089000e+05 5.47415692e+02 3.07669617e+02 2.44123776e+01 3.02296732e+01 1.31702024e+02 1.27821640e+02 -1.09847589e+02 9.56085410e+01 2.12935030e+02 -7.16365843e+01 5.82946047e+01 1.66587622e+00 1.55145832e+00 1.07374861e+00
6.39302078e-01 2.61237000e+05 5.44535398e+02 3.04789323e+02 1.87001849e+01 3.65172961e+01 1.30399790e+02 1.26519406e+02 -1.10100751e+02 9.61127255e+01 2.10867096e+02 -7.29305751e+01 6.01433012e+01 1.66667789e+00 1.55210573e+00 1.07381724e+00
6.42443294e-01 2.61667000e+05 5.40418258e+02 3.00672183e+02 2.13304652e+01 3.94430135e+01 1.28493201e+02 1.24612818e+02 -1.08130918e+02 9.50867534e+01 2.08063353e+02 -7.12856318e+01 6.01993647e+01 1.66967859e+00 1.55333550e+00 1.07489888e+00
6.45587710e-01 2.66889000e+05 5.38515429e+02 2.98769354e+02 1.81865613e+01 3.05848339e+01 1.27384612e+02 1.23504229e+02 -1.08124961e+02 9.33953318e+01 2.06750981e+02 -7.27420748e+01 5.67191977e+01 1.67403969e+00 1.55534633e+00 1.07631314e+00
6.48732863e-01 2.67049000e+05 5.36151567e+02 2.96405492e+02 1.80046544e+01 3.36579078e+01 1.26635417e+02 1.22755033e+02 -1.09084549e+02 9.47834848e+01 2.05350273e+02 -7.34453968e+01 5.82607234e+01 1.67284605e+00 1.55390144e+00 1.07654579e+00
6.51870914e-01 2.70577000e+05 5.34066215e+02 2.94320140e+02 1.75698504e+01 3.63521333e+01 1.25111664e+02 1.21231281e+02 -1.08382106e+02 9.54530477e+01 2.03391021e+02 -7.39925834e+01 6.02838838e+01 1.67771074e+00 1.55812625e+00 1.07674891e+00
6.55008661e-01 2.72643000e+05 5.28887410e+02 2.89141335e+02 1.50415997e+01 3.45134021e+01 1.23952114e+02 1.20071730e+02 -1.08512127e+02 9.55281933e+01 2.00929674e+02 -7.45422546e+01 5.96931121e+01 1.67341367e+00 1.55179628e+00 1.07837200e+00
6.58150724e-01 2.76205000e+05 5.27102969e+02 2.87356893e+02 1.85663722e+01 3.75639596e+01 1.22026957e+02 1.18146573e+02 -1.06521638e+02 9.35041741e+01 1.98796051e+02 -7.25414312e+01 5.88936610e+01 1.68262224e+00 1.55955339e+00 1.07891288e+00
6.61293380e-01 2.78169000e+05 5.23079434e+02 2.83333359e+02 1.18764939e+01 3.34760749e+01 1.20613821e+02 1.16733437e+02 -1.07154300e+02 9.34338626e+01 1.96638470e+02 -7.52964966e+01 5.86038360e+01 1.68450852e+00 1.55794176e+00 1.08123973e+00
6.64432746e-01 2.80819000e+05 5.21453324e+02 2.81707249e+02 1.17738154e+01 3.95337536e+01 1.20123788e+02 1.16243405e+02 -1.07473431e+02 9.42428135e+01 1.95621004e+02 -7.54153458e+01 6.06060581e+01 1.68285680e+00 1.55673557e+00 1.08101647e+00
6.67572402e-01 2.83629000e+05 5.19007456e+02 2.79261381e+02 1.10357696e+01 3.28152829e+01 1.18433871e+02 1.14553487e+02 -1.06284785e+02 9.27668676e+01 1.93515681e+02 -7.56232210e+01 5.79146773e+01 1.68930415e+00 1.56135365e+00 1.08194844e+00
6.70720258e-01 2.87737000e+05 5.15985533e+02 2.76239457e+02 8.84977348e+00 2.97804054e+01 1.17651309e+02 1.13770926e+02 -1.06697842e+02 9.37982596e+01 1.92047094e+02 -7.60362574e+01 5.88858508e+01 1.68801557e+00 1.55821439e+00 1.08330123e+00
6.73865434e-01 2.88229000e+05 5.12526491e+02 2.72780416e+02 9.26023429e+00 3.05860467e+01 1.15672342e+02 1.11791958e+02 -1.05192856e+02 9.16279493e+01 1.89289058e+02 -7.50617366e+01 5.67491843e+01 1.69322607e+00 1.56207295e+00 1.08396094e+00
6.77000795e-01 2.91519000e+05 5.10849932e+02 2.71103857e+02 1.05480978e+01 3.56664803e+01 1.14983848e+02 1.11103464e+02 -1.05194449e+02 9.28743892e+01 1.88352144e+02 -7.54333311e+01 5.94054736e+01 1.69528597e+00 1.56208279e+00 1.08527280e+00
6.80141305e-01 2.94697000e+05 5.08493812e+02 2.68747737e+02 8.30016009e+00 3.73507625e+01 1.13921675e+02 1.10041292e+02 -1.04990643e+02 9.24685542e+01 1.86717874e+02 -7.62121859e+01 5.96890450e+01 1.69679828e+00 1.56276821e+00 1.08576452e+00
6.83282843e-01 2.96817000e+05 5.07231579e+02 2.67485504e+02 8.11395701e+00 3.09030261e+01 1.12584906e+02 1.08704522e+02 -1.04441661e+02 9.12917770e+01 1.85080706e+02 -7.66107921e+01 5.78215576e+01 1.70260356e+00 1.56865096e+00 1.08539350e+00
6.86425749e-01 3.00739000e+05 5.02112672e+02 2.62366597e+02 6.61394796e+00 3.05202583e+01 1.11410074e+02 1.07529691e+02 -1.04356231e+02 9.13048881e+01 1.82633134e+02 -7.66757096e+01 5.73778644e+01 1.69844378e+00 1.56203253e+00 1.08732933e+00
6.89567686e-01 3.01921000e+05 4.99256157e+02 2.59510081e+02 3.77846059e+00 4.00329571e+01 1.10390154e+02 1.06509771e+02 -1.04372570e+02 9.26556466e+01 1.81251438e+02 -7.78992433e+01 6.09295827e+01 1.70173531e+00 1.56092628e+00 1.09020864e+00
6.92704784e-01 3.05457000e+05 4.98000866e+02 2.58254790e+02 4.67183182e+00 3.20899230e+01 1.09314017e+02 1.05433633e+02 -1.03407055e+02 9.14272821e+01 1.79776389e+02 -7.66853061e+01 5.82418922e+01 1.70511423e+00 1.56507303e+00 1.08947902e+00
6.95849321e-01 3.08839000e+05 4.94639014e+02 2.54892939e+02 4.65113181e+00 3.12046320e+01 1.07997995e+02 1.04117611e+02 -1.02880141e+02 9.01478012e+01 1.77672180e+02 -7.68356264e+01 5.69632781e+01 1.70645655e+00 1.56464856e+00 1.09063249e+00
6.98992226e-01 3.10641000e+05 4.91804653e+02 2.52058578e+02 4.16458559e+00 3.74887155e+01 1.07036214e+02 1.03155830e+02 -1.03177097e+02 9.17779710e+01 1.75999952e+02 -7.75476133e+01 6.01108195e+01 1.70615613e+00 1.56316151e+00 1.09147783e+00
7.02133942e-01 3.14485000e+05 4.90356554e+02 2.50610479e+02 2.71165707e+00 3.38767545e+01 1.06219468e+02 1.02339084e+02 -1.02546432e+02 9.04867546e+01 1.74856470e+02 -7.72321136e+01 5.78661670e+01 1.70859913e+00 1.56487211e+00 1.09184585e+00
7.05277390e-01 3.16113000e+05 4.86688719e+02 2.46942644e+02 6.70730807e-01 3.46041905e+01 1.04727162e+02 1.00846778e+02 -1.01358122e+02 8.96375209e+01 1.72692030e+02 -7.74677527e+01 5.81970080e+01 1.71241990e+00 1.56482953e+00 1.09431722e+00
7.08418917e-01 3.20275000e+05 4.84420128e+02 2.44674053e+02 4.30055326e-01 3.24564963e+01 1.04015118e+02 1.00134734e+02 -1.01956982e+02 8.99975406e+01 1.71265601e+02 -7.78757609e+01 5.73473932e+01 1.71035158e+00 1.56315334e+00 1.09416750e+00
7.11559089e-01 3.21109000e+05 4.83745567e+02 2.43999491e+02 -1.57296092e+00 3.26684242e+01 1.03133576e+02 9.92531923e+01 -1.01315000e+02 8.94204389e+01 1.70366905e+02 -7.81867677e+01 5.72794282e+01 1.71648792e+00 1.56791393e+00 1.09475902e+00
7.14698901e-01 3.26121000e+05 4.81406377e+02 2.41660301e+02 -2.75102092e+00 3.17568812e+01 1.01616977e+02 9.77365935e+01 -1.00035906e+02 8.78882681e+01 1.68429698e+02 -7.79029401e+01 5.62551058e+01 1.72330232e+00 1.57243991e+00 1.09594161e+00
7.17843461e-01 3.27727000e+05 4.78608199e+02 2.38862124e+02 -2.34710356e+00 3.59988803e+01 1.01000416e+02 9.71200320e+01 -1.00458198e+02 8.88444739e+01 1.67019041e+02 -7.81054469e+01 5.75763615e+01 1.71971773e+00 1.56826423e+00 1.09657397e+00
7.20988561e-01 3.31821000e+05 4.75807587e+02 2.36061512e+02 -4.27928679e+00 3.47014960e+01 9.99690389e+01 9.60886552e+01 -1.00018986e+02 8.87930183e+01 1.65550115e+02 -7.86874812e+01 5.79861771e+01 1.72288929e+00 1.56738806e+00 1.09921042e+00
7.24126834e-01 3.32497000e+05 4.73768891e+02 2.34022816e+02 -3.80779634e+00 3.90210775e+01 9.93628411e+01 9.54824574e+01 -1.00186331e+02 8.91363302e+01 1.64432646e+02 -7.90934793e+01 5.87075734e+01 1.72212415e+00 1.56555131e+00 1.10001131e+00
7.27266174e-01 3.37353000e+05 4.71966796e+02 2.32220720e+02 -4.19369049e+00 3.53866826e+01 9.80638043e+01 9.41834206e+01 -9.90244469e+01 8.78155023e+01 1.62665178e+02 -7.81516562e+01 5.71206067e+01 1.72711054e+00 1.57022994e+00 1.09990931e+00
7.30409660e-01 3.39559000e+05 4.70465484e+02 2.30719409e+02 -8.87833408e+00 3.09773067e+01 9.72383166e+01 9.33579329e+01 -9.88629403e+01 8.73327785e+01 1.61523386e+02 -7.92944649e+01 5.61680072e+01 1.73015169e+00 1.57205035e+00 1.10057015e+00
7.33555182e-01 3.43309000e+05 4.66141104e+02 2.26395029e+02 -6.42922820e+00 3.30605677e+01 9.60261907e+01 9.21458070e+01 -9.82903673e+01 8.74821538e+01 1.59356395e+02 -7.88756841e+01 5.70208462e+01 1.72939388e+00 1.56745707e+00 1.10331180e+00
7.36696454e-01 3.44757000e+05 4.65641947e+02 2.25895872e+02 -5.41896479e+00 3.06411676e+01 9.55206721e+01 9.16402884e+01 -9.80699824e+01 8.70705918e+01 1.58566396e+02 -7.84392614e+01 5.56643958e+01 1.73031315e+00 1.57004075e+00 1.10208168e+00
7.39834983e-01 3.48703000e+05 4.62960008e+02 2.23213932e+02 -5.83202488e+00 3.63914874e+01 9.46133386e+01 9.07329550e+01 -9.76205715e+01 8.74620670e+01 1.57139615e+02 -7.87898193e+01 5.83924271e+01 1.73189129e+00 1.56847688e+00 1.10418669e+00
7.42978072e-01 3.51261000e+05 4.62807684e+02 2.23061609e+02 -1.06598441e+01 3.37402479e+01 9.41824354e+01 9.03020517e+01 -9.82027547e+01 8.79684559e+01 1.56729527e+02 -8.01522295e+01 5.79553433e+01 1.73561424e+00 1.57167812e+00 1.10430642e+00
7.46116805e-01 3.54061000e+05 4.59581746e+02 2.19835671e+02 -7.91705180e+00 3.60430560e+01 9.29778771e+01 8.90974934e+01 -9.73325352e+01 8.75200442e+01 1.54664701e+02 -7.95023340e+01 5.85739632e+01 1.73590406e+00 1.57078353e+00 1.10511986e+00
7.49251235e-01 3.56115000e+05 4.57143190e+02 2.17397115e+02 -1.16086741e+01 3.61185611e+01 9.19804362e+01 8.81000526e+01 -9.64405042e+01 8.67974833e+01 1.53408718e+02 -7.97911036e+01 5.87546435e+01 1.74130109e+00 1.57086479e+00 1.10849839e+00
7.52392876e-01 3.61669000e+05 4.55056560e+02 2.15310485e+02 -1.02845340e+01 3.32174431e+01 9.12058522e+01 8.73254685e+01 -9.61102078e+01 8.56647330e+01 1.52073645e+02 -7.97826814e+01 5.71720264e+01 1.74145810e+00 1.57022587e+00 1.10904943e+00
7.55537996e-01 3.62893000e+05 4.53980924e+02 2.14234848e+02 -8.05579228e+00 3.25115922e+01 9.02561332e+01 8.63757495e+01 -9.51452833e+01 8.52808969e+01 1.50770862e+02 -7.86222804e+01 5.67033976e+01 1.74552305e+00 1.57488608e+00 1.10834877e+00
7.58680817e-01 3.67101000e+05 4.51438674e+02 2.11692599e+02 -1.12393897e+01 3.22125100e+01 8.96945904e+01 8.58142067e+01 -9.55803134e+01 8.54227014e+01 1.49582053e+02 -7.97298280e+01 5.62780652e+01 1.74309196e+00 1.57062766e+00 1.10980597e+00
7.61824285e-01 3.69439000e+05 4.49137302e+02 2.09391226e+02 -1.27924730e+01 3.35039116e+01 8.86705191e+01 8.47901354e+01 -9.48105454e+01 8.52724075e+01 1.47983928e+02 -7.94824083e+01 5.66995086e+01 1.74529652e+00 1.57147174e+00 1.11061273e+00
7.64969018e-01 3.73257000e+05 4.47185425e+02 2.07439350e+02 -8.27825565e+00 3.39102454e+01 8.76637191e+01 8.37833354e+01 -9.37042354e+01 8.42340980e+01 1.46737637e+02 -7.80418645e+01 5.60385550e+01 1.75139407e+00 1.57350000e+00 1.11305629e+00
7.68115088e-01 3.75949000e+05 4.45731423e+02 2.05985348e+02 -1.44208212e+01 3.46085473e+01 8.69238617e+01 8.30434781e+01 -9.36177878e+01 8.42339508e+01 1.45631714e+02 -7.94627089e+01 5.67135034e+01 1.75368033e+00 1.57494503e+00 1.11348669e+00
7.71255359e-01 3.78043000e+05 4.45079929e+02 2.05333854e+02 -1.26324884e+01 3.56570510e+01 8.62122740e+01 8.23318903e+01 -9.31996082e+01 8.37266745e+01 1.44785901e+02 -7.92165300e+01 5.64557542e+01 1.75856404e+00 1.57923309e+00 1.11355572e+00
7.74391982e-01 3.81117000e+05 4.42549909e+02 2.02803834e+02 -1.13773753e+01 3.34253766e+01 8.55298329e+01 8.16494492e+01 -9.28724006e+01 8.37356790e+01 1.43437253e+02 -7.88783724e+01 5.59692161e+01 1.75674489e+00 1.57601901e+00 1.11467240e+00
7.77536535e-01 3.86449000e+05 4.41797789e+02 2.02051713e+02 -1.35569542e+01 3.71484824e+01 8.50144168e+01 8.11340331e+01 -9.27889360e+01 8.35572672e+01 1.42781370e+02 -7.95564002e+01 5.69353796e+01 1.75982094e+00 1.57808262e+00 1.11516401e+00
7.80678662e-01 3.86397000e+05 4.38102730e+02 1.98356654e+02 -1.33672324e+01 3.39649386e+01 8.39959489e+01 8.01155653e+01 -9.21792948e+01 8.29489393e+01 1.40756718e+02 -7.87351382e+01 5.56369074e+01 1.75692098e+00 1.57349344e+00 1.11657344e+00
7.83814561e-01 3.91315000e+05 4.37505256e+02 1.97759180e+02 -1.36775853e+01 2.66363060e+01 8.34079451e+01 7.95275614e+01 -9.17564932e+01 8.24033385e+01 1.40168826e+02 -7.90602405e+01 5.43483073e+01 1.76251885e+00 1.57691939e+00 1.11769749e+00
7.86956849e-01 3.94305000e+05 4.34093815e+02 1.94347739e+02 -1.89239964e+01 3.17543655e+01 8.26338198e+01 7.87534361e+01 -9.14512664e+01 8.24653929e+01 1.38622517e+02 -7.99493071e+01 5.53883960e+01 1.76020912e+00 1.57092333e+00 1.12049333e+00
7.90101773e-01 3.98077000e+05 4.33075835e+02 1.93329760e+02 -1.45270292e+01 2.83922734e+01 8.17288442e+01 7.78484605e+01 -9.06444376e+01 8.12964312e+01 1.37495147e+02 -7.85209937e+01 5.39853633e+01 1.76618968e+00 1.57588435e+00 1.12076098e+00
7.93242697e-01 3.99919000e+05 4.32100319e+02 1.92354244e+02 -1.35307705e+01 3.41330966e+01 8.09183537e+01 7.70379700e+01 -8.98456057e+01 8.14697939e+01 1.36435167e+02 -7.80404503e+01 5.53931161e+01 1.77101197e+00 1.58015057e+00 1.12078684e+00
7.96380007e-01 4.03113000e+05 4.31073233e+02 1.91327157e+02 -1.73276537e+01 3.36831335e+01 8.05636141e+01 7.66832304e+01 -9.02892128e+01 8.15161542e+01 1.35984353e+02 -7.96859830e+01 5.55864393e+01 1.77332583e+00 1.57956721e+00 1.12266564e+00
7.99523218e-01 4.08229000e+05 4.28339112e+02 1.88593037e+02 -1.63720640e+01 3.15288259e+01 7.98843517e+01 7.60039680e+01 -9.01012955e+01 8.15018865e+01 1.34525909e+02 -7.94618314e+01 5.53632797e+01 1.76998534e+00 1.57523261e+00 1.12363427e+00
8.02671068e-01 4.10313000e+05 4.27886412e+02 1.88140337e+02 -1.66350223e+01 3.29081215e+01 7.95184573e+01 7.56380737e+01 -9.00203908e+01 8.16129361e+01 1.34080466e+02 -7.96096313e+01 5.55314789e+01 1.77265839e+00 1.57714175e+00 1.12396897e+00
8.05809930e-01 4.12687000e+05 4.26138082e+02 1.86392007e+02 -1.69871087e+01 3.26973310e+01 7.87641197e+01 7.48837360e+01 -8.92979614e+01 8.11362163e+01 1.32898714e+02 -7.88867506e+01 5.53492782e+01 1.77473402e+00 1.57768352e+00 1.12489862e+00
8.08948799e-01 4.16589000e+05 4.22487806e+02 1.82741730e+02 -1.58397462e+01 3.37551911e+01 7.78865685e+01 7.40061848e+01 -8.83704232e+01 8.03195895e+01 1.31351882e+02 -7.85807257e+01 5.51617088e+01 1.77487709e+00 1.57139316e+00 1.12949269e+00
8.12091618e-01 4.19941000e+05 4.22012976e+02 1.82266900e+02 -2.12596333e+01 3.08662023e+01 7.73574204e+01 7.34770367e+01 -8.84798166e+01 7.99166124e+01 1.30767935e+02 -7.99399966e+01 5.47162842e+01 1.77971161e+00 1.57499104e+00 1.12998205e+00
8.15232299e-01 4.22995000e+05 4.21232063e+02 1.81485987e+02 -1.90594945e+01 3.55351618e+01 7.66403798e+01 7.27599961e+01 -8.79141520e+01 8.00661830e+01 1.29662114e+02 -7.89726354e+01 5.54641264e+01 1.78205225e+00 1.57933847e+00 1.12835359e+00
8.18374493e-01 4.26441000e+05 4.19677264e+02 1.79931188e+02 -2.02012160e+01 3.54617222e+01 7.63999480e+01 7.25195643e+01 -8.84159561e+01 8.08737199e+01 1.28957072e+02 -7.99967884e+01 5.61210739e+01 1.77823837e+00 1.57516347e+00 1.12892307e+00
8.21515462e-01 4.29673000e+05 4.18054652e+02 1.78308577e+02 -1.75959099e+01 3.08591175e+01 7.55920129e+01 7.17116293e+01 -8.74143116e+01 7.99237900e+01 1.27747186e+02 -7.86919026e+01 5.44678598e+01 1.78140124e+00 1.57685341e+00 1.12971899e+00
8.24654588e-01 4.31967000e+05 4.16581360e+02 1.76835285e+02 -1.73318480e+01 3.42696848e+01 7.47150496e+01 7.08346659e+01 -8.65634654e+01 7.91121531e+01 1.26545090e+02 -7.82756890e+01 5.50012490e+01 1.78648531e+00 1.58001619e+00 1.13067531e+00
8.27796817e-01 4.37509000e+05 4.14467325e+02 1.74721250e+02 -1.75444866e+01 3.12690909e+01 7.41902041e+01 7.03098204e+01 -8.65065685e+01 7.89968205e+01 1.25772229e+02 -7.85509016e+01 5.45303433e+01 1.78882877e+00 1.57639435e+00 1.13475969e+00
8.30939786e-01 4.38705000e+05 4.13251241e+02 1.73505166e+02 -1.93459925e+01 3.46035655e+01 7.37466125e+01 6.98662288e+01 -8.62246583e+01 7.88933765e+01 1.24956859e+02 -7.89826285e+01 5.51313261e+01 1.78851587e+00 1.57587786e+00 1.13493305e+00
8.34084681e-01 4.44553000e+05 4.13645431e+02 1.73899355e+02 -2.35161810e+01 3.48203897e+01 7.32773471e+01 6.93969634e+01 -8.59511300e+01 7.85009152e+01 1.24625565e+02 -7.98659481e+01 5.49256342e+01 1.79583600e+00 1.58299212e+00 1.13445669e+00
8.37225076e-01 4.44391000e+05 4.10777457e+02 1.71031382e+02 -2.21345795e+01 3.16794614e+01 7.25400770e+01 6.86596933e+01 -8.55634347e+01 7.85819907e+01 1.23272512e+02 -7.93556159e+01 5.48798929e+01 1.79541309e+00 1.57829061e+00 1.13756812e+00
8.40361359e-01 4.49733000e+05 4.08932243e+02 1.69186167e+02 -2.19616600e+01 3.26451200e+01 7.17075481e+01 6.78271644e+01 -8.45580650e+01 7.73823043e+01 1.21950367e+02 -7.87487316e+01 5.42266078e+01 1.79795762e+00 1.57935804e+00 1.13841040e+00
8.43506946e-01 4.54129000e+05 4.07357512e+02 1.67611436e+02 -2.34868060e+01 3.31395956e+01 7.13680937e+01 6.74877100e+01 -8.48687090e+01 7.79582561e+01 1.21146101e+02 -7.93125539e+01 5.46332213e+01 1.79508390e+00 1.57593927e+00 1.13905652e+00
8.46654492e-01 4.56903000e+05 4.05631639e+02 1.65885564e+02 -2.08734025e+01 3.03873924e+01 7.06105776e+01 6.67301939e+01 -8.38673469e+01 7.68663300e+01 1.19961075e+02 -7.81281455e+01 5.32467141e+01 1.79770308e+00 1.57667835e+00 1.14018378e+00
8.49791074e-01 4.57537000e+05 4.05216413e+02 1.65470337e+02 -2.16539742e+01 3.39568467e+01 7.03541394e+01 6.64737557e+01 -8.41966678e+01 7.76506815e+01 1.19591420e+02 -7.87998622e+01 5.50425992e+01 1.79907723e+00 1.57773830e+00 1.14028875e+00
8.52931874e-01 4.65217000e+05 4.04118436e+02 1.64372361e+02 -2.27214993e+01 3.27128047e+01 6.97651698e+01 6.58847862e+01 -8.32806564e+01 7.62544375e+01 1.18856012e+02 -7.83237878e+01 5.37162721e+01 1.80399784e+00 1.57950799e+00 1.14212644e+00
8.56077217e-01 4.65525000e+05 4.01795524e+02 1.62049449e+02 -2.45898630e+01 3.53409690e+01 6.93669448e+01 6.54865611e+01 -8.35779888e+01 7.72544531e+01 1.17726616e+02 -7.90735038e+01 5.47460208e+01 1.79772176e+00 1.57306869e+00 1.14281199e+00
8.59219191e-01 4.71235000e+05 3.99822789e+02 1.60076714e+02 -2.36371175e+01 3.47807458e+01 6.85393278e+01 6.46589441e+01 -8.26947038e+01 7.65093909e+01 1.16660967e+02 -7.84967854e+01 5.48639314e+01 1.80425104e+00 1.57343851e+00 1.14669307e+00
8.62360632e-01 4.72125000e+05 3.99476052e+02 1.59729977e+02 -2.26312448e+01 3.53726186e+01 6.79270701e+01 6.40466864e+01 -8.22327159e+01 7.60023354e+01 1.15897111e+02 -7.82972468e+01 5.46892043e+01 1.80957233e+00 1.57922817e+00 1.14585870e+00
8.65498721e-01 4.76941000e+05 3.97989476e+02 1.58243401e+02 -2.46668469e+01 3.21832949e+01 6.74891575e+01 6.36087738e+01 -8.19841270e+01 7.55723304e+01 1.15154301e+02 -7.86698834e+01 5.36995425e+01 1.81035247e+00 1.57726364e+00 1.14778051e+00
8.68643537e-01 4.81563000e+05 3.96990903e+02 1.57244827e+02 -2.60728205e+01 3.19832209e+01 6.71590781e+01 6.32786944e+01 -8.18197529e+01 7.55330223e+01 1.14563964e+02 -7.88110671e+01 5.35893867e+01 1.81046663e+00 1.57637460e+00 1.14850025e+00
8.71783996e-01 4.82041000e+05 3.95638765e+02 1.55892689e+02 -2.40483242e+01 3.32895506e+01 6.63443117e+01 6.24639280e+01 -8.08999292e+01 7.49077987e+01 1.13295135e+02 -7.76462078e+01 5.36365507e+01 1.81376898e+00 1.57978588e+00 1.14811064e+00
8.74920340e-01 4.87669000e+05 3.94719979e+02 1.54973904e+02 -2.54830503e+01 3.16824196e+01 6.61948404e+01 6.23144567e+01 -8.09570510e+01 7.50006286e+01 1.12949280e+02 -7.80664067e+01 5.33131563e+01 1.81256944e+00 1.57701157e+00 1.14936978e+00
8.78064275e-01 4.91199000e+05 3.93094923e+02 1.53348847e+02 -2.47779311e+01 3.43706949e+01 6.57436628e+01 6.18632791e+01 -8.07974312e+01 7.52349166e+01 1.12196032e+02 -7.82428149e+01 5.43178732e+01 1.81361275e+00 1.57443157e+00 1.15191589e+00
8.81206768e-01 4.94089000e+05 3.93341200e+02 1.53595125e+02 -2.67178721e+01 3.33607126e+01 6.54066185e+01 6.15262348e+01 -8.11364572e+01 7.54061744e+01 1.11652513e+02 -7.91449049e+01 5.44271757e+01 1.81471389e+00 1.58000531e+00 1.14854924e+00
8.84348094e-01 4.98309000e+05 3.90006597e+02 1.50260522e+02 -2.57352921e+01 3.40492060e+01 6.44900578e+01 6.06096741e+01 -7.96792396e+01 7.40486034e+01 1.10251863e+02 -7.77906786e+01 5.37182557e+01 1.81904728e+00 1.57453193e+00 1.15529399e+00
8.87489680e-01 5.00737000e+05 3.89121426e+02 1.49375351e+02 -2.49328653e+01 3.06774286e+01 6.42356231e+01 6.03552394e+01 -7.98838911e+01 7.42764900e+01 1.09733972e+02 -7.80089044e+01 5.35082493e+01 1.81813498e+00 1.57319291e+00 1.15569741e+00
8.90632778e-01 5.06367000e+05 3.87724939e+02 1.47978864e+02 -2.70389158e+01 3.07950576e+01 6.35656867e+01 5.96853030e+01 -7.90237523e+01 7.33730936e+01 1.08825557e+02 -7.81303981e+01 5.31530411e+01 1.82332252e+00 1.57458512e+00 1.15797012e+00
8.93774714e-01 5.07061000e+05 3.86193909e+02 1.46447834e+02 -2.70565989e+01 3.27058450e+01 6.31293291e+01 5.92489454e+01 -7.86158014e+01 7.33975969e+01 1.08011158e+02 -7.75230227e+01 5.31619480e+01 1.82300558e+00 1.57217600e+00 1.15954293e+00
8.96917060e-01 5.14057000e+05 3.86391908e+02 1.46645833e+02 -2.66294175e+01 3.30880492e+01 6.28960539e+01 5.90156703e+01 -7.87774481e+01 7.35617782e+01 1.07694134e+02 -7.78271940e+01 5.34789489e+01 1.82483963e+00 1.57634470e+00 1.15763997e+00
9.00057526e-01 5.13543000e+05 3.84515378e+02 1.44769303e+02 -2.62432155e+01 3.50294824e+01 6.22569351e+01 5.83765514e+01 -7.81201442e+01 7.31426326e+01 1.06571134e+02 -7.71188083e+01 5.34191499e+01 1.82558118e+00 1.57477686e+00 1.15926340e+00
9.03196952e-01 5.20501000e+05 3.83628173e+02 1.43882098e+02 -2.51050939e+01 2.92172850e+01 6.17693382e+01 5.78889545e+01 -7.74902427e+01 7.20134204e+01 1.05941378e+02 -7.67438025e+01 5.18648851e+01 1.83007931e+00 1.57654194e+00 1.16081867e+00
9.06337045e-01 5.21529000e+05 3.82700268e+02 1.42954192e+02 -2.46024226e+01 3.42278614e+01 6.15018722e+01 5.76214885e+01 -7.74531977e+01 7.27609306e+01 1.05442711e+02 -7.69875710e+01 5.37131229e+01 1.82991995e+00 1.57509304e+00 1.16178531e+00
9.09478460e-01 5.27689000e+05 3.81496043e+02 1.41749968e+02 -2.77778095e+01 3.32272388e+01 6.09356184e+01 5.70552347e+01 -7.71252102e+01 7.23038529e+01 1.04614264e+02 -7.72272285e+01 5.34668693e+01 1.83356119e+00 1.57620876e+00 1.16327306e+00
9.12622082e-01 5.30071000e+05 3.80212246e+02 1.40466171e+02 -2.69484193e+01 3.30172085e+01 6.04534601e+01 5.65730764e+01 -7.64819982e+01 7.18592709e+01 1.03792768e+02 -7.66205425e+01 5.28189494e+01 1.83466720e+00 1.57572699e+00 1.16433063e+00
9.15763628e-01 5.33913000e+05 3.79190126e+02 1.39444050e+02 -2.60010159e+01 2.98172740e+01 5.98974721e+01 5.60170884e+01 -7.60569845e+01 7.12758142e+01 1.02990673e+02 -7.66890114e+01 5.22217213e+01 1.83855813e+00 1.57775559e+00 1.16529971e+00
9.18905647e-01 5.37517000e+05 3.77851632e+02 1.38105556e+02 -3.02576403e+01 3.21704254e+01 5.97309014e+01 5.58505177e+01 -7.65032091e+01 7.18723026e+01 1.02447323e+02 -7.76237910e+01 5.27794070e+01 1.83431286e+00 1.57250478e+00 1.16649112e+00
9.22050359e-01 5.42511000e+05 3.76591599e+02 1.36845524e+02 -2.71444541e+01 3.32324678e+01 5.94212762e+01 5.55408925e+01 -7.62604392e+01 7.19662124e+01 1.01761193e+02 -7.69550982e+01 5.30374695e+01 1.83218505e+00 1.56967185e+00 1.16724081e+00
9.25192408e-01 5.43889000e+05 3.76163913e+02 1.36417837e+02 -2.86182638e+01 3.42989570e+01 5.90213099e+01 5.51409263e+01 -7.61047824e+01 7.16367019e+01 1.01210005e+02 -7.74897682e+01 5.35313285e+01 1.83547888e+00 1.57289073e+00 1.16694621e+00
9.28333030e-01 5.49261000e+05 3.73982948e+02 1.34236872e+02 -2.68248132e+01 3.11275889e+01 5.81712485e+01 5.42908648e+01 -7.46660503e+01 7.01954919e+01 9.98833941e+01 -7.57407051e+01 5.15075988e+01 1.83978270e+00 1.57243439e+00 1.17002192e+00
9.31473864e-01 5.51341000e+05 3.74326631e+02 1.34580555e+02 -2.78156150e+01 3.48874589e+01 5.79543961e+01 5.40740124e+01 -7.46848666e+01 7.04531023e+01 9.98216874e+01 -7.66620736e+01 5.30626926e+01 1.84601961e+00 1.57759986e+00 1.17014438e+00
9.34614662e-01 5.56963000e+05 3.73317976e+02 1.33571900e+02 -2.85672797e+01 3.17425174e+01 5.76198681e+01 5.37394845e+01 -7.45979118e+01 7.04727452e+01 9.91059756e+01 -7.64987222e+01 5.21500327e+01 1.84419290e+00 1.57656109e+00 1.16975670e+00
9.37758808e-01 5.60037000e+05 3.71415533e+02 1.31669458e+02 -2.97243027e+01 3.35261955e+01 5.70343245e+01 5.31539408e+01 -7.37711477e+01 6.94731519e+01 9.81791135e+01 -7.61049452e+01 5.17130764e+01 1.84707120e+00 1.57389150e+00 1.17356959e+00
9.40900385e-01 5.63137000e+05 3.70851862e+02 1.31105787e+02 -2.70586869e+01 3.15296591e+01 5.68097098e+01 5.29293261e+01 -7.37220807e+01 6.97912428e+01 9.77956196e+01 -7.57598130e+01 5.20642751e+01 1.84766417e+00 1.57384786e+00 1.17397890e+00
9.44039432e-01 5.66907000e+05 3.67944119e+02 1.28198044e+02 -2.91635883e+01 3.35620250e+01 5.64268922e+01 5.25465085e+01 -7.34649509e+01 6.96669932e+01 9.68619895e+01 -7.59717999e+01 5.23456963e+01 1.84335729e+00 1.56195590e+00 1.18015963e+00
9.47176988e-01 5.70181000e+05 3.69615684e+02 1.29869609e+02 -2.88819104e+01 3.42463505e+01 5.61546417e+01 5.22742580e+01 -7.32499528e+01 6.95224391e+01 9.67746633e+01 -7.61724474e+01 5.25606608e+01 1.85128717e+00 1.57619457e+00 1.17452959e+00
9.50321358e-01 5.77005000e+05 3.67347721e+02 1.27601646e+02 -2.99670456e+01 3.18102455e+01 5.56524127e+01 5.17720290e+01 -7.28296310e+01 6.91520995e+01 9.59183913e+01 -7.62726801e+01 5.22223598e+01 1.85270682e+00 1.56993093e+00 1.18011996e+00
9.53466747e-01 5.78011000e+05 3.66107426e+02 1.26361351e+02 -3.10044639e+01 3.43552512e+01 5.52989718e+01 5.14185881e+01 -7.26815655e+01 6.89527115e+01 9.51677707e+01 -7.61389087e+01 5.22116057e+01 1.85084372e+00 1.56764260e+00 1.18065414e+00
9.56603784e-01 5.81473000e+05 3.65065754e+02 1.25319679e+02 -3.05004776e+01 3.36871474e+01 5.47666523e+01 5.08862686e+01 -7.18274398e+01 6.83001175e+01 9.43953822e+01 -7.53312606e+01 5.16483859e+01 1.85502661e+00 1.56931214e+00 1.18206351e+00
9.59745442e-01 5.87781000e+05 3.64814577e+02 1.25068501e+02 -2.80999196e+01 3.30762441e+01 5.46718710e+01 5.07914873e+01 -7.21741169e+01 6.88612178e+01 9.41052140e+01 -7.56229149e+01 5.21916527e+01 1.85277532e+00 1.56920075e+00 1.18071274e+00
9.62888428e-01 5.89177000e+05 3.63805564e+02 1.24059488e+02 -2.79335857e+01 3.29384802e+01 5.42457368e+01 5.03653531e+01 -7.16716475e+01 6.83271319e+01 9.35826687e+01 -7.52552712e+01 5.21118150e+01 1.85807630e+00 1.56945566e+00 1.18389856e+00
9.66032226e-01 5.96139000e+05 3.62690933e+02 1.22944858e+02 -3.05005430e+01 3.00441150e+01 5.36901914e+01 4.98098077e+01 -7.08591468e+01 6.75369022e+01 9.27445435e+01 -7.49107136e+01 5.09876695e+01 1.86197353e+00 1.57107802e+00 1.18515663e+00
9.69171305e-01 5.94913000e+05 3.62924400e+02 1.23178324e+02 -3.04826659e+01 3.44559076e+01 5.35307916e+01 4.96504079e+01 -7.09353482e+01 6.74831567e+01 9.25242869e+01 -7.54072307e+01 5.16651734e+01 1.86351514e+00 1.57509131e+00 1.18311563e+00
9.72309171e-01 6.03393000e+05 3.61139511e+02 1.21393436e+02 -2.97681201e+01 3.11052128e+01 5.32257609e+01 4.93453772e+01 -7.08485788e+01 6.77836810e+01 9.18128899e+01 -7.51517834e+01 5.16842178e+01 1.86061786e+00 1.56846331e+00 1.18626801e+00
9.75453130e-01 6.05371000e+05 3.60788995e+02 1.21042920e+02 -3.09762635e+01 3.16008807e+01 5.27102890e+01 4.88299053e+01 -7.01478319e+01 6.67785541e+01 9.11758343e+01 -7.51446314e+01 5.08140906e+01 1.86721300e+00 1.57444232e+00 1.18595199e+00
9.78597278e-01 6.10741000e+05 3.58954252e+02 1.19208177e+02 -3.09155578e+01 3.09999988e+01 5.23475692e+01 4.84671855e+01 -6.96972130e+01 6.66049490e+01 9.04889489e+01 -7.47003913e+01 5.07312562e+01 1.86701472e+00 1.56829993e+00 1.19047045e+00
9.81739807e-01 6.13113000e+05 3.59764503e+02 1.20018428e+02 -3.21529403e+01 3.37190258e+01 5.22708326e+01 4.83904490e+01 -7.01486751e+01 6.71459596e+01 9.03683150e+01 -7.55785380e+01 5.18823589e+01 1.86748247e+00 1.57486794e+00 1.18580258e+00
9.84880181e-01 6.17281000e+05 3.57494424e+02 1.17748349e+02 -3.03126912e+01 3.39094172e+01 5.17735518e+01 4.78931681e+01 -6.94458079e+01 6.63978024e+01 8.94544237e+01 -7.47267689e+01 5.10718707e+01 1.86779091e+00 1.56798040e+00 1.19120807e+00
9.88024184e-01 6.22779000e+05 3.56321031e+02 1.16574956e+02 -3.10968058e+01 3.17851758e+01 5.14443008e+01 4.75639171e+01 -6.91826587e+01 6.66039384e+01 8.87671389e+01 -7.43162368e+01 5.12315635e+01 1.86627058e+00 1.56553876e+00 1.19209478e+00
9.91168995e-01 6.25357000e+05 3.56520171e+02 1.16774095e+02 -2.96722237e+01 3.29620650e+01 5.11484420e+01 4.72680583e+01 -6.87564017e+01 6.60442295e+01 8.85345178e+01 -7.40893593e+01 5.12744381e+01 1.87303056e+00 1.57177137e+00 1.19166858e+00
9.94308745e-01 6.28669000e+05 3.54509123e+02 1.14763048e+02 -3.02381041e+01 3.46205042e+01 5.07653536e+01 4.68849699e+01 -6.84161886e+01 6.59391613e+01 8.77342100e+01 -7.41044144e+01 5.15789560e+01 1.87126514e+00 1.56453116e+00 1.19605489e+00
9.97448160e-01 6.33435000e+05 3.54402196e+02 1.14656120e+02 -3.04714808e+01 3.28133566e+01 5.05134165e+01 4.66330329e+01 -6.84274038e+01 6.59946815e+01 8.73262611e+01 -7.41783791e+01 5.12404578e+01 1.87262667e+00 1.56802069e+00 1.19426145e+00
1.00058980e+00 6.37009000e+05 3.54295209e+02 1.14549134e+02 -3.03097381e+01 3.33655375e+01 5.02204065e+01 4.63400228e+01 -6.80316276e+01 6.55345987e+01 8.70878424e+01 -7.42541472e+01 5.14311335e+01 1.87932239e+00 1.57223617e+00 1.19531813e+00
1.00372988e+00 6.41409000e+05 3.53092413e+02 1.13346338e+02 -3.06675981e+01 3.35522370e+01 4.99772431e+01 4.60968594e+01 -6.78494932e+01 6.56692437e+01 8.64519963e+01 -7.38751654e+01 5.13837002e+01 1.87544222e+00 1.56807950e+00 1.19601220e+00
1.00686870e+00 6.44131000e+05 3.51287185e+02 1.11541110e+02 -3.01606364e+01 3.41526318e+01 4.93544855e+01 4.54741018e+01 -6.69788323e+01 6.45024103e+01 8.55496156e+01 -7.35938232e+01 5.05375753e+01 1.88128214e+00 1.56615743e+00 1.20120883e+00
1.01000862e+00 6.49965000e+05 3.50761657e+02 1.11015582e+02 -3.07694061e+01 3.26915033e+01 4.92343160e+01 4.53539323e+01 -6.70005708e+01 6.46883516e+01 8.52780974e+01 -7.35545165e+01 5.07387195e+01 1.88028012e+00 1.56453216e+00 1.20181621e+00
1.01315513e+00 6.54925000e+05 3.50438018e+02 1.10691943e+02 -3.19366481e+01 3.42797956e+01 4.90225381e+01 4.51421544e+01 -6.69473138e+01 6.47063541e+01 8.50555224e+01 -7.41499458e+01 5.14261677e+01 1.88417065e+00 1.56591024e+00 1.20324307e+00
1.01630027e+00 6.57601000e+05 3.48834969e+02 1.09088894e+02 -3.07716937e+01 3.21987507e+01 4.86264965e+01 4.47461128e+01 -6.65198956e+01 6.42710825e+01 8.41617493e+01 -7.36552698e+01 5.03975130e+01 1.88087286e+00 1.56139438e+00 1.20461101e+00
1.01943693e+00 6.59643000e+05 3.48750899e+02 1.09004824e+02 -3.21277127e+01 3.56041793e+01 4.83604585e+01 4.44800748e+01 -6.63513154e+01 6.42466172e+01 8.39054092e+01 -7.38020389e+01 5.12674271e+01 1.88635945e+00 1.56545326e+00 1.20499251e+00
1.02257704e+00 6.66865000e+05 3.47699205e+02 1.07953130e+02 -3.23795986e+01 3.31783762e+01 4.79751751e+01 4.40947914e+01 -6.57463586e+01 6.35625047e+01 8.32639336e+01 -7.31925230e+01 5.02568298e+01 1.88829408e+00 1.56467438e+00 1.20682878e+00
1.02572235e+00 6.70137000e+05 3.46788193e+02 1.07042118e+02 -3.33043249e+01 3.34689609e+01 4.77973854e+01 4.39170017e+01 -6.59858081e+01 6.41682563e+01 8.27708233e+01 -7.35622845e+01 5.11000308e+01 1.88471025e+00 1.56120885e+00 1.20721212e+00
1.02886522e+00 6.74263000e+05 3.46056721e+02 1.06310646e+02 -3.14737395e+01 3.32711758e+01 4.74321074e+01 4.35517237e+01 -6.54135017e+01 6.35935068e+01 8.22047819e+01 -7.31805654e+01 5.08096012e+01 1.88752074e+00 1.56237652e+00 1.20810875e+00
1.03200697e+00 6.77697000e+05 3.45403602e+02 1.05657526e+02 -3.11428577e+01 3.65677185e+01 4.71811933e+01 4.33008096e+01 -6.52975860e+01 6.38169733e+01 8.17430126e+01 -7.31402511e+01 5.14032423e+01 1.88779409e+00 1.56207618e+00 1.20851602e+00
1.03514995e+00 6.83137000e+05 3.44840854e+02 1.05094778e+02 -2.97924545e+01 3.33979031e+01 4.67660128e+01 4.28856291e+01 -6.45091408e+01 6.26545914e+01 8.12833033e+01 -7.23500594e+01 5.02024648e+01 1.89535061e+00 1.56543369e+00 1.21075113e+00
1.03829486e+00 6.86581000e+05 3.44451884e+02 1.04705809e+02 -3.34180534e+01 3.50218075e+01 4.65981960e+01 4.27178123e+01 -6.46504814e+01 6.28683399e+01 8.09453992e+01 -7.34614555e+01 5.08082290e+01 1.89488634e+00 1.56560026e+00 1.21032577e+00
1.04143274e+00 6.88695000e+05 3.43364290e+02 1.03618215e+02 -3.27831884e+01 3.30666634e+01 4.63969741e+01 4.25165905e+01 -6.44422980e+01 6.27561996e+01 8.04719896e+01 -7.29293934e+01 5.05211762e+01 1.89271973e+00 1.56112917e+00 1.21240431e+00
1.04456725e+00 6.93433000e+05 3.42043294e+02 1.02297219e+02 -3.15763813e+01 3.31857620e+01 4.60621746e+01 4.21817909e+01 -6.41919437e+01 6.27203283e+01 7.98516242e+01 -7.25975966e+01 5.05211766e+01 1.89303542e+00 1.55728968e+00 1.21559620e+00
1.04771211e+00 7.01157000e+05 3.41675956e+02 1.01929881e+02 -3.26963178e+01 3.15116748e+01 4.56849196e+01 4.18045359e+01 -6.36731824e+01 6.19413893e+01 7.92906057e+01 -7.23925380e+01 4.95955735e+01 1.89669862e+00 1.56148945e+00 1.21467271e+00
1.05085356e+00 7.00783000e+05 3.41431071e+02 1.01684995e+02 -3.23165012e+01 3.50747728e+01 4.54624380e+01 4.15820543e+01 -6.34772267e+01 6.18729216e+01 7.89900615e+01 -7.25227032e+01 4.99691944e+01 1.89961902e+00 1.56377932e+00 1.21476157e+00
1.05399324e+00 7.08453000e+05 3.40339768e+02 1.00593692e+02 -3.24762908e+01 3.25350302e+01 4.51544053e+01 4.12740216e+01 -6.30511197e+01 6.16141384e+01 7.84479202e+01 -7.22080541e+01 5.00063383e+01 1.90066093e+00 1.56115844e+00 1.21746831e+00
1.05713590e+00 7.11037000e+05 3.39354005e+02 9.96079293e+01 -3.12093608e+01 3.31689045e+01 4.48773026e+01 4.09969189e+01 -6.26899665e+01 6.10867277e+01 7.79968105e+01 -7.16831381e+01 4.94758273e+01 1.90250420e+00 1.55873162e+00 1.22054636e+00
1.06027636e+00 7.15333000e+05 3.38507961e+02 9.87618857e+01 -3.24050053e+01 3.54185208e+01 4.46279673e+01 4.07475836e+01 -6.25695200e+01 6.12811314e+01 7.75390149e+01 -7.19978574e+01 5.03633710e+01 1.90291075e+00 1.55683920e+00 1.22229114e+00
1.06341847e+00 7.20351000e+05 3.38201541e+02 9.84554658e+01 -3.08819976e+01 3.28865226e+01 4.44793627e+01 4.05989790e+01 -6.24535106e+01 6.12224450e+01 7.71811777e+01 -7.15866611e+01 4.95802501e+01 1.90106204e+00 1.55726441e+00 1.22077023e+00
1.06656102e+00 7.24525000e+05 3.37306895e+02 9.75608199e+01 -3.22242183e+01 3.51188102e+01 4.41516095e+01 4.02712258e+01 -6.20974735e+01 6.09919530e+01 7.66940664e+01 -7.17838997e+01 4.99866391e+01 1.90443834e+00 1.55646836e+00 1.22356380e+00
1.06970586e+00 7.29321000e+05 3.37025613e+02 9.72795379e+01 -3.21056416e+01 3.22191377e+01 4.38024417e+01 3.99220580e+01 -6.16902966e+01 6.04909191e+01 7.61189641e+01 -7.12092696e+01 4.90743947e+01 1.90668938e+00 1.56100498e+00 1.22144990e+00
1.07284854e+00 7.32703000e+05 3.36270629e+02 9.65245532e+01 -3.18901264e+01 3.38563757e+01 4.37707570e+01 3.98903733e+01 -6.17664886e+01 6.06927995e+01 7.60733030e+01 -7.14414133e+01 4.98388220e+01 1.90705919e+00 1.55555313e+00 1.22596853e+00
1.07598677e+00 7.35241000e+05 3.35813606e+02 9.60675308e+01 -3.27855308e+01 3.65523946e+01 4.33545498e+01 3.94741661e+01 -6.12890927e+01 6.03097552e+01 7.54487491e+01 -7.14398890e+01 4.99401701e+01 1.91134498e+00 1.56002598e+00 1.22520073e+00
1.07912996e+00 7.44081000e+05 3.34840508e+02 9.50944326e+01 -3.22400159e+01 3.42597445e+01 4.31568955e+01 3.92765118e+01 -6.10614040e+01 6.02799303e+01 7.50425436e+01 -7.11991908e+01 5.00232850e+01 1.91062139e+00 1.55600537e+00 1.22790154e+00
1.08227270e+00 7.43575000e+05 3.34712018e+02 9.49659424e+01 -3.49059544e+01 3.51044526e+01 4.28021923e+01 3.89218086e+01 -6.06340814e+01 5.95414936e+01 7.46305314e+01 -7.13585182e+01 4.94203641e+01 1.91744767e+00 1.56202304e+00 1.22754123e+00
1.08541535e+00 7.52385000e+05 3.34044583e+02 9.42985072e+01 -3.36071050e+01 3.44775317e+01 4.26518261e+01 3.87714424e+01 -6.05611368e+01 5.96829802e+01 7.43396054e+01 -7.14443801e+01 4.98197080e+01 1.91738044e+00 1.55953968e+00 1.22945281e+00
1.08855707e+00 7.52329000e+05 3.33403476e+02 9.36574008e+01 -3.30476837e+01 3.57036726e+01 4.24508598e+01 3.85704761e+01 -6.02895580e+01 5.96070225e+01 7.38888281e+01 -7.08633797e+01 4.97357723e+01 1.91568359e+00 1.55827302e+00 1.22936325e+00
1.09169382e+00 7.58097000e+05 3.32415141e+02 9.26690657e+01 -3.28360271e+01 3.52495878e+01 4.22878902e+01 3.84075065e+01 -6.02298666e+01 5.95030207e+01 7.34612815e+01 -7.08340589e+01 4.96647155e+01 1.91268031e+00 1.55331428e+00 1.23135436e+00
1.09483514e+00 7.63951000e+05 3.31507213e+02 9.17611377e+01 -3.19996934e+01 3.49841054e+01 4.19598263e+01 3.80794426e+01 -5.98479523e+01 5.91637649e+01 7.29210982e+01 -7.05414009e+01 4.91145745e+01 1.91497284e+00 1.55233019e+00 1.23361180e+00
1.09798007e+00 7.68085000e+05 3.31334121e+02 9.15880461e+01 -3.45273806e+01 3.39445108e+01 4.17613312e+01 3.78809475e+01 -5.96004559e+01 5.88592151e+01 7.27984081e+01 -7.08128923e+01 4.92539937e+01 1.92176840e+00 1.55492333e+00 1.23592486e+00
1.10112128e+00 7.71045000e+05 3.30684777e+02 9.09387016e+01 -3.31744639e+01 3.06356440e+01 4.14817431e+01 3.76013594e+01 -5.92144925e+01 5.85307850e+01 7.22324973e+01 -7.02470255e+01 4.83893091e+01 1.92100760e+00 1.55515113e+00 1.23525461e+00
1.10426083e+00 7.76155000e+05 3.29663315e+02 8.99172401e+01 -3.39716158e+01 3.39504899e+01 4.12099752e+01 3.73295916e+01 -5.88734186e+01 5.81763158e+01 7.18793617e+01 -7.02235750e+01 4.87258296e+01 1.92553304e+00 1.55201125e+00 1.24066951e+00
1.10740232e+00 7.80693000e+05 3.29270901e+02 8.95248260e+01 -3.29327848e+01 3.49638982e+01 4.10205108e+01 3.71401271e+01 -5.87426577e+01 5.83249685e+01 7.15056314e+01 -7.00429943e+01 4.92623414e+01 1.92529312e+00 1.55256592e+00 1.24007174e+00
1.11054629e+00 7.86517000e+05 3.28413441e+02 8.86673659e+01 -3.33283511e+01 3.54760592e+01 4.08299641e+01 3.69495804e+01 -5.87013746e+01 5.83783213e+01 7.09734155e+01 -7.01852770e+01 4.92166872e+01 1.92081790e+00 1.54909177e+00 1.23996391e+00
1.11368645e+00 7.87461000e+05 3.28271560e+02 8.85254842e+01 -3.33784954e+01 3.60335735e+01 4.06091131e+01 3.67287294e+01 -5.83132494e+01 5.79403649e+01 7.07416070e+01 -7.00370332e+01 4.92335682e+01 1.92605647e+00 1.55249855e+00 1.24061724e+00
1.11682858e+00 7.96423000e+05 3.27391857e+02 8.76457818e+01 -3.32188632e+01 3.61949512e+01 4.04630877e+01 3.65827040e+01 -5.83701747e+01 5.80627400e+01 7.03055580e+01 -7.01364323e+01 4.92867166e+01 1.92182508e+00 1.54784550e+00 1.24161299e+00
1.11997174e+00 7.97041000e+05 3.27515050e+02 8.77689746e+01 -3.34529613e+01 3.48668303e+01 4.01047744e+01 3.62243907e+01 -5.76759519e+01 5.73689917e+01 7.00504229e+01 -6.97581957e+01 4.90504952e+01 1.93379161e+00 1.55657470e+00 1.24233781e+00
1.12311209e+00 8.03769000e+05 3.27043260e+02 8.72971850e+01 -3.45983357e+01 3.29783816e+01 3.99639485e+01 3.60835648e+01 -5.76535653e+01 5.73816088e+01 6.97378455e+01 -6.99212242e+01 4.87603128e+01 1.93267616e+00 1.55541184e+00 1.24254947e+00
1.12625319e+00 8.06731000e+05 3.25650814e+02 8.59047384e+01 -3.45369598e+01 3.30556469e+01 3.96549224e+01 3.57745387e+01 -5.73242001e+01 5.71182828e+01 6.91654122e+01 -6.95926447e+01 4.89377854e+01 1.93336978e+00 1.54960689e+00 1.24765177e+00
1.12939171e+00 8.11005000e+05 3.25736982e+02 8.59909062e+01 -3.30943955e+01 3.53629203e+01 3.95685445e+01 3.56881608e+01 -5.72591207e+01 5.72040018e+01 6.90366354e+01 -6.95014086e+01 4.91049598e+01 1.93444083e+00 1.55225898e+00 1.24621011e+00
1.13253454e+00 8.18221000e+05 3.25416517e+02 8.56704417e+01 -3.41811117e+01 3.40877922e+01 3.92960559e+01 3.54156722e+01 -5.69122214e+01 5.67551292e+01 6.85949607e+01 -6.95516554e+01 4.86411099e+01 1.93685327e+00 1.55531284e+00 1.24531427e+00
1.13567519e+00 8.19139000e+05 3.23775586e+02 8.40295104e+01 -3.18443992e+01 3.48778266e+01 3.89655482e+01 3.50851646e+01 -5.64196861e+01 5.62147887e+01 6.79639166e+01 -6.87564482e+01 4.82590441e+01 1.93711266e+00 1.54758374e+00 1.25170136e+00
1.13881700e+00 8.27421000e+05 3.23659071e+02 8.39129953e+01 -3.29351294e+01 3.28173696e+01 3.88121550e+01 3.49317713e+01 -5.62548706e+01 5.61200862e+01 6.77063392e+01 -6.87879583e+01 4.78838209e+01 1.93824523e+00 1.54990225e+00 1.25055966e+00
1.14196121e+00 8.30017000e+05 3.23388126e+02 8.36420502e+01 -3.27212780e+01 3.67941766e+01 3.85866133e+01 3.47062296e+01 -5.60589347e+01 5.61216996e+01 6.73561554e+01 -6.88445003e+01 4.87817232e+01 1.94075116e+00 1.55241781e+00 1.25014745e+00
1.14510144e+00 8.33901000e+05 3.22432468e+02 8.26863924e+01 -3.28541502e+01 3.68370686e+01 3.83730209e+01 3.44926372e+01 -5.57626299e+01 5.58141377e+01 6.69251345e+01 -6.84980924e+01 4.86098031e+01 1.94027306e+00 1.54829539e+00 1.25316723e+00
1.14824539e+00 8.41879000e+05 3.22724492e+02 8.29784167e+01 -3.33192088e+01 3.69806683e+01 3.82773020e+01 3.43969183e+01 -5.57833412e+01 5.58308119e+01 6.67624738e+01 -6.87254223e+01 4.86158175e+01 1.94094347e+00 1.55318363e+00 1.24965486e+00
1.15138588e+00 8.40657000e+05 3.21492855e+02 8.17467793e+01 -3.17489386e+01 3.59051301e+01 3.80126352e+01 3.41322515e+01 -5.53167741e+01 5.53837730e+01 6.62604595e+01 -6.80413606e+01 4.81194118e+01 1.94128593e+00 1.54757910e+00 1.25440174e+00
1.15452568e+00 8.50957000e+05 3.21107968e+02 8.13618929e+01 -3.38679494e+01 3.52744392e+01 3.80274789e+01 3.41470952e+01 -5.56300677e+01 5.60464932e+01 6.61794591e+01 -6.89013827e+01 4.89042047e+01 1.93806995e+00 1.54359598e+00 1.25555519e+00
1.15766925e+00 8.51935000e+05 3.20427230e+02 8.06811551e+01 -3.27438005e+01 3.51480145e+01 3.76952639e+01 3.38148802e+01 -5.51286932e+01 5.53638610e+01 6.56819676e+01 -6.82320303e+01 4.83206281e+01 1.94239835e+00 1.54465725e+00 1.25749473e+00
1.16081367e+00 8.60385000e+05 3.20460707e+02 8.07146312e+01 -3.43274980e+01 3.55157409e+01 3.75842710e+01 3.37038873e+01 -5.50943829e+01 5.54043023e+01 6.55022132e+01 -6.85922796e+01 4.84601616e+01 1.94346167e+00 1.54751952e+00 1.25585600e+00
1.16395594e+00 8.60713000e+05 3.19465941e+02 7.97198659e+01 -3.27584681e+01 3.57408009e+01 3.73019238e+01 3.34215401e+01 -5.46507702e+01 5.50813183e+01 6.50247461e+01 -6.79551434e+01 4.85403028e+01 1.94559394e+00 1.54443648e+00 1.25974358e+00
1.16709312e+00 8.66109000e+05 3.19430808e+02 7.96847330e+01 -3.32411670e+01 3.58308476e+01 3.70837207e+01 3.32033370e+01 -5.44078983e+01 5.47934404e+01 6.46369555e+01 -6.80034615e+01 4.82095860e+01 1.94670059e+00 1.54916150e+00 1.25661565e+00
1.17023399e+00 8.72659000e+05 3.18672145e+02 7.89260700e+01 -3.27512531e+01 3.66440158e+01 3.68789799e+01 3.29985962e+01 -5.40973683e+01 5.45160498e+01 6.43013727e+01 -6.76366828e+01 4.81547251e+01 1.94860934e+00 1.54654481e+00 1.25997600e+00
1.17337847e+00 8.77233000e+05 3.18341637e+02 7.85955618e+01 -3.37693830e+01 3.58468546e+01 3.68107824e+01 3.29303987e+01 -5.41365659e+01 5.45786702e+01 6.41960576e+01 -6.80360897e+01 4.81037894e+01 1.94944672e+00 1.54490051e+00 1.26185907e+00
1.17652222e+00 8.81593000e+05 3.17841644e+02 7.80955688e+01 -3.33353059e+01 3.42130372e+01 3.64931720e+01 3.26127883e+01 -5.36486208e+01 5.40363932e+01 6.37482956e+01 -6.74208125e+01 4.76745067e+01 1.95470240e+00 1.54745928e+00 1.26316887e+00
1.17966383e+00 8.85799000e+05 3.17531523e+02 7.77854481e+01 -3.29829929e+01 3.59446266e+01 3.64085503e+01 3.25281666e+01 -5.36474976e+01 5.41719295e+01 6.35122877e+01 -6.73925461e+01 4.81039958e+01 1.95253205e+00 1.54639126e+00 1.26263779e+00
1.18280152e+00 8.88213000e+05 3.17064314e+02 7.73182382e+01 -3.27053914e+01 3.61209672e+01 3.61822540e+01 3.23018703e+01 -5.32514552e+01 5.39463231e+01 6.31378150e+01 -6.73033948e+01 4.81326778e+01 1.95461793e+00 1.54713118e+00 1.26338216e+00
1.18594296e+00 8.98033000e+05 3.16213898e+02 7.64678225e+01 -3.39090176e+01 3.53067954e+01 3.60407934e+01 3.21604097e+01 -5.32188829e+01 5.38697114e+01 6.27287620e+01 -6.73168623e+01 4.77069691e+01 1.95049636e+00 1.54197941e+00 1.26493022e+00
1.18908665e+00 8.98515000e+05 3.16856953e+02 7.71108772e+01 -3.39000130e+01 3.87568068e+01 3.59585485e+01 3.20781648e+01 -5.32261212e+01 5.38909306e+01 6.28078738e+01 -6.78455034e+01 4.85937486e+01 1.95796344e+00 1.55043322e+00 1.26284926e+00
1.19222701e+00 9.05881000e+05 3.15810236e+02 7.60641608e+01 -3.39720409e+01 3.73756257e+01 3.57217000e+01 3.18413163e+01 -5.29239511e+01 5.36032980e+01 6.23787055e+01 -6.75085152e+01 4.82661855e+01 1.95904921e+00 1.54559083e+00 1.26750830e+00
1.19536822e+00 9.08613000e+05 3.15477948e+02 7.57318731e+01 -3.24064980e+01 3.74773416e+01 3.54977905e+01 3.16174068e+01 -5.24513198e+01 5.32098502e+01 6.20501316e+01 -6.71937223e+01 4.80164889e+01 1.96253070e+00 1.54766238e+00 1.26806126e+00
1.19850707e+00 9.13465000e+05 3.14717841e+02 7.49717655e+01 -3.35300478e+01 3.55387139e+01 3.53016988e+01 3.14213151e+01 -5.23087748e+01 5.30994700e+01 6.15376086e+01 -6.67755049e+01 4.75381015e+01 1.95846700e+00 1.54467348e+00 1.26788413e+00
1.20164775e+00 9.20011000e+05 3.14795033e+02 7.50489574e+01 -3.44361787e+01 3.77433026e+01 3.52378508e+01 3.13574671e+01 -5.23572215e+01 5.32759730e+01 6.14966818e+01 -6.73066159e+01 4.82755105e+01 1.96114953e+00 1.54704107e+00 1.26767774e+00
1.20479252e+00 9.25173000e+05 3.14133733e+02 7.43876573e+01 -3.21127892e+01 3.81983583e+01 3.49684435e+01 3.10880598e+01 -5.19688005e+01 5.28735698e+01 6.10280142e+01 -6.66360071e+01 4.79028146e+01 1.96306925e+00 1.54686934e+00 1.26905951e+00
1.20793585e+00 9.28789000e+05 3.13265463e+02 7.35193876e+01 -3.27805959e+01 3.44674927e+01 3.48404776e+01 3.09600939e+01 -5.18485650e+01 5.27353963e+01 6.06901900e+01 -6.64288559e+01 4.73346534e+01 1.96027151e+00 1.54098995e+00 1.27208585e+00
1.21108033e+00 9.35571000e+05 3.13427040e+02 7.36809652e+01 -3.30079874e+01 3.75423535e+01 3.47355183e+01 3.08551347e+01 -5.17290066e+01 5.26379901e+01 6.05826815e+01 -6.68451652e+01 4.79149986e+01 1.96345543e+00 1.54530400e+00 1.27059492e+00
1.21422008e+00 9.35521000e+05 3.13252388e+02 7.35063131e+01 -3.41670364e+01 3.80813107e+01 3.45661915e+01 3.06858078e+01 -5.15985457e+01 5.27092202e+01 6.02625387e+01 -6.66417759e+01 4.82085180e+01 1.96385701e+00 1.54772408e+00 1.26886764e+00
1.21735874e+00 9.45049000e+05 3.12405244e+02 7.26591682e+01 -3.33966619e+01 3.76895688e+01 3.43499023e+01 3.04695186e+01 -5.12320856e+01 5.22347032e+01 5.99272823e+01 -6.64803226e+01 4.77874906e+01 1.96679452e+00 1.54423153e+00 1.27363966e+00
1.22050123e+00 9.47025000e+05 3.12393325e+02 7.26472497e+01 -3.19989341e+01 3.97865951e+01 3.41799770e+01 3.02995933e+01 -5.09676672e+01 5.20643599e+01 5.96923461e+01 -6.62447193e+01 4.80023227e+01 1.97007087e+00 1.54842862e+00 1.27230332e+00
1.22364499e+00 9.55735000e+05 3.11693997e+02 7.19479219e+01 -3.34069613e+01 3.88258033e+01 3.40722490e+01 3.01918653e+01 -5.09541755e+01 5.21542218e+01 5.94901083e+01 -6.64937319e+01 4.81807205e+01 1.97040188e+00 1.54370444e+00 1.27641136e+00
1.22678592e+00 9.55521000e+05 3.11465614e+02 7.17195389e+01 -3.38646044e+01 3.97070906e+01 3.39368947e+01 3.00565110e+01 -5.07839483e+01 5.20325135e+01 5.91769512e+01 -6.62991868e+01 4.79172590e+01 1.96885630e+00 1.54471890e+00 1.27457255e+00
1.22992635e+00 9.64621000e+05 3.11518906e+02 7.17728308e+01 -3.24971373e+01 3.85733941e+01 3.37433305e+01 2.98629468e+01 -5.05091049e+01 5.17191703e+01 5.88932523e+01 -6.61036744e+01 4.79155152e+01 1.97211791e+00 1.55029272e+00 1.27209390e+00
1.23306962e+00 9.67719000e+05 3.10404981e+02 7.06589056e+01 -3.34026383e+01 3.99709347e+01 3.35717364e+01 2.96913528e+01 -5.02728866e+01 5.14893907e+01 5.85970475e+01 -6.59922982e+01 4.77743275e+01 1.97353916e+00 1.54265376e+00 1.27931440e+00
1.23621098e+00 9.72481000e+05 3.10720808e+02 7.09747323e+01 -3.32089477e+01 3.92962072e+01 3.34817117e+01 2.96013280e+01 -5.02212465e+01 5.14682633e+01 5.84343306e+01 -6.58659156e+01 4.77164834e+01 1.97404423e+00 1.54844678e+00 1.27485442e+00
1.23934926e+00 9.76537000e+05 3.09722724e+02 6.99766489e+01 -3.21522020e+01 3.90885679e+01 3.31982636e+01 2.93178799e+01 -4.97547390e+01 5.10320088e+01 5.79478612e+01 -6.54745804e+01 4.73228316e+01 1.97653655e+00 1.54493528e+00 1.27936528e+00
1.24249042e+00 9.83853000e+05 3.10040837e+02 7.02947614e+01 -3.35194182e+01 3.95041561e+01 3.31565940e+01 2.92762103e+01 -4.97955958e+01 5.10302968e+01 5.79564430e+01 -6.59641251e+01 4.77217644e+01 1.97964294e+00 1.54954449e+00 1.27756444e+00
1.24563466e+00 9.88291000e+05 3.09292475e+02 6.95463992e+01 -3.34591178e+01 3.94834748e+01 3.29974301e+01 2.91170465e+01 -4.96731760e+01 5.10941788e+01 5.75135422e+01 -6.56644785e+01 4.77403467e+01 1.97525330e+00 1.54548098e+00 1.27808322e+00
1.24877425e+00 9.91113000e+05 3.09322862e+02 6.95767870e+01 -3.27581916e+01 4.00329040e+01 3.28824258e+01 2.90020421e+01 -4.94219799e+01 5.08286511e+01 5.73112005e+01 -6.53732874e+01 4.74669622e+01 1.97610914e+00 1.54888044e+00 1.27583065e+00
1.25191583e+00 9.99061000e+05 3.08939124e+02 6.91930486e+01 -3.37796169e+01 4.01619639e+01 3.27731038e+01 2.88927201e+01 -4.94445282e+01 5.08902402e+01 5.71035983e+01 -6.56166758e+01 4.75902739e+01 1.97640091e+00 1.54752266e+00 1.27713859e+00
1.25505897e+00 1.00302300e+06 3.07990685e+02 6.82446094e+01 -3.09232587e+01 4.04889051e+01 3.25259567e+01 2.86455730e+01 -4.89428925e+01 5.05516635e+01 5.66709040e+01 -6.48146041e+01 4.74464107e+01 1.97834772e+00 1.54349568e+00 1.28173194e+00
1.25820037e+00 1.00701700e+06 3.08547720e+02 6.88016446e+01 -3.34593140e+01 4.10091699e+01 3.24038210e+01 2.85234373e+01 -4.88431814e+01 5.02477023e+01 5.65628125e+01 -6.53737106e+01 4.74287389e+01 1.98302932e+00 1.55309664e+00 1.27682288e+00
1.26134411e+00 1.01518900e+06 3.07705630e+02 6.79595551e+01 -3.14426891e+01 3.92487751e+01 3.22666227e+01 2.83862390e+01 -4.86687775e+01 5.03256532e+01 5.61805118e+01 -6.47789206e+01 4.72768255e+01 1.97914601e+00 1.54728864e+00 1.27910589e+00
1.26448585e+00 1.01565900e+06 3.07477052e+02 6.77309769e+01 -3.25130912e+01 4.24478041e+01 3.21188437e+01 2.82384600e+01 -4.84798644e+01 5.00551602e+01 5.60048919e+01 -6.49109192e+01 4.74340514e+01 1.98328421e+00 1.54872092e+00 1.28059496e+00
1.26762602e+00 1.02429700e+06 3.07391256e+02 6.76451811e+01 -3.27382349e+01 4.16234096e+01 3.20510648e+01 2.81706811e+01 -4.85464177e+01 5.01562347e+01 5.58493003e+01 -6.51658989e+01 4.74295887e+01 1.98253283e+00 1.54960054e+00 1.27938316e+00
1.27076876e+00 1.02754500e+06 3.07663752e+02 6.79176766e+01 -3.32672744e+01 4.24723221e+01 3.18489683e+01 2.79685846e+01 -4.82039039e+01 4.99141616e+01 5.55876170e+01 -6.50733823e+01 4.76222323e+01 1.98750197e+00 1.55831828e+00 1.27541465e+00
1.27391150e+00 1.03417300e+06 3.06524807e+02 6.67787316e+01 -3.29745498e+01 4.15052998e+01 3.16321659e+01 2.77517822e+01 -4.78099338e+01 4.94228836e+01 5.51711293e+01 -6.45536963e+01 4.69858921e+01 1.98802113e+00 1.55122089e+00 1.28158481e+00
1.27705033e+00 1.03563900e+06 3.06797571e+02 6.70514956e+01 -3.27248505e+01 4.26856274e+01 3.17167224e+01 2.78363387e+01 -4.81935010e+01 5.00022680e+01 5.52111904e+01 -6.50620177e+01 4.78583617e+01 1.98342142e+00 1.55202309e+00 1.27795870e+00
1.28018839e+00 1.04337700e+06 3.06247598e+02 6.65015228e+01 -3.26082695e+01 4.26607500e+01 3.14359186e+01 2.75555349e+01 -4.76885910e+01 4.94318080e+01 5.47884538e+01 -6.47248475e+01 4.74651646e+01 1.98829215e+00 1.55350041e+00 1.27987874e+00
1.28333376e+00 1.05110500e+06 3.06170895e+02 6.64248201e+01 -3.29027725e+01 4.33978936e+01 3.14046562e+01 2.75242725e+01 -4.77487715e+01 4.95558376e+01 5.47112979e+01 -6.48335725e+01 4.76673998e+01 1.98774728e+00 1.55348573e+00 1.27954010e+00
1.28647753e+00 1.05248700e+06 3.06114475e+02 6.63683994e+01 -3.19073640e+01 4.40573091e+01 3.12095089e+01 2.73291253e+01 -4.73974234e+01 4.92052848e+01 5.44190377e+01 -6.43718621e+01 4.72901134e+01 1.99124696e+00 1.55836005e+00 1.27778363e+00
1.28961689e+00 1.05825700e+06 3.05884846e+02 6.61387706e+01 -3.33416764e+01 4.42598329e+01 3.10696684e+01 2.71892848e+01 -4.72626370e+01 4.90244394e+01 5.42107786e+01 -6.46223640e+01 4.72908383e+01 1.99382879e+00 1.55965725e+00 1.27837625e+00
1.29276008e+00 1.06563300e+06 3.05146455e+02 6.54003797e+01 -3.22494082e+01 4.43593254e+01 3.09507017e+01 2.70703180e+01 -4.70773535e+01 4.89516689e+01 5.39417439e+01 -6.41487364e+01 4.73291354e+01 1.99265276e+00 1.55433081e+00 1.28200042e+00
1.29590257e+00 1.06786900e+06 3.04827527e+02 6.50814519e+01 -3.24661801e+01 4.28886055e+01 3.07992450e+01 2.69188613e+01 -4.68542807e+01 4.87508524e+01 5.35872357e+01 -6.40460353e+01 4.70613210e+01 1.99069474e+00 1.55489216e+00 1.28027833e+00
1.29904204e+00 1.07423500e+06 3.04589269e+02 6.48431934e+01 -3.07252214e+01 4.26021500e+01 3.07020005e+01 2.68216168e+01 -4.67753656e+01 4.87536903e+01 5.34130899e+01 -6.38553644e+01 4.70385271e+01 1.99141947e+00 1.55485438e+00 1.28077555e+00
1.30218020e+00 1.07739300e+06 3.04254980e+02 6.45089047e+01 -3.26504283e+01 4.46176376e+01 3.05362468e+01 2.66558631e+01 -4.65124536e+01 4.84409463e+01 5.31811719e+01 -6.40230553e+01 4.71733563e+01 1.99510223e+00 1.55565561e+00 1.28248323e+00
1.30532359e+00 1.08762100e+06 3.04467169e+02 6.47210937e+01 -3.21434791e+01 4.35451996e+01 3.04905847e+01 2.66102010e+01 -4.65168946e+01 4.85837951e+01 5.30669987e+01 -6.38738085e+01 4.71340549e+01 1.99423517e+00 1.55954836e+00 1.27872608e+00
1.30846593e+00 1.08792300e+06 3.04349213e+02 6.46031382e+01 -3.14756684e+01 4.81569682e+01 3.03617355e+01 2.64813518e+01 -4.64173698e+01 4.85251459e+01 5.28621809e+01 -6.40035543e+01 4.77649225e+01 1.99620401e+00 1.56191261e+00 1.27805103e+00
1.31160305e+00 1.09394500e+06 3.03756416e+02 6.40103404e+01 -3.19427826e+01 4.69567476e+01 3.01641125e+01 2.62837288e+01 -4.60851156e+01 4.81798748e+01 5.25714311e+01 -6.38262870e+01 4.75001453e+01 2.00015118e+00 1.56056398e+00 1.28168483e+00
1.31474581e+00 1.10262900e+06 3.03823695e+02 6.40776193e+01 -3.16402082e+01 4.39856177e+01 3.01361831e+01 2.62557994e+01 -4.61094136e+01 4.81761459e+01 5.24287275e+01 -6.37069445e+01 4.72067431e+01 1.99684369e+00 1.56221413e+00 1.27821382e+00
1.31788925e+00 1.10461900e+06 3.03921568e+02 6.41754926e+01 -3.18620016e+01 4.59298623e+01 3.00338594e+01 2.61534757e+01 -4.59699068e+01 4.81252622e+01 5.22972624e+01 -6.38766146e+01 4.75839440e+01 1.99962953e+00 1.56646213e+00 1.27652594e+00
1.32103052e+00 1.11166900e+06 3.03400279e+02 6.36542034e+01 -3.06875614e+01 4.81715974e+01 2.99786066e+01 2.60982229e+01 -4.59867991e+01 4.82557011e+01 5.20343543e+01 -6.35197974e+01 4.75571809e+01 1.99378917e+00 1.56173763e+00 1.27664797e+00
1.32417192e+00 1.11602100e+06 3.02960109e+02 6.32140341e+01 -3.08775583e+01 4.78507528e+01 2.97606949e+01 2.58803112e+01 -4.55462009e+01 4.78045749e+01 5.17107734e+01 -6.33219196e+01 4.73333557e+01 1.99807386e+00 1.56286695e+00 1.27846703e+00
1.32731592e+00 1.12297300e+06 3.03802460e+02 6.40563850e+01 -3.20976950e+01 4.67842717e+01 2.97021852e+01 2.58218015e+01 -4.55955024e+01 4.78359602e+01 5.17278037e+01 -6.37419385e+01 4.73022824e+01 2.00326084e+00 1.57502678e+00 1.27189001e+00
1.33045950e+00 1.12717500e+06 3.02964460e+02 6.32183843e+01 -3.18553166e+01 4.71991077e+01 2.95048164e+01 2.56244327e+01 -4.52002027e+01 4.75227744e+01 5.14004085e+01 -6.33425516e+01 4.72108547e+01 2.00591401e+00 1.57070478e+00 1.27707895e+00
1.33359926e+00 1.13037700e+06 3.02719187e+02 6.29731120e+01 -3.24312612e+01 4.92132363e+01 2.94525998e+01 2.55722162e+01 -4.52354344e+01 4.76407551e+01 5.12320300e+01 -6.35701456e+01 4.76800815e+01 2.00342550e+00 1.56925454e+00 1.27667338e+00
1.33674215e+00 1.14066900e+06 3.02533523e+02 6.27874474e+01 -3.06689576e+01 4.95037183e+01 2.93985060e+01 2.55181223e+01 -4.52470829e+01 4.77628176e+01 5.10148742e+01 -6.34229592e+01 4.77557662e+01 1.99916254e+00 1.56859944e+00 1.27448888e+00
1.33988669e+00 1.14202300e+06 3.02209264e+02 6.24631885e+01 -3.08340586e+01 5.05241493e+01 2.92396663e+01 2.53592826e+01 -4.49413787e+01 4.74059743e+01 5.07661939e+01 -6.32658169e+01 4.76954495e+01 2.00187816e+00 1.56943594e+00 1.27553990e+00
1.34302911e+00 1.14927700e+06 3.02756013e+02 6.30099375e+01 -3.22116822e+01 4.97553361e+01 2.91319931e+01 2.52516094e+01 -4.48207597e+01 4.72392620e+01 5.07108795e+01 -6.33977190e+01 4.76254087e+01 2.00822366e+00 1.57964680e+00 1.27131183e+00
1.34616937e+00 1.15221300e+06 3.02469927e+02 6.27238514e+01 -3.16831456e+01 5.09373674e+01 2.90857636e+01 2.52053799e+01 -4.48161167e+01 4.73887393e+01 5.05087666e+01 -6.33485429e+01 4.77653316e+01 2.00388833e+00 1.57750133e+00 1.27029264e+00
1.34930901e+00 1.15878100e+06 3.02143032e+02 6.23969566e+01 -3.12422199e+01 5.15625367e+01 2.89556697e+01 2.50752860e+01 -4.46032408e+01 4.71150015e+01 5.02319432e+01 -6.31284450e+01 4.75443842e+01 2.00324508e+00 1.57746146e+00 1.26991697e+00
1.35244773e+00 1.16287500e+06 3.02091559e+02 6.23454840e+01 -3.21406447e+01 4.94968957e+01 2.87895611e+01 2.49091774e+01 -4.43477132e+01 4.67674368e+01 5.00646518e+01 -6.30601419e+01 4.70931594e+01 2.00988780e+00 1.58205948e+00 1.27042493e+00
1.35558784e+00 1.16998900e+06 3.02198252e+02 6.24521763e+01 -3.11552107e+01 5.25211484e+01 2.87825580e+01 2.49021744e+01 -4.43982737e+01 4.70306450e+01 5.00145267e+01 -6.31698134e+01 4.78048488e+01 2.00844015e+00 1.58363523e+00 1.26824670e+00
1.35872992e+00 1.17557700e+06 3.02068866e+02 6.23227903e+01 -3.12539165e+01 5.28674113e+01 2.86787601e+01 2.47983764e+01 -4.42830828e+01 4.69463057e+01 4.97756424e+01 -6.30396799e+01 4.75737658e+01 2.00721377e+00 1.58530132e+00 1.26614022e+00
1.36187287e+00 1.18175500e+06 3.01785568e+02 6.20394926e+01 -3.11671233e+01 5.30009664e+01 2.84997970e+01 2.46194133e+01 -4.39542316e+01 4.65907993e+01 4.95216435e+01 -6.27494463e+01 4.74670160e+01 2.01148755e+00 1.58743250e+00 1.26713265e+00
1.36501921e+00 1.18843300e+06 3.02557010e+02 6.28109347e+01 -3.21570423e+01 5.41628687e+01 2.85075378e+01 2.46271541e+01 -4.41018367e+01 4.68325250e+01 4.95826001e+01 -6.33887673e+01 4.81665765e+01 2.01333048e+00 1.59702058e+00 1.26067910e+00
1.36815899e+00 1.18829700e+06 3.01672095e+02 6.19260195e+01 -3.11796911e+01 5.59400476e+01 2.84122052e+01 2.45318215e+01 -4.39566991e+01 4.67506842e+01 4.92727159e+01 -6.30727054e+01 4.82332495e+01 2.00852252e+00 1.58880897e+00 1.26416866e+00
1.37129593e+00 1.19676100e+06 3.01972935e+02 6.22268596e+01 -3.16250757e+01 5.55844396e+01 2.83172179e+01 2.44368342e+01 -4.38508992e+01 4.67067138e+01 4.91747605e+01 -6.30402892e+01 4.80286324e+01 2.01232124e+00 1.59575595e+00 1.26104574e+00
1.37443987e+00 1.20493500e+06 3.01996204e+02 6.22501286e+01 -3.22586770e+01 5.42408281e+01 2.82284804e+01 2.43480967e+01 -4.37019103e+01 4.65060904e+01 4.89360848e+01 -6.29642034e+01 4.77582862e+01 2.00985257e+00 1.59896007e+00 1.25697484e+00
1.37758170e+00 1.20606100e+06 3.01563509e+02 6.18174338e+01 -3.15906744e+01 5.54533850e+01 2.81465347e+01 2.42661510e+01 -4.36015315e+01 4.65041542e+01 4.87545081e+01 -6.28861799e+01 4.79448428e+01 2.00915704e+00 1.59608141e+00 1.25880612e+00
1.38072348e+00 1.21561300e+06 3.01861622e+02 6.21155465e+01 -3.15937792e+01 5.71890601e+01 2.80430694e+01 2.41626857e+01 -4.34706528e+01 4.63578994e+01 4.86207963e+01 -6.28489838e+01 4.80062636e+01 2.01222649e+00 1.60334711e+00 1.25501614e+00
1.38386604e+00 1.21826700e+06 3.01678743e+02 6.19326679e+01 -3.13225781e+01 5.79343772e+01 2.79591795e+01 2.40787958e+01 -4.33874576e+01 4.63440204e+01 4.84101080e+01 -6.28425441e+01 4.81055506e+01 2.01048709e+00 1.60377158e+00 1.25359940e+00
1.38700773e+00 1.22550100e+06 3.01753218e+02 6.20071431e+01 -3.08314875e+01 5.77312248e+01 2.78359457e+01 2.39555620e+01 -4.32254090e+01 4.61820319e+01 4.82449211e+01 -6.26755019e+01 4.79105067e+01 2.01393401e+00 1.60885787e+00 1.25177870e+00
1.39014932e+00 1.22956500e+06 3.01427890e+02 6.16818149e+01 -3.12935520e+01 5.83710335e+01 2.77348392e+01 2.38544556e+01 -4.29895464e+01 4.59978336e+01 4.80211635e+01 -6.24486834e+01 4.78715492e+01 2.01308990e+00 1.60802878e+00 1.25189917e+00
1.39328874e+00 1.23503500e+06 3.01843725e+02 6.20976493e+01 -3.25077838e+01 5.97549097e+01 2.77159884e+01 2.38356048e+01 -4.30489103e+01 4.60596896e+01 4.80541743e+01 -6.29347024e+01 4.82265662e+01 2.01606692e+00 1.61407791e+00 1.24905181e+00
1.39642899e+00 1.24068900e+06 3.01657885e+02 6.19118097e+01 -3.13619183e+01 5.86270922e+01 2.76696440e+01 2.37892603e+01 -4.30516995e+01 4.61969526e+01 4.78915133e+01 -6.27736781e+01 4.83292928e+01 2.01315689e+00 1.61322997e+00 1.24790447e+00
1.39957190e+00 1.24924900e+06 3.01855856e+02 6.21097812e+01 -3.13814149e+01 6.00262847e+01 2.75863494e+01 2.37059657e+01 -4.29667051e+01 4.61734156e+01 4.77746363e+01 -6.30063236e+01 4.88109538e+01 2.01530015e+00 1.61864337e+00 1.24505508e+00
1.40271503e+00 1.25124100e+06 3.01551314e+02 6.18052389e+01 -3.18926748e+01 6.22889720e+01 2.74786115e+01 2.35982278e+01 -4.28284160e+01 4.60095045e+01 4.75731410e+01 -6.28490538e+01 4.86414213e+01 2.01596244e+00 1.61835186e+00 1.24568859e+00
1.40585753e+00 1.26072300e+06 3.02339814e+02 6.25937390e+01 -3.18910854e+01 6.10440009e+01 2.75192203e+01 2.36388366e+01 -4.29244464e+01 4.61995801e+01 4.76151732e+01 -6.29181699e+01 4.86655103e+01 2.01427735e+00 1.62724295e+00 1.23784673e+00
1.40899464e+00 1.25763700e+06 3.02191206e+02 6.24451305e+01 -3.13549030e+01 6.26763983e+01 2.73034635e+01 2.34230798e+01 -4.25907493e+01 4.58693445e+01 4.72828217e+01 -6.27244495e+01 4.85965097e+01 2.01864238e+00 1.63277856e+00 1.23632342e+00
1.41213459e+00 1.27403700e+06 3.01471883e+02 6.17258073e+01 -3.10234177e+01 6.17766318e+01 2.72533218e+01 2.33729381e+01 -4.24944449e+01 4.57854261e+01 4.70086899e+01 -6.26090994e+01 4.83082251e+01 2.01124436e+00 1.62508744e+00 1.23762224e+00
1.41528151e+00 1.27547500e+06 3.02446907e+02 6.27008318e+01 -3.11970342e+01 6.56037038e+01 2.71946813e+01 2.33142976e+01 -4.23821112e+01 4.57882916e+01 4.70516477e+01 -6.26248770e+01 4.88005114e+01 2.01814563e+00 1.63993065e+00 1.23062864e+00
1.41842438e+00 1.28110500e+06 3.02288502e+02 6.25424265e+01 -3.16271240e+01 6.58577264e+01 2.71588562e+01 2.32784725e+01 -4.24409098e+01 4.58381598e+01 4.69247315e+01 -6.29033356e+01 4.88736266e+01 2.01579943e+00 1.63911764e+00 1.22980766e+00
1.42156501e+00 1.28596900e+06 3.02590539e+02 6.28444635e+01 -3.09339252e+01 6.61714806e+01 2.70703565e+01 2.31899729e+01 -4.23019252e+01 4.57202795e+01 4.67905977e+01 -6.25461479e+01 4.89184086e+01 2.01770817e+00 1.64620301e+00 1.22567397e+00
1.42470695e+00 1.29246100e+06 3.02629948e+02 6.28838729e+01 -3.11385188e+01 6.77090017e+01 2.70009365e+01 2.31205528e+01 -4.22205123e+01 4.57541727e+01 4.66366687e+01 -6.27350457e+01 4.91039841e+01 2.01710872e+00 1.64918940e+00 1.22309101e+00
1.42784873e+00 1.29806700e+06 3.02368353e+02 6.26222774e+01 -3.04735879e+01 6.80660918e+01 2.69711971e+01 2.30908134e+01 -4.22105090e+01 4.57784285e+01 4.64828986e+01 -6.26152620e+01 4.89763756e+01 2.01304726e+00 1.64681499e+00 1.22238822e+00
1.43098940e+00 1.30299700e+06 3.02909002e+02 6.31629266e+01 -3.18548580e+01 6.94391822e+01 2.69310768e+01 2.30506932e+01 -4.22144891e+01 4.58796624e+01 4.65007136e+01 -6.28947757e+01 4.95694444e+01 2.01732387e+00 1.65534731e+00 1.21867107e+00
1.43413123e+00 1.30960500e+06 3.02626045e+02 6.28799701e+01 -3.19194585e+01 6.76606427e+01 2.67282305e+01 2.28478468e+01 -4.17835236e+01 4.53319470e+01 4.61775662e+01 -6.25331720e+01 4.88261487e+01 2.02109051e+00 1.65895087e+00 1.21829437e+00
1.43727368e+00 1.31599900e+06 3.02875414e+02 6.31293383e+01 -3.14052126e+01 7.17513037e+01 2.68003369e+01 2.29199532e+01 -4.20528179e+01 4.57878540e+01 4.62140161e+01 -6.29447542e+01 4.96404870e+01 2.01632245e+00 1.65962037e+00 1.21492992e+00
1.44041556e+00 1.31986900e+06 3.03648952e+02 6.39028763e+01 -3.17796080e+01 7.09584725e+01 2.67846879e+01 2.29043042e+01 -4.20705634e+01 4.58611793e+01 4.61634893e+01 -6.30772020e+01 4.97184375e+01 2.01549407e+00 1.67032758e+00 1.20664599e+00
1.44355661e+00 1.32764100e+06 3.03515396e+02 6.37693206e+01 -3.20350092e+01 7.19082775e+01 2.66674834e+01 2.27870997e+01 -4.18729859e+01 4.55940412e+01 4.59722915e+01 -6.29447266e+01 4.95947853e+01 2.01747006e+00 1.67286682e+00 1.20599562e+00
1.44669725e+00 1.33025500e+06 3.03167393e+02 6.34213177e+01 -3.03991247e+01 7.37389069e+01 2.65782325e+01 2.26978489e+01 -4.17351306e+01 4.55477965e+01 4.57831960e+01 -6.27644152e+01 4.97135176e+01 2.01707203e+00 1.67157274e+00 1.20669115e+00
1.44983683e+00 1.33845300e+06 3.03887713e+02 6.41416381e+01 -3.06395937e+01 7.46533080e+01 2.66773768e+01 2.27969931e+01 -4.20130517e+01 4.59472894e+01 4.58385899e+01 -6.31792655e+01 5.00569958e+01 2.01072964e+00 1.67737915e+00 1.19873295e+00
1.45297698e+00 1.34284900e+06 3.04046743e+02 6.43006679e+01 -3.10301062e+01 7.78819625e+01 2.65527993e+01 2.26724156e+01 -4.17869400e+01 4.57606339e+01 4.56767201e+01 -6.31175492e+01 5.03249007e+01 2.01463845e+00 1.68406498e+00 1.19629496e+00
1.45612056e+00 1.35236100e+06 3.04412083e+02 6.46660077e+01 -3.14398575e+01 7.67621241e+01 2.64777002e+01 2.25973165e+01 -4.16551234e+01 4.55903666e+01 4.56311155e+01 -6.30373779e+01 5.00840337e+01 2.01931567e+00 1.69164641e+00 1.19369844e+00
1.45926300e+00 1.35414700e+06 3.04415470e+02 6.46693945e+01 -3.13612144e+01 7.88588927e+01 2.64534252e+01 2.25730415e+01 -4.17122697e+01 4.57891450e+01 4.54705251e+01 -6.31404019e+01 5.03846120e+01 2.01437299e+00 1.69260008e+00 1.19010569e+00
1.46240452e+00 1.36261300e+06 3.04543744e+02 6.47976688e+01 -3.14750635e+01 7.98573601e+01 2.63501582e+01 2.24697745e+01 -4.15076691e+01 4.56234497e+01 4.52569559e+01 -6.30006309e+01 5.01748845e+01 2.01412594e+00 1.69816675e+00 1.18605899e+00
1.46554796e+00 1.36806900e+06 3.05388247e+02 6.56421721e+01 -3.06313626e+01 8.03747347e+01 2.63578024e+01 2.24774187e+01 -4.15459134e+01 4.57494351e+01 4.54044333e+01 -6.31305705e+01 5.08194428e+01 2.02000211e+00 1.70890631e+00 1.18204380e+00
1.46868909e+00 1.37208700e+06 3.05866734e+02 6.61206582e+01 -3.21492770e+01 8.38902361e+01 2.63381110e+01 2.24577273e+01 -4.16297161e+01 4.58752922e+01 4.52917600e+01 -6.35523104e+01 5.12810995e+01 2.01675616e+00 1.71587514e+00 1.17535135e+00
1.47182999e+00 1.37948100e+06 3.05530317e+02 6.57842421e+01 -3.06074431e+01 8.27776866e+01 2.62303729e+01 2.23499892e+01 -4.13830670e+01 4.56234216e+01 4.50810878e+01 -6.31149410e+01 5.08346119e+01 2.01705188e+00 1.71562466e+00 1.17569532e+00
1.47497323e+00 1.38622900e+06 3.05504783e+02 6.57587072e+01 -3.09281245e+01 8.33928316e+01 2.61717695e+01 2.22913859e+01 -4.12743438e+01 4.56115459e+01 4.48612621e+01 -6.29293523e+01 5.06309123e+01 2.01249319e+00 1.71754490e+00 1.17172668e+00
1.47811383e+00 1.38851700e+06 3.06042684e+02 6.62966084e+01 -3.12677620e+01 8.41986261e+01 2.61324498e+01 2.22520661e+01 -4.12633798e+01 4.56392673e+01 4.48088708e+01 -6.30663966e+01 5.07758797e+01 2.01369485e+00 1.72607827e+00 1.16663009e+00
1.48125524e+00 1.39926700e+06 3.06715731e+02 6.69696554e+01 -3.18792086e+01 8.76637222e+01 2.61186963e+01 2.22383126e+01 -4.12575084e+01 4.57362314e+01 4.48645053e+01 -6.33618012e+01 5.14345253e+01 2.01744198e+00 1.73535414e+00 1.16255347e+00
1.48439827e+00 1.40173300e+06 3.07064261e+02 6.73181853e+01 -3.19350747e+01 8.75932434e+01 2.61104044e+01 2.22300207e+01 -4.13147511e+01 4.58180412e+01 4.48079461e+01 -6.36196485e+01 5.16500375e+01 2.01565022e+00 1.74018839e+00 1.15829426e+00
1.48753883e+00 1.40837700e+06 3.07316368e+02 6.75702929e+01 -3.04069314e+01 8.94438459e+01 2.60764848e+01 2.21961011e+01 -4.12868235e+01 4.58525154e+01 4.46361467e+01 -6.33616518e+01 5.13520882e+01 2.01099042e+00 1.74477550e+00 1.15257833e+00
1.49067993e+00 1.41485500e+06 3.07949595e+02 6.82035193e+01 -3.15885021e+01 9.03835450e+01 2.60417030e+01 2.21613193e+01 -4.12765515e+01 4.58867835e+01 4.46594470e+01 -6.36466745e+01 5.17070600e+01 2.01519803e+00 1.75430696e+00 1.14871461e+00
1.49382338e+00 1.42175700e+06 3.08264562e+02 6.85184871e+01 -3.12891209e+01 9.17142128e+01 2.61054766e+01 2.22250929e+01 -4.14336382e+01 4.62451304e+01 4.46043660e+01 -6.37677873e+01 5.20072397e+01 2.00693722e+00 1.75582848e+00 1.14301439e+00
1.49696452e+00 1.42549300e+06 3.08866490e+02 6.91204145e+01 -3.13920869e+01 9.50523293e+01 2.60716250e+01 2.21912413e+01 -4.14083366e+01 4.62228829e+01 4.46323553e+01 -6.39360932e+01 5.25602070e+01 2.01125997e+00 1.76486857e+00 1.13960892e+00
1.50010311e+00 1.43085900e+06 3.09167119e+02 6.94210433e+01 -3.20653947e+01 9.66855383e+01 2.59986506e+01 2.21182669e+01 -4.12885628e+01 4.61189534e+01 4.45656719e+01 -6.40819230e+01 5.25741557e+01 2.01488083e+00 1.77161774e+00 1.13731127e+00
1.50324309e+00 1.43852500e+06 3.09258600e+02 6.95125250e+01 -3.12186203e+01 9.58672338e+01 2.59001926e+01 2.20198089e+01 -4.11224705e+01 4.59145784e+01 4.43068204e+01 -6.39643329e+01 5.22701592e+01 2.01213465e+00 1.77674360e+00 1.13248454e+00
1.50638491e+00 1.44529300e+06 3.10499789e+02 7.07537141e+01 -3.24766565e+01 9.97896188e+01 2.59609549e+01 2.20805712e+01 -4.12826062e+01 4.63277716e+01 4.45003275e+01 -6.44078653e+01 5.32337344e+01 2.01536124e+00 1.79006775e+00 1.12585752e+00
1.50952657e+00 1.44956100e+06 3.10653441e+02 7.09073661e+01 -3.23398657e+01 1.01804575e+02 2.60355165e+01 2.21551328e+01 -4.14953496e+01 4.65639573e+01 4.45182621e+01 -6.46859735e+01 5.35541253e+01 2.00938818e+00 1.78899241e+00 1.12319548e+00
1.51266870e+00 1.45891900e+06 3.10398365e+02 7.06522899e+01 -3.23150020e+01 1.01953269e+02 2.59512109e+01 2.20708272e+01 -4.13566760e+01 4.64708934e+01 4.42585633e+01 -6.43372914e+01 5.33450061e+01 2.00529699e+00 1.78917910e+00 1.12079165e+00
1.51581187e+00 1.46127300e+06 3.11600638e+02 7.18545630e+01 -3.16867086e+01 1.06172780e+02 2.59420212e+01 2.20616375e+01 -4.13578900e+01 4.65788661e+01 4.42914926e+01 -6.46963015e+01 5.37555894e+01 2.00762489e+00 1.80471365e+00 1.11243404e+00
1.51895448e+00 1.47164500e+06 3.11986601e+02 7.22405254e+01 -3.13647186e+01 1.06498725e+02 2.59177344e+01 2.20373507e+01 -4.13367980e+01 4.65797489e+01 4.42003816e+01 -6.46597117e+01 5.37400870e+01 2.00570305e+00 1.81055097e+00 1.10778602e+00
1.52209753e+00 1.47364300e+06 3.12417706e+02 7.26716304e+01 -3.26922957e+01 1.08797849e+02 2.59426760e+01 2.20622923e+01 -4.14527627e+01 4.68256372e+01 4.41562751e+01 -6.49273793e+01 5.43495156e+01 2.00143641e+00 1.81491853e+00 1.10276928e+00
1.52523777e+00 1.48065300e+06 3.13159118e+02 7.34130428e+01 -3.13359862e+01 1.09436353e+02 2.58911976e+01 2.20108139e+01 -4.13307805e+01 4.67182954e+01 4.41585183e+01 -6.48276942e+01 5.41430169e+01 2.00621924e+00 1.82628504e+00 1.09852471e+00
1.52837748e+00 1.48590100e+06 3.14194087e+02 7.44480119e+01 -3.16190861e+01 1.11390488e+02 2.59618923e+01 2.20815086e+01 -4.14894399e+01 4.70047860e+01 4.42642102e+01 -6.51356954e+01 5.47887054e+01 2.00458270e+00 1.83616702e+00 1.09172133e+00
1.53152027e+00 1.49508900e+06 3.14618257e+02 7.48721818e+01 -3.14452379e+01 1.14009203e+02 2.58843046e+01 2.20039209e+01 -4.13938619e+01 4.70033762e+01 4.41125183e+01 -6.51943541e+01 5.48943336e+01 2.00475717e+00 1.84463399e+00 1.08680485e+00
1.53466185e+00 1.49809900e+06 3.14937240e+02 7.51911651e+01 -3.24543294e+01 1.16477558e+02 2.59495686e+01 2.20691849e+01 -4.15727596e+01 4.72647256e+01 4.41221859e+01 -6.55190554e+01 5.54859504e+01 1.99926667e+00 1.84582388e+00 1.08312970e+00
1.53780535e+00 1.50837300e+06 3.15926874e+02 7.61807989e+01 -3.16850717e+01 1.17948993e+02 2.58923792e+01 2.20119955e+01 -4.14144915e+01 4.71494658e+01 4.40854323e+01 -6.53612921e+01 5.54484195e+01 2.00279126e+00 1.86034313e+00 1.07657090e+00
1.54094690e+00 1.50861700e+06 3.16556336e+02 7.68102611e+01 -3.25837394e+01 1.20377957e+02 2.59429411e+01 2.20625574e+01 -4.15540384e+01 4.74298828e+01 4.41322124e+01 -6.58880693e+01 5.58201729e+01 2.00032170e+00 1.86587134e+00 1.07205768e+00
1.54408727e+00 1.51992700e+06 3.16911552e+02 7.71654768e+01 -3.20646667e+01 1.23540562e+02 2.59579894e+01 2.20776057e+01 -4.16571913e+01 4.76063559e+01 4.41036095e+01 -6.59805136e+01 5.63709929e+01 1.99766271e+00 1.86954333e+00 1.06852977e+00
1.54722932e+00 1.52212500e+06 3.17762286e+02 7.80162102e+01 -3.25818720e+01 1.23380404e+02 2.59888596e+01 2.21084759e+01 -4.18029573e+01 4.78663107e+01 4.40423592e+01 -6.61489657e+01 5.64547753e+01 1.99210291e+00 1.87850788e+00 1.06047088e+00
1.55037199e+00 1.53333700e+06 3.18944962e+02 7.91988868e+01 -3.30436916e+01 1.25653234e+02 2.60635373e+01 2.21831536e+01 -4.19473971e+01 4.81334466e+01 4.42507103e+01 -6.64368180e+01 5.71335994e+01 1.99478898e+00 1.88950435e+00 1.05572077e+00
1.55351406e+00 1.53359700e+06 3.19621396e+02 7.98753202e+01 -3.24327860e+01 1.28628468e+02 2.59969104e+01 2.21165267e+01 -4.18252520e+01 4.80395593e+01 4.40437125e+01 -6.63924707e+01 5.69810697e+01 1.99143894e+00 1.90041235e+00 1.04789834e+00
1.55665465e+00 1.54450300e+06 3.20602529e+02 8.08564536e+01 -3.31358395e+01 1.32455485e+02 2.60594884e+01 2.21791047e+01 -4.19827922e+01 4.83354907e+01 4.42401393e+01 -6.68770495e+01 5.76520890e+01 1.99467651e+00 1.90934909e+00 1.04468927e+00
1.55979533e+00 1.54630500e+06 3.21314836e+02 8.15687604e+01 -3.23072976e+01 1.33286976e+02 2.60247591e+01 2.21443754e+01 -4.18642977e+01 4.82375638e+01 4.41439345e+01 -6.67941543e+01 5.75996799e+01 1.99346036e+00 1.91924410e+00 1.03866953e+00
1.56293700e+00 1.55760100e+06 3.22427688e+02 8.26816131e+01 -3.27538017e+01 1.36806479e+02 2.61338898e+01 2.22535061e+01 -4.21527491e+01 4.86966368e+01 4.43052637e+01 -6.72900301e+01 5.86412854e+01 1.99093408e+00 1.92754820e+00 1.03288420e+00
1.56607963e+00 1.55995900e+06 3.22953012e+02 8.32069362e+01 -3.19962483e+01 1.38881528e+02 2.60868014e+01 2.22064177e+01 -4.20357865e+01 4.86648611e+01 4.41737365e+01 -6.71431925e+01 5.85495692e+01 1.98923289e+00 1.93571098e+00 1.02764974e+00
1.56921959e+00 1.56730500e+06 3.23301310e+02 8.35552349e+01 -3.25675566e+01 1.41218361e+02 2.61293265e+01 2.22489428e+01 -4.21606216e+01 4.89174482e+01 4.41760364e+01 -6.74974164e+01 5.88808452e+01 1.98553418e+00 1.93790348e+00 1.02457847e+00
1.57236193e+00 1.57524100e+06 3.24524583e+02 8.47785074e+01 -3.28079562e+01 1.43468904e+02 2.61906938e+01 2.23103101e+01 -4.23381881e+01 4.91350241e+01 4.41340259e+01 -6.77121562e+01 5.87707365e+01 1.97818971e+00 1.94935116e+00 1.01479392e+00
1.57550198e+00 1.57736700e+06 3.25546713e+02 8.58006377e+01 -3.34719384e+01 1.47126792e+02 2.62592442e+01 2.23788605e+01 -4.25183269e+01 4.94587232e+01 4.43572081e+01 -6.81799926e+01 5.96425390e+01 1.98210307e+00 1.95806125e+00 1.01227838e+00
1.57864183e+00 1.58738500e+06 3.26274249e+02 8.65281732e+01 -3.30565052e+01 1.50686000e+02 2.62405754e+01 2.23601917e+01 -4.24559675e+01 4.94882596e+01 4.42838795e+01 -6.81487049e+01 6.00125398e+01 1.98047853e+00 1.96716599e+00 1.00676737e+00
1.58178466e+00 1.59359700e+06 3.27456122e+02 8.77100462e+01 -3.18964692e+01 1.53395117e+02 2.62481222e+01 2.23677385e+01 -4.24808326e+01 4.96330049e+01 4.43106850e+01 -6.83592555e+01 6.04502980e+01 1.98100872e+00 1.98022086e+00 1.00039786e+00
1.58492583e+00 1.59747700e+06 3.28893885e+02 8.91478097e+01 -3.23830119e+01 1.56264412e+02 2.63748898e+01 2.24945061e+01 -4.27836148e+01 5.00662556e+01 4.44377285e+01 -6.87833981e+01 6.09373915e+01 1.97549252e+00 1.99075176e+00 9.92334937e-01
1.58806885e+00 1.60902700e+06 3.29461791e+02 8.97157154e+01 -3.35405059e+01 1.57744465e+02 2.64457604e+01 2.25653767e+01 -4.29759750e+01 5.04114919e+01 4.44982108e+01 -6.90613267e+01 6.12925731e+01 1.97196844e+00 1.99394405e+00 9.88978824e-01
1.59121046e+00 1.60840500e+06 3.30807363e+02 9.10612876e+01 -3.27511898e+01 1.64486336e+02 2.64965821e+01 2.26161984e+01 -4.30562871e+01 5.06096320e+01 4.45658341e+01 -6.94119102e+01 6.21260670e+01 1.97052720e+00 2.00658282e+00 9.82031329e-01
1.59435141e+00 1.62108100e+06 3.31527506e+02 9.17814308e+01 -3.28210592e+01 1.65782395e+02 2.65779810e+01 2.26975973e+01 -4.32705801e+01 5.09962006e+01 4.46827135e+01 -6.96936948e+01 6.24470035e+01 1.96860985e+00 2.01088608e+00 9.78976315e-01
1.59749526e+00 1.62423900e+06 3.32749193e+02 9.30031178e+01 -3.32669565e+01 1.69072599e+02 2.65962982e+01 2.27159146e+01 -4.32458613e+01 5.10518314e+01 4.47355941e+01 -6.98996194e+01 6.28143647e+01 1.96935034e+00 2.02340883e+00 9.73283458e-01
1.60063766e+00 1.63184500e+06 3.34507546e+02 9.47614710e+01 -3.47237142e+01 1.71421216e+02 2.66438113e+01 2.27634276e+01 -4.33659325e+01 5.12987605e+01 4.48223706e+01 -7.04441045e+01 6.32347788e+01 1.96905191e+00 2.04031428e+00 9.65072847e-01
1.60377568e+00 1.63372900e+06 3.35554317e+02 9.58082415e+01 -3.42004660e+01 1.75743517e+02 2.67678826e+01 2.28874989e+01 -4.36571929e+01 5.17859984e+01 4.49443821e+01 -7.07279187e+01 6.40005918e+01 1.96370876e+00 2.04598416e+00 9.59786886e-01
1.60691761e+00 1.64716500e+06 3.36449656e+02 9.67035805e+01 -3.37675053e+01 1.79703635e+02 2.68093982e+01 2.29290145e+01 -4.37530674e+01 5.19713363e+01 4.49444598e+01 -7.06501844e+01 6.43074753e+01 1.96015663e+00 2.05366018e+00 9.54469804e-01
1.61006129e+00 1.64475100e+06 3.37529063e+02 9.77829874e+01 -3.38219831e+01 1.74251288e+02 2.65839705e+01 2.27035868e+01 -4.31711483e+01 5.10551946e+01 4.48519379e+01 -7.07816817e+01 6.36378231e+01 1.97554414e+00 2.07531685e+00 9.51924104e-01
1.61320330e+00 1.64334000e+06 3.36495494e+02 9.67494191e+01 -3.37284619e+01 1.61635313e+02 2.60463957e+01 2.21660120e+01 -4.18867406e+01 4.90999745e+01 4.42562382e+01 -6.93903609e+01 6.15383541e+01 1.99658100e+00 2.08920185e+00 9.55666872e-01
1.61634370e+00 1.63670800e+06 3.37064163e+02 9.73180873e+01 -3.31793706e+01 1.47648909e+02 2.56257237e+01 2.17453400e+01 -4.08508632e+01 4.73704676e+01 4.39146528e+01 -6.84432998e+01 5.98378617e+01 2.01949718e+00 2.11550317e+00 9.54617891e-01
1.61948456e+00 1.63747800e+06 3.36445846e+02 9.66997711e+01 -3.28269393e+01 1.36885466e+02 2.52097720e+01 2.13293883e+01 -3.98149409e+01 4.57663851e+01 4.35402492e+01 -6.75705417e+01 5.82087416e+01 2.04132667e+00 2.12923464e+00 9.58713818e-01
1.62262738e+00 1.63118200e+06 3.36376258e+02 9.66301824e+01 -3.27103122e+01 1.24223033e+02 2.48578234e+01 2.09774398e+01 -3.89397020e+01 4.43766085e+01 4.31113281e+01 -6.65955014e+01 5.64169056e+01 2.05512820e+00 2.14624926e+00 9.57544048e-01
1.62576725e+00 1.62901000e+06 3.36950431e+02 9.72043556e+01 -3.15840388e+01 1.12687772e+02 2.45721177e+01 2.06917340e+01 -3.82858050e+01 4.32564019e+01 4.27785331e+01 -6.58653815e+01 5.49512942e+01 2.06742137e+00 2.16742670e+00 9.53859878e-01
1.62890889e+00 1.62552600e+06 3.36384076e+02 9.66380002e+01 -3.15123066e+01 1.02358535e+02 2.42599052e+01 2.03795215e+01 -3.75428348e+01 4.20483246e+01 4.24465259e+01 -6.51146944e+01 5.37111528e+01 2.08280287e+00 2.17759432e+00 9.56469646e-01
1.63205108e+00 1.62316600e+06 3.36268226e+02 9.65221503e+01 -2.98600003e+01 9.10672504e+01 2.39757787e+01 2.00953950e+01 -3.68461485e+01 4.08869703e+01 4.20341375e+01 -6.41679867e+01 5.22086952e+01 2.09172984e+00 2.19161982e+00 9.54421848e-01
1.63519208e+00 1.61727000e+06 3.36107322e+02 9.63612465e+01 -3.02887349e+01 8.09370676e+01 2.37432852e+01 1.98629015e+01 -3.62896414e+01 3.99914123e+01 4.17008845e+01 -6.34072314e+01 5.10275694e+01 2.09943570e+00 2.20257071e+00 9.53175164e-01
1.63833471e+00 1.61774200e+06 3.35871525e+02 9.61254500e+01 -2.95712605e+01 6.66133489e+01 2.34696124e+01 1.95892287e+01 -3.56463743e+01 3.88657728e+01 4.13964125e+01 -6.26732200e+01 4.95439550e+01 2.11322320e+00 2.21518767e+00 9.53970279e-01
1.64147734e+00 1.61133000e+06 3.36094014e+02 9.63479391e+01 -2.93042146e+01 5.85294028e+01 2.32725526e+01 1.93921689e+01 -3.52064166e+01 3.81045023e+01 4.10340214e+01 -6.20204407e+01 4.83991739e+01 2.11600990e+00 2.22898950e+00 9.49313536e-01
1.64461860e+00 1.60827400e+06 3.36096705e+02 9.63506299e+01 -3.02335998e+01 4.56563453e+01 2.30554348e+01 1.91750511e+01 -3.46747177e+01 3.71764236e+01 4.07904545e+01 -6.15017906e+01 4.71029198e+01 2.12726706e+00 2.24160463e+00 9.48992981e-01
1.64775979e+00 1.60474000e+06 3.35505209e+02 9.57591334e+01 -2.93383161e+01 3.52073401e+01 2.28374392e+01 1.89570555e+01 -3.41750089e+01 3.63223374e+01 4.04362911e+01 -6.07088825e+01 4.59860461e+01 2.13304704e+00 2.24752568e+00 9.49064590e-01
1.65090299e+00 1.60329000e+06 3.36063046e+02 9.63169703e+01 -2.88218972e+01 2.63615762e+01 2.26790540e+01 1.87986703e+01 -3.37981415e+01 3.56436061e+01 4.01884555e+01 -6.01648460e+01 4.50100298e+01 2.13783501e+00 2.26353827e+00 9.44466034e-01
1.65404374e+00 1.59506800e+06 3.36472459e+02 9.67263836e+01 -2.80031660e+01 1.50419569e+01 2.24345920e+01 1.85542084e+01 -3.32430635e+01 3.47098236e+01 3.99796465e+01 -5.96950745e+01 4.40110898e+01 2.15474817e+00 2.28323840e+00 9.43724565e-01
1.65718382e+00 1.59555600e+06 3.35837207e+02 9.60911319e+01 -2.86163436e+01 3.66205895e+00 2.22436997e+01 1.83633160e+01 -3.28192451e+01 3.39967569e+01 3.96393692e+01 -5.89916087e+01 4.29530264e+01 2.15861717e+00 2.28752632e+00 9.43646919e-01
1.66032595e+00 1.58947000e+06 3.36171915e+02 9.64258394e+01 -2.73323957e+01 -5.47330009e+00 2.20825146e+01 1.82021309e+01 -3.24069044e+01 3.32806436e+01 3.93452633e+01 -5.84784566e+01 4.18854870e+01 2.16157457e+00 2.30163046e+00 9.39149270e-01
1.66346563e+00 1.58637000e+06 3.35645021e+02 9.58989458e+01 -2.74107784e+01 -1.62723719e+01 2.18971914e+01 1.80168077e+01 -3.19756259e+01 3.25291611e+01 3.90403026e+01 -5.78035114e+01 4.09516473e+01 2.16688235e+00 2.30710837e+00 9.39220010e-01
1.66660826e+00 1.58502400e+06 3.36425044e+02 9.66789685e+01 -2.65381044e+01 -2.52537387e+01 2.17935198e+01 1.79131361e+01 -3.17478752e+01 3.20673598e+01 3.88980485e+01 -5.74006494e+01 4.00305976e+01 2.17148177e+00 2.32316572e+00 9.34708080e-01
1.66975224e+00 1.57998400e+06 3.36621379e+02 9.68753035e+01 -2.66886206e+01 -3.58811287e+01 2.16516643e+01 1.77712806e+01 -3.14564973e+01 3.14697843e+01 3.86505664e+01 -5.70495919e+01 3.93386168e+01 2.17488920e+00 2.33478651e+00 9.31515235e-01
1.67289340e+00 1.57554000e+06 3.36650705e+02 9.69046297e+01 -2.69825785e+01 -4.48246723e+01 2.14242631e+01 1.75438794e+01 -3.09731167e+01 3.06896905e+01 3.82944883e+01 -5.64001722e+01 3.83879553e+01 2.18278337e+00 2.35022503e+00 9.28755055e-01
1.67603557e+00 1.57250200e+06 3.35771408e+02 9.60253327e+01 -2.68518719e+01 -5.66779856e+01 2.12591793e+01 1.73787956e+01 -3.05965574e+01 3.00462943e+01 3.79949391e+01 -5.58553207e+01 3.72773871e+01 2.18628149e+00 2.35062350e+00 9.30085782e-01
1.67917575e+00 1.56695400e+06 3.35892632e+02 9.61465563e+01 -2.57862753e+01 -6.52923079e+01 2.11115360e+01 1.72311523e+01 -3.02021623e+01 2.93968297e+01 3.77411447e+01 -5.51101539e+01 3.62840045e+01 2.19028560e+00 2.36216215e+00 9.27237615e-01
1.68231530e+00 1.56376600e+06 3.35858833e+02 9.61127573e+01 -2.64521206e+01 -7.36307043e+01 2.09773593e+01 1.70969756e+01 -2.99615523e+01 2.88514120e+01 3.75565224e+01 -5.49259118e+01 3.57973321e+01 2.19667637e+00 2.37099628e+00 9.26478203e-01
1.68545815e+00 1.56273400e+06 3.36159781e+02 9.64137061e+01 -2.48951034e+01 -8.25451336e+01 2.08480284e+01 1.69676447e+01 -2.96411055e+01 2.83459169e+01 3.73372609e+01 -5.42395677e+01 3.50497251e+01 2.20049756e+00 2.38373848e+00 9.23128766e-01
1.68859898e+00 1.55454600e+06 3.36297497e+02 9.65514214e+01 -2.42269687e+01 -9.25180983e+01 2.07151008e+01 1.68347171e+01 -2.93228532e+01 2.77932187e+01 3.70659396e+01 -5.37707140e+01 3.41608084e+01 2.20175601e+00 2.39483957e+00 9.19375161e-01
1.69174153e+00 1.55576200e+06 3.35975446e+02 9.62293710e+01 -2.47558805e+01 -1.02417048e+02 2.06441913e+01 1.67638076e+01 -2.92124946e+01 2.74866289e+01 3.68860881e+01 -5.35224769e+01 3.37719146e+01 2.20034070e+00 2.39589339e+00 9.18380054e-01
1.69488500e+00 1.54890600e+06 3.35945223e+02 9.61991480e+01 -2.52222341e+01 -1.11138398e+02 2.04520567e+01 1.65716730e+01 -2.87590952e+01 2.67458450e+01 3.65573986e+01 -5.30304298e+01 3.27028817e+01 2.20601738e+00 2.40936410e+00 9.15601497e-01
1.69802567e+00 1.54388800e+06 3.36431380e+02 9.66853049e+01 -2.51429024e+01 -1.19041894e+02 2.03608806e+01 1.64804969e+01 -2.85514841e+01 2.63483348e+01 3.64767701e+01 -5.27898315e+01 3.23558908e+01 2.21332951e+00 2.42211682e+00 9.13799655e-01
1.70116544e+00 1.54142400e+06 3.36321568e+02 9.65754927e+01 -2.41719787e+01 -1.27813913e+02 2.02231343e+01 1.63427506e+01 -2.81988002e+01 2.58181207e+01 3.62483421e+01 -5.20729087e+01 3.17043215e+01 2.21800742e+00 2.43092125e+00 9.12414344e-01
1.70430524e+00 1.53500200e+06 3.36437768e+02 9.66916928e+01 -2.49491511e+01 -1.37447249e+02 2.00690685e+01 1.61886848e+01 -2.78508553e+01 2.51929389e+01 3.59664063e+01 -5.16739594e+01 3.07548547e+01 2.22170033e+00 2.44393020e+00 9.09068650e-01
1.70744892e+00 1.53750400e+06 3.36620265e+02 9.68741896e+01 -2.42719232e+01 -1.45041909e+02 2.00082040e+01 1.61278203e+01 -2.77579972e+01 2.49168505e+01 3.58676726e+01 -5.15847602e+01 3.05222691e+01 2.22396282e+00 2.45084702e+00 9.07426208e-01
1.71059024e+00 1.52541000e+06 3.36377288e+02 9.66312129e+01 -2.34406708e+01 -1.53422826e+02 1.98522905e+01 1.59719068e+01 -2.73995618e+01 2.43525978e+01 3.55420291e+01 -5.08760826e+01 2.97171929e+01 2.22528403e+00 2.45968975e+00 9.04701101e-01
1.71373082e+00 1.52753200e+06 3.36638502e+02 9.68924264e+01 -2.37203458e+01 -1.64356345e+02 1.97977474e+01 1.59173637e+01 -2.72790829e+01 2.39892737e+01 3.53488647e+01 -5.07151488e+01 2.91005662e+01 2.22077383e+00 2.46722835e+00 9.00108752e-01
1.71687458e+00 1.52127000e+06 3.36410849e+02 9.66647740e+01 -2.31279948e+01 -1.70402504e+02 1.97284916e+01 1.58481079e+01 -2.71650136e+01 2.37371506e+01 3.51703649e+01 -5.03421322e+01 2.88554457e+01 2.21921539e+00 2.46970687e+00 8.98574407e-01
1.72001632e+00 1.51691200e+06 3.36894237e+02 9.71481612e+01 -2.33292024e+01 -1.79202005e+02 1.95579158e+01 1.56775322e+01 -2.67557918e+01 2.30784715e+01 3.50286702e+01 -5.00136283e+01 2.80440045e+01 2.23432297e+00 2.48930690e+00 8.97568305e-01
1.72315668e+00 1.51224000e+06 3.36422642e+02 9.66765664e+01 -2.26059843e+01 -1.87564054e+02 1.95059157e+01 1.56255320e+01 -2.66367732e+01 2.28174086e+01 3.47797452e+01 -4.96382002e+01 2.79158703e+01 2.22582791e+00 2.48738610e+00 8.94846164e-01
1.72630007e+00 1.51114000e+06 3.36761290e+02 9.70152151e+01 -2.30152782e+01 -1.93836411e+02 1.93529337e+01 1.54725500e+01 -2.63419342e+01 2.22980411e+01 3.46033307e+01 -4.92372397e+01 2.72999593e+01 2.23643360e+00 2.50402683e+00 8.93134838e-01
1.72944158e+00 1.50184600e+06 3.36769470e+02 9.70233947e+01 -2.20364283e+01 -2.02741772e+02 1.92256693e+01 1.53452856e+01 -2.60385651e+01 2.18175690e+01 3.43033208e+01 -4.85927671e+01 2.65330731e+01 2.23543059e+00 2.51449482e+00 8.89017774e-01
1.73258192e+00 1.50236400e+06 3.37382348e+02 9.76362731e+01 -2.24472019e+01 -2.11039262e+02 1.92304381e+01 1.53500544e+01 -2.60381320e+01 2.16390407e+01 3.43435450e+01 -4.85983837e+01 2.62479675e+01 2.23735657e+00 2.52203226e+00 8.87124485e-01
1.73572466e+00 1.49533000e+06 3.37197872e+02 9.74517963e+01 -2.22761149e+01 -2.18273633e+02 1.90166766e+01 1.51362929e+01 -2.56091069e+01 2.10400590e+01 3.40082852e+01 -4.82119109e+01 2.56311232e+01 2.24680411e+00 2.53737795e+00 8.85482632e-01
1.73886724e+00 1.49373000e+06 3.37231844e+02 9.74857690e+01 -2.11349496e+01 -2.27031911e+02 1.90063192e+01 1.51259355e+01 -2.55608847e+01 2.08432248e+01 3.38291639e+01 -4.77642496e+01 2.50258719e+01 2.23650060e+00 2.53868892e+00 8.80966775e-01
1.74200983e+00 1.48685200e+06 3.37427361e+02 9.76812855e+01 -2.06651647e+01 -2.35043096e+02 1.88726986e+01 1.49923149e+01 -2.52922056e+01 2.03550987e+01 3.36461967e+01 -4.74001914e+01 2.46461014e+01 2.24422960e+00 2.55253283e+00 8.79216742e-01
1.74514851e+00 1.48129000e+06 3.37753685e+02 9.80076098e+01 -2.08956255e+01 -2.40846399e+02 1.88200367e+01 1.49396530e+01 -2.51816972e+01 2.01431705e+01 3.34544104e+01 -4.71552126e+01 2.42552470e+01 2.23930304e+00 2.56129525e+00 8.74285400e-01
1.74829124e+00 1.48267800e+06 3.37987455e+02 9.82413796e+01 -2.02667979e+01 -2.49614447e+02 1.87318983e+01 1.48515146e+01 -2.49700204e+01 1.97277653e+01 3.33311134e+01 -4.68692421e+01 2.38596755e+01 2.24429052e+00 2.57194604e+00 8.72604046e-01
1.75143402e+00 1.47190000e+06 3.37427706e+02 9.76816304e+01 -2.08849873e+01 -2.55528262e+02 1.85875560e+01 1.47071724e+01 -2.46402334e+01 1.92158298e+01 3.30206996e+01 -4.64362934e+01 2.35223247e+01 2.24521062e+00 2.57716283e+00 8.71194709e-01
1.75457232e+00 1.47016800e+06 3.37935227e+02 9.81891516e+01 -2.01228253e+01 -2.64329769e+02 1.85185361e+01 1.46381525e+01 -2.45202119e+01 1.89465324e+01 3.28725102e+01 -4.62231411e+01 2.30961212e+01 2.24567344e+00 2.58993355e+00 8.67077629e-01
1.75771404e+00 1.46620000e+06 3.38296328e+02 9.85502529e+01 -2.17164576e+01 -2.70668979e+02 1.84645367e+01 1.45841531e+01 -2.43851701e+01 1.86491466e+01 3.28217159e+01 -4.61119957e+01 2.26950521e+01 2.25050545e+00 2.59949068e+00 8.65748611e-01
1.76085552e+00 1.46112000e+06 3.37964914e+02 9.82188388e+01 -2.17714124e+01 -2.76379677e+02 1.83690381e+01 1.44886545e+01 -2.41988103e+01 1.83117740e+01 3.25826869e+01 -4.57552958e+01 2.25102553e+01 2.24884146e+00 2.60365460e+00 8.63724959e-01
1.76399593e+00 1.45675600e+06 3.38623654e+02 9.88775790e+01 -1.98211031e+01 -2.87352626e+02 1.82884898e+01 1.44081061e+01 -2.39838409e+01 1.79001126e+01 3.24344545e+01 -4.53928512e+01 2.18675125e+01 2.25112546e+00 2.61966322e+00 8.59318649e-01
1.76713777e+00 1.45255600e+06 3.39111971e+02 9.93658956e+01 -1.99801633e+01 -2.93982693e+02 1.81794085e+01 1.42990248e+01 -2.37754270e+01 1.75339785e+01 3.23252545e+01 -4.51000155e+01 2.14432228e+01 2.26066147e+00 2.63612176e+00 8.57570962e-01
1.77028132e+00 1.45045200e+06 3.39082761e+02 9.93366856e+01 -2.00021792e+01 -2.99456201e+02 1.81571274e+01 1.42767437e+01 -2.37107699e+01 1.73622012e+01 3.21723568e+01 -4.49459388e+01 2.13576153e+01 2.25348002e+00 2.63779020e+00 8.54306009e-01
1.77342221e+00 1.44031600e+06 3.38908116e+02 9.91620409e+01 -2.08911854e+01 -3.06462223e+02 1.80312748e+01 1.41508911e+01 -2.34213448e+01 1.68986694e+01 3.19079984e+01 -4.44244820e+01 2.07667265e+01 2.25484021e+00 2.64716391e+00 8.51794709e-01
1.77656569e+00 1.44416400e+06 3.39368438e+02 9.96223627e+01 -2.01066086e+01 -3.13293859e+02 1.80114381e+01 1.41310544e+01 -2.33937255e+01 1.67767411e+01 3.18215608e+01 -4.44431767e+01 2.07335216e+01 2.25188862e+00 2.65516267e+00 8.48117009e-01
1.77970960e+00 1.43153200e+06 3.40032902e+02 1.00286827e+02 -1.97508853e+01 -3.20779710e+02 1.79357143e+01 1.40553306e+01 -2.32410693e+01 1.64293535e+01 3.17714299e+01 -4.41777780e+01 2.03725352e+01 2.26045412e+00 2.67116929e+00 8.46241431e-01
1.78284899e+00 1.43034000e+06 3.39688741e+02 9.99426657e+01 -1.91815776e+01 -3.26727984e+02 1.78656630e+01 1.39852793e+01 -2.30956669e+01 1.61758236e+01 3.14999564e+01 -4.38098399e+01 1.99492416e+01 2.25236520e+00 2.67325195e+00 8.42556273e-01
1.78598978e+00 1.42463200e+06 3.40290546e+02 1.00544471e+02 -2.02143975e+01 -3.32359084e+02 1.78066924e+01 1.39263087e+01 -2.29633065e+01 1.59574315e+01 3.15182440e+01 -4.38192030e+01 1.99794334e+01 2.26321595e+00 2.68695930e+00 8.42296330e-01
1.78913289e+00 1.42199800e+06 3.40675806e+02 1.00929731e+02 -1.94694714e+01 -3.41451292e+02 1.77235884e+01 1.38432047e+01 -2.27739000e+01 1.55346436e+01 3.12552661e+01 -4.34155025e+01 1.92590224e+01 2.25780567e+00 2.70017080e+00 8.36171428e-01
1.79227415e+00 1.41469800e+06 3.40768367e+02 1.01022292e+02 -1.96377477e+01 -3.46761364e+02 1.76798190e+01 1.37994353e+01 -2.26701405e+01 1.53760433e+01 3.11148439e+01 -4.33248890e+01 1.92692164e+01 2.25479109e+00 2.70568946e+00 8.33351767e-01
1.79541342e+00 1.40998000e+06 3.40824668e+02 1.01078592e+02 -1.89721759e+01 -3.54887356e+02 1.75440126e+01 1.36636289e+01 -2.23770858e+01 1.49049515e+01 3.09498882e+01 -4.28625893e+01 1.87797910e+01 2.26512945e+00 2.71986009e+00 8.32811018e-01
1.79855365e+00 1.40653200e+06 3.41117663e+02 1.01371588e+02 -1.97906261e+01 -3.59923609e+02 1.75082122e+01 1.36278285e+01 -2.22951015e+01 1.47229348e+01 3.07867486e+01 -4.28237325e+01 1.87194166e+01 2.25910889e+00 2.72737461e+00 8.28308981e-01
1.80169642e+00 1.40294800e+06 3.41602809e+02 1.01856734e+02 -1.90985714e+01 -3.66478504e+02 1.74798815e+01 1.35994978e+01 -2.22297898e+01 1.45320344e+01 3.07359322e+01 -4.25718627e+01 1.83774886e+01 2.26007848e+00 2.73673936e+00 8.25828908e-01
1.80483660e+00 1.39421400e+06 3.41597050e+02 1.01850975e+02 -1.87419576e+01 -3.73461063e+02 1.73571020e+01 1.34767183e+01 -2.20023060e+01 1.41665701e+01 3.05060984e+01 -4.21426527e+01 1.79221248e+01 2.26361476e+00 2.74909989e+00 8.23402151e-01
1.80797771e+00 1.39487200e+06 3.41142699e+02 1.01396624e+02 -1.91426835e+01 -3.78991317e+02 1.73529234e+01 1.34725398e+01 -2.19874433e+01 1.40753263e+01 3.03780657e+01 -4.20668186e+01 1.79713360e+01 2.25481358e+00 2.74338658e+00 8.21908804e-01
1.81112080e+00 1.38546400e+06 3.41899494e+02 1.02153419e+02 -1.78085348e+01 -3.86858119e+02 1.71762879e+01 1.32959042e+01 -2.15273461e+01 1.33654932e+01 3.01602556e+01 -4.15492534e+01 1.72655379e+01 2.26838696e+00 2.77183589e+00 8.18369863e-01
1.81426013e+00 1.38263400e+06 3.42513793e+02 1.02767718e+02 -1.85864665e+01 -3.92495642e+02 1.72283121e+01 1.33479284e+01 -2.17181609e+01 1.35353567e+01 3.01322736e+01 -4.16442216e+01 1.73777216e+01 2.25744946e+00 2.77473442e+00 8.13573161e-01
1.81740241e+00 1.37815000e+06 3.41957835e+02 1.02211760e+02 -1.88098065e+01 -3.98455980e+02 1.71521085e+01 1.32717248e+01 -2.15433431e+01 1.32141966e+01 2.99313267e+01 -4.13920705e+01 1.71912107e+01 2.25527029e+00 2.77515184e+00 8.12665549e-01
1.82054749e+00 1.37494800e+06 3.43447517e+02 1.03701442e+02 -1.96070447e+01 -4.05334107e+02 1.71387719e+01 1.32583883e+01 -2.15293458e+01 1.30656107e+01 2.99808393e+01 -4.14296399e+01 1.69490075e+01 2.26127330e+00 2.79670740e+00 8.08548402e-01
1.82369176e+00 1.36820800e+06 3.43261448e+02 1.03515373e+02 -1.82773948e+01 -4.10519774e+02 1.69975529e+01 1.31171692e+01 -2.12003603e+01 1.26281598e+01 2.96888615e+01 -4.10727907e+01 1.67398294e+01 2.26335888e+00 2.80919809e+00 8.05695722e-01
1.82683164e+00 1.36062400e+06 3.43652064e+02 1.03905989e+02 -1.79264248e+01 -4.16624262e+02 1.69424099e+01 1.30620262e+01 -2.10719533e+01 1.23531131e+01 2.96449328e+01 -4.09290705e+01 1.65152648e+01 2.26955086e+00 2.82042798e+00 8.04683147e-01
1.82997175e+00 1.35897000e+06 3.43619311e+02 1.03873235e+02 -1.75421405e+01 -4.21969209e+02 1.68960221e+01 1.30156384e+01 -2.09782368e+01 1.21457695e+01 2.94605931e+01 -4.06039063e+01 1.63043275e+01 2.26347660e+00 2.82500416e+00 8.01229476e-01
1.83311600e+00 1.35404200e+06 3.43921460e+02 1.04175384e+02 -1.91573371e+01 -4.27582038e+02 1.68250758e+01 1.29446921e+01 -2.08120295e+01 1.18915761e+01 2.92684406e+01 -4.03319718e+01 1.60571333e+01 2.26103799e+00 2.83685209e+00 7.97023572e-01
1.83625711e+00 1.34592600e+06 3.44586528e+02 1.04840453e+02 -1.85785763e+01 -4.34422505e+02 1.68029267e+01 1.29225430e+01 -2.07651312e+01 1.16917420e+01 2.93594360e+01 -4.04529437e+01 1.58905738e+01 2.27195498e+00 2.84833096e+00 7.97644309e-01
1.83939708e+00 1.34369800e+06 3.44520137e+02 1.04774062e+02 -1.81269676e+01 -4.39045546e+02 1.67379590e+01 1.28575754e+01 -2.06288002e+01 1.14694061e+01 2.91143920e+01 -4.01445771e+01 1.57612340e+01 2.26437654e+00 2.85461373e+00 7.93233955e-01
1.84253931e+00 1.33693800e+06 3.45080299e+02 1.05334224e+02 -1.78546132e+01 -4.46020026e+02 1.67213275e+01 1.28409438e+01 -2.05912958e+01 1.13649996e+01 2.90281111e+01 -4.00096764e+01 1.57693823e+01 2.26059015e+00 2.86408747e+00 7.89288097e-01
1.84567961e+00 1.33241800e+06 3.45454617e+02 1.05708541e+02 -1.74870043e+01 -4.53183528e+02 1.66296624e+01 1.27492788e+01 -2.03813366e+01 1.09803171e+01 2.88413331e+01 -3.95977633e+01 1.50659074e+01 2.26219331e+00 2.87946784e+00 7.85628957e-01
1.84882118e+00 1.32773200e+06 3.45946603e+02 1.06200527e+02 -1.71931490e+01 -4.57123753e+02 1.65940956e+01 1.27137119e+01 -2.02869983e+01 1.07927636e+01 2.87587195e+01 -3.95479992e+01 1.51969065e+01 2.26202385e+00 2.89019506e+00 7.82654389e-01
1.85196290e+00 1.32187800e+06 3.45853036e+02 1.06106961e+02 -1.73760766e+01 -4.63005519e+02 1.65314547e+01 1.26510710e+01 -2.01810443e+01 1.06254822e+01 2.85761578e+01 -3.93339797e+01 1.50415891e+01 2.25879357e+00 2.89606490e+00 7.79952675e-01
1.85510412e+00 1.31770600e+06 3.46398108e+02 1.06652033e+02 -1.70561075e+01 -4.68772279e+02 1.64821917e+01 1.26018080e+01 -2.00328069e+01 1.02986994e+01 2.84986078e+01 -3.91956384e+01 1.47586279e+01 2.26146976e+00 2.90916357e+00 7.77360816e-01
1.85824730e+00 1.31208600e+06 3.47222028e+02 1.07475953e+02 -1.70771571e+01 -4.75165252e+02 1.65022706e+01 1.26218869e+01 -2.01001906e+01 1.03203454e+01 2.85175565e+01 -3.90841381e+01 1.46767900e+01 2.25937348e+00 2.91805525e+00 7.74273716e-01
1.86138769e+00 1.30613200e+06 3.47005795e+02 1.07259720e+02 -1.83928301e+01 -4.78593188e+02 1.64321516e+01 1.25517679e+01 -1.99094083e+01 9.99011138e+00 2.83411050e+01 -3.92225650e+01 1.49219959e+01 2.25793730e+00 2.92324946e+00 7.72406642e-01
1.86452920e+00 1.30165200e+06 3.47461249e+02 1.07715174e+02 -1.70397559e+01 -4.85538607e+02 1.63187670e+01 1.24383833e+01 -1.96064320e+01 9.50267575e+00 2.81353828e+01 -3.84662552e+01 1.40052969e+01 2.26198069e+00 2.94277105e+00 7.68656701e-01
1.86766987e+00 1.29526000e+06 3.48272487e+02 1.08526412e+02 -1.80916596e+01 -4.90967307e+02 1.63439296e+01 1.24635459e+01 -1.97526475e+01 9.70816623e+00 2.81133643e+01 -3.87936978e+01 1.44376837e+01 2.25564735e+00 2.95084851e+00 7.64406355e-01
1.87081039e+00 1.29112000e+06 3.47660288e+02 1.07914213e+02 -1.70110157e+01 -4.96140135e+02 1.62531043e+01 1.23727206e+01 -1.95144653e+01 9.31037181e+00 2.78612242e+01 -3.83553145e+01 1.40904050e+01 2.25182682e+00 2.95329425e+00 7.62479667e-01
1.87395240e+00 1.28523000e+06 3.48831457e+02 1.09085382e+02 -1.66103690e+01 -5.02148008e+02 1.62487344e+01 1.23683507e+01 -1.95157250e+01 9.21805399e+00 2.78638100e+01 -3.83029488e+01 1.40117436e+01 2.25283149e+00 2.96980122e+00 7.58579891e-01
1.87709532e+00 1.28220400e+06 3.49310640e+02 1.09564565e+02 -1.73790443e+01 -5.06295308e+02 1.61846844e+01 1.23043007e+01 -1.93740567e+01 8.98054332e+00 2.77486397e+01 -3.82215822e+01 1.40596957e+01 2.25519845e+00 2.98405341e+00 7.55750027e-01
1.88023910e+00 1.27392000e+06 3.49523132e+02 1.09777057e+02 -1.58737322e+01 -5.13018069e+02 1.61458382e+01 1.22654545e+01 -1.92620770e+01 8.75221884e+00 2.76413980e+01 -3.79116827e+01 1.36718927e+01 2.25359752e+00 2.99167194e+00 7.53290323e-01
1.88337777e+00 1.26841000e+06 3.50351492e+02 1.10605416e+02 -1.78555157e+01 -5.17079037e+02 1.61368742e+01 1.22564905e+01 -1.92791597e+01 8.72536401e+00 2.76812703e+01 -3.81445226e+01 1.39106549e+01 2.25849890e+00 3.00403598e+00 7.51821521e-01
1.88651605e+00 1.26227400e+06 3.50182479e+02 1.10436404e+02 -1.70179981e+01 -5.22109324e+02 1.60005331e+01 1.21201494e+01 -1.89285766e+01 8.18625488e+00 2.73549229e+01 -3.76174132e+01 1.35211086e+01 2.25697901e+00 3.01857618e+00 7.47696555e-01
1.88966128e+00 1.26292000e+06 3.50725456e+02 1.10979380e+02 -1.64163932e+01 -5.27523481e+02 1.60239351e+01 1.21435514e+01 -1.89967694e+01 8.22923202e+00 2.73147567e+01 -3.75136743e+01 1.33119598e+01 2.24932195e+00 3.02307060e+00 7.44052073e-01
1.89280455e+00 1.25019400e+06 3.51626819e+02 1.11880744e+02 -1.66321533e+01 -5.33986022e+02 1.60037169e+01 1.21233332e+01 -1.89631818e+01 8.06471635e+00 2.72742824e+01 -3.74621010e+01 1.31839762e+01 2.24973461e+00 3.03785228e+00 7.40567483e-01
1.89594491e+00 1.24922400e+06 3.52252032e+02 1.12505957e+02 -1.82541175e+01 -5.37417669e+02 1.59541159e+01 1.20737322e+01 -1.87816861e+01 7.75288813e+00 2.72351695e+01 -3.74899522e+01 1.32638937e+01 2.25573741e+00 3.05257954e+00 7.38961060e-01
1.89908741e+00 1.24150600e+06 3.52215706e+02 1.12469631e+02 -1.59846779e+01 -5.44255557e+02 1.58786661e+01 1.19982824e+01 -1.86509311e+01 7.58217359e+00 2.69915977e+01 -3.70901303e+01 1.30088664e+01 2.24962179e+00 3.06166800e+00 7.34770000e-01
1.90222933e+00 1.23678600e+06 3.52718752e+02 1.12972677e+02 -1.61645316e+01 -5.50631156e+02 1.57893019e+01 1.19089183e+01 -1.84155500e+01 7.17343939e+00 2.68409247e+01 -3.66552874e+01 1.24820210e+01 2.25385078e+00 3.07999884e+00 7.31770012e-01
1.90536922e+00 1.22938000e+06 3.53671165e+02 1.13925089e+02 -1.71068015e+01 -5.53912872e+02 1.58957670e+01 1.20153833e+01 -1.87101695e+01 7.54659629e+00 2.69175611e+01 -3.71287086e+01 1.32180457e+01 2.24025821e+00 3.07922110e+00 7.27540549e-01
1.90850943e+00 1.22575600e+06 3.53306488e+02 1.13560413e+02 -1.65416911e+01 -5.59805082e+02 1.57279444e+01 1.18475607e+01 -1.82766712e+01 6.84410908e+00 2.66701408e+01 -3.65834995e+01 1.26488136e+01 2.25110818e+00 3.09598616e+00 7.27105377e-01
1.91165266e+00 1.22037000e+06 3.54168528e+02 1.14422452e+02 -1.61572422e+01 -5.63498766e+02 1.57620682e+01 1.18816845e+01 -1.83740147e+01 6.93185738e+00 2.66332835e+01 -3.65414479e+01 1.26794629e+01 2.24154105e+00 3.10324895e+00 7.22320730e-01
1.91479565e+00 1.21442800e+06 3.55207591e+02 1.15461515e+02 -1.73595238e+01 -5.70282360e+02 1.57055590e+01 1.18251753e+01 -1.81838943e+01 6.59349282e+00 2.65523075e+01 -3.65367503e+01 1.25083064e+01 2.24540499e+00 3.12474681e+00 7.18587817e-01
1.91793615e+00 1.20682800e+06 3.54901681e+02 1.15155605e+02 -1.69612014e+01 -5.73818448e+02 1.56253264e+01 1.17449427e+01 -1.79892621e+01 6.22611495e+00 2.63580692e+01 -3.62907122e+01 1.23799525e+01 2.24420584e+00 3.13124528e+00 7.16713524e-01
1.92107814e+00 1.20474400e+06 3.56327055e+02 1.16580980e+02 -1.60988814e+01 -5.79791628e+02 1.57174659e+01 1.18370822e+01 -1.82712101e+01 6.63908966e+00 2.64793929e+01 -3.64771385e+01 1.26953991e+01 2.23698649e+00 3.13827877e+00 7.12806813e-01
1.92422076e+00 1.19551200e+06 3.56306723e+02 1.16560647e+02 -1.58968153e+01 -5.84716671e+02 1.55976171e+01 1.17172334e+01 -1.79311950e+01 6.03786952e+00 2.62374737e+01 -3.61255779e+01 1.22959370e+01 2.23922089e+00 3.15401268e+00 7.09959380e-01
1.92736167e+00 1.19159800e+06 3.57564768e+02 1.17818693e+02 -1.63905813e+01 -5.89735282e+02 1.56097346e+01 1.17293510e+01 -1.79834562e+01 6.10084789e+00 2.62603073e+01 -3.61350574e+01 1.23255361e+01 2.23885425e+00 3.16934933e+00 7.06408168e-01
1.93050237e+00 1.18456600e+06 3.57822254e+02 1.18076179e+02 -1.63096934e+01 -5.95009615e+02 1.55434180e+01 1.16630343e+01 -1.77903857e+01 5.72813501e+00 2.61766866e+01 -3.59687501e+01 1.20648030e+01 2.24441479e+00 3.18181825e+00 7.05387489e-01
1.93364217e+00 1.17869400e+06 3.58796279e+02 1.19050204e+02 -1.62382031e+01 -6.00781058e+02 1.55004981e+01 1.16201144e+01 -1.76753819e+01 5.53314860e+00 2.60645962e+01 -3.57663555e+01 1.19275975e+01 2.24305848e+00 3.20080982e+00 7.00778432e-01
1.93678368e+00 1.17476800e+06 3.59086549e+02 1.19340474e+02 -1.50516970e+01 -6.06753122e+02 1.54635061e+01 1.15831224e+01 -1.76074544e+01 5.40276611e+00 2.58798125e+01 -3.54261428e+01 1.15723717e+01 2.23426910e+00 3.20982279e+00 6.96072415e-01
1.93992533e+00 1.16665800e+06 3.59771489e+02 1.20025414e+02 -1.54114997e+01 -6.11782647e+02 1.54473884e+01 1.15670047e+01 -1.75580332e+01 5.27191461e+00 2.58182282e+01 -3.55501904e+01 1.17802229e+01 2.23205824e+00 3.22126274e+00 6.92914059e-01
1.94306853e+00 1.16420200e+06 3.60422930e+02 1.20676855e+02 -1.68254340e+01 -6.14098958e+02 1.54902688e+01 1.16098851e+01 -1.76386295e+01 5.28252624e+00 2.58651032e+01 -3.57620893e+01 1.21437505e+01 2.22785179e+00 3.22402226e+00 6.91016255e-01
1.94620973e+00 1.15420200e+06 3.60864871e+02 1.21118795e+02 -1.50963498e+01 -6.20085141e+02 1.54190389e+01 1.15386552e+01 -1.74459554e+01 4.98566528e+00 2.56979262e+01 -3.52338851e+01 1.16582475e+01 2.22711622e+00 3.23987439e+00 6.87408199e-01
1.94935187e+00 1.15154800e+06 3.61701943e+02 1.21955867e+02 -1.53881868e+01 -6.25920348e+02 1.53977082e+01 1.15173245e+01 -1.74136972e+01 4.86521985e+00 2.55692918e+01 -3.51566123e+01 1.15129555e+01 2.22007219e+00 3.25405994e+00 6.82246864e-01
1.95249573e+00 1.14506200e+06 3.62458746e+02 1.22712671e+02 -1.44665621e+01 -6.31133908e+02 1.52969511e+01 1.14165674e+01 -1.71713250e+01 4.49131217e+00 2.54506399e+01 -3.49208891e+01 1.14410047e+01 2.22927251e+00 3.27851316e+00 6.79964484e-01
1.95563542e+00 1.13551800e+06 3.62547376e+02 1.22801300e+02 -1.45161843e+01 -6.36083158e+02 1.53260786e+01 1.14456949e+01 -1.71941164e+01 4.44483708e+00 2.54406840e+01 -3.47914034e+01 1.11680129e+01 2.22272953e+00 3.27552109e+00 6.78588068e-01
1.95877490e+00 1.13372200e+06 3.63442316e+02 1.23696240e+02 -1.52222394e+01 -6.39579744e+02 1.53061964e+01 1.14258127e+01 -1.71747832e+01 4.38359682e+00 2.53752088e+01 -3.49494110e+01 1.14917485e+01 2.22086686e+00 3.29029395e+00 6.74975212e-01
1.96191800e+00 1.12557000e+06 3.63974063e+02 1.24227987e+02 -1.58330028e+01 -6.45125073e+02 1.52565536e+01 1.13761699e+01 -1.70072265e+01 4.04029730e+00 2.52722172e+01 -3.47509527e+01 1.11150122e+01 2.22150490e+00 3.30454515e+00 6.72257392e-01
1.96506073e+00 1.12103200e+06 3.65215020e+02 1.25468945e+02 -1.63476027e+01 -6.49690628e+02 1.52948432e+01 1.14144595e+01 -1.71150141e+01 4.17487221e+00 2.53705384e+01 -3.48795104e+01 1.13918227e+01 2.22266664e+00 3.31543445e+00 6.70399814e-01
1.96819909e+00 1.11157800e+06 3.66206113e+02 1.26460038e+02 -1.51937691e+01 -6.56618194e+02 1.52281955e+01 1.13478118e+01 -1.69523439e+01 3.90330587e+00 2.51496947e+01 -3.45590510e+01 1.11362166e+01 2.21625941e+00 3.33826333e+00 6.63895922e-01
1.97134152e+00 1.11037000e+06 3.66047259e+02 1.26301184e+02 -1.46747752e+01 -6.59263335e+02 1.51707730e+01 1.12903893e+01 -1.67866746e+01 3.60359370e+00 2.49949598e+01 -3.45549480e+01 1.13062100e+01 2.21382621e+00 3.34463902e+00 6.61902882e-01
1.97448738e+00 1.10259400e+06 3.67481191e+02 1.27735116e+02 -1.48013557e+01 -6.65253852e+02 1.51780100e+01 1.12976263e+01 -1.67847707e+01 3.54750457e+00 2.50321211e+01 -3.44697632e+01 1.10819954e+01 2.21569738e+00 3.36249425e+00 6.58944587e-01
1.97762961e+00 1.09512000e+06 3.67980130e+02 1.28234055e+02 -1.57721168e+01 -6.70281618e+02 1.51390112e+01 1.12586275e+01 -1.66813981e+01 3.32708967e+00 2.50071014e+01 -3.44206005e+01 1.10559189e+01 2.22115009e+00 3.37488487e+00 6.58140995e-01
1.98076859e+00 1.08818200e+06 3.69069809e+02 1.29323734e+02 -1.45577410e+01 -6.76018228e+02 1.51417987e+01 1.12614150e+01 -1.66516062e+01 3.26742852e+00 2.48602239e+01 -3.42574835e+01 1.10322026e+01 2.20755774e+00 3.38877422e+00 6.51432522e-01
1.98391011e+00 1.08468600e+06 3.70021617e+02 1.30275541e+02 -1.43705241e+01 -6.82891766e+02 1.50941383e+01 1.12137546e+01 -1.64930900e+01 2.91980572e+00 2.47592692e+01 -3.39270797e+01 1.04069326e+01 2.20793750e+00 3.40844209e+00 6.47784953e-01
1.98705278e+00 1.07560600e+06 3.70237828e+02 1.30491753e+02 -1.35347269e+01 -6.87928289e+02 1.50867096e+01 1.12063259e+01 -1.65230219e+01 2.96093949e+00 2.46737347e+01 -3.40130921e+01 1.07822587e+01 2.20176844e+00 3.41239981e+00 6.45225813e-01
1.99019236e+00 1.07137000e+06 3.71889930e+02 1.32143854e+02 -1.46941652e+01 -6.91426751e+02 1.50734613e+01 1.11930776e+01 -1.64608313e+01 2.82258468e+00 2.47146472e+01 -3.40573825e+01 1.08210885e+01 2.20802965e+00 3.43596497e+00 6.42622864e-01
1.99333230e+00 1.06249200e+06 3.72303049e+02 1.32556973e+02 -1.48749911e+01 -6.95742813e+02 1.50692892e+01 1.11889055e+01 -1.64151157e+01 2.63408643e+00 2.47522258e+01 -3.39898538e+01 1.06411323e+01 2.21221153e+00 3.44197321e+00 6.42716080e-01
1.99647481e+00 1.06070200e+06 3.73068506e+02 1.33322430e+02 -1.55719281e+01 -6.99492826e+02 1.50654157e+01 1.11850320e+01 -1.64296784e+01 2.67469689e+00 2.45515418e+01 -3.39776087e+01 1.09460904e+01 2.19503545e+00 3.45249450e+00 6.35782462e-01
1.99961754e+00 1.05017400e+06 3.73524431e+02 1.33778355e+02 -1.51991151e+01 -7.03687742e+02 1.49761620e+01 1.10957783e+01 -1.61821659e+01 2.20122825e+00 2.44971204e+01 -3.37130626e+01 1.04155742e+01 2.20778747e+00 3.47227441e+00 6.35833234e-01
2.00275786e+00 1.04591800e+06 3.74050653e+02 1.34304577e+02 -1.44629801e+01 -7.09716001e+02 1.50172778e+01 1.11368941e+01 -1.62523738e+01 2.23780127e+00 2.44272211e+01 -3.37551029e+01 1.07078560e+01 2.19336027e+00 3.47266878e+00 6.31606529e-01
2.00589922e+00 1.03902600e+06 3.75491612e+02 1.35745536e+02 -1.42038718e+01 -7.16038535e+02 1.50245399e+01 1.11441562e+01 -1.61893573e+01 2.06583407e+00 2.43695809e+01 -3.36981615e+01 1.06954143e+01 2.18675874e+00 3.49011055e+00 6.26558587e-01
2.00904186e+00 1.03286200e+06 3.76155473e+02 1.36409398e+02 -1.38877551e+01 -7.20820873e+02 1.49625323e+01 1.10821486e+01 -1.60823519e+01 1.89105361e+00 2.42241140e+01 -3.34635497e+01 1.05494087e+01 2.18586799e+00 3.50840854e+00 6.23036903e-01
2.01218285e+00 1.02586000e+06 3.77426302e+02 1.37680227e+02 -1.45288381e+01 -7.25034860e+02 1.49887809e+01 1.11083972e+01 -1.60946753e+01 1.85592782e+00 2.42837945e+01 -3.36490164e+01 1.07395998e+01 2.18607545e+00 3.52054650e+00 6.20947755e-01
2.01532198e+00 1.01871000e+06 3.77872631e+02 1.38126556e+02 -1.45235770e+01 -7.29906624e+02 1.49303181e+01 1.10499344e+01 -1.59427515e+01 1.55739531e+00 2.42164996e+01 -3.33211685e+01 1.03534179e+01 2.19155144e+00 3.53556431e+00 6.19859023e-01
2.01846435e+00 1.01456800e+06 3.78528528e+02 1.38782453e+02 -1.42826855e+01 -7.34421108e+02 1.49327293e+01 1.10523456e+01 -1.58891086e+01 1.42629282e+00 2.40465879e+01 -3.32822403e+01 1.03911144e+01 2.17569996e+00 3.54356212e+00 6.13986684e-01
2.02160908e+00 1.00779600e+06 3.79763296e+02 1.40017221e+02 -1.44694134e+01 -7.39503647e+02 1.49519211e+01 1.10715374e+01 -1.59153450e+01 1.37696977e+00 2.40770228e+01 -3.33931139e+01 1.06285268e+01 2.17467746e+00 3.55620478e+00 6.11516378e-01
2.02475151e+00 9.99340000e+05 3.80602553e+02 1.40856477e+02 -1.39990727e+01 -7.45907639e+02 1.48532032e+01 1.09728195e+01 -1.56790654e+01 1.01433040e+00 2.38045309e+01 -3.29363727e+01 1.01717381e+01 2.16940877e+00 3.58285551e+00 6.05497143e-01
2.02789095e+00 9.93780000e+05 3.82320093e+02 1.42574018e+02 -1.44895636e+01 -7.51159507e+02 1.49181507e+01 1.10377670e+01 -1.57600656e+01 1.03976821e+00 2.39273393e+01 -3.32058010e+01 1.03935726e+01 2.16776992e+00 3.59401249e+00 6.03161486e-01
2.03103040e+00 9.85300000e+05 3.82753396e+02 1.43007321e+02 -1.43652626e+01 -7.55297051e+02 1.48217099e+01 1.09413262e+01 -1.55318059e+01 6.24985603e-01 2.38307368e+01 -3.29622534e+01 1.01705541e+01 2.17804829e+00 3.61529843e+00 6.02453250e-01
2.03417393e+00 9.83464000e+05 3.84216276e+02 1.44470200e+02 -1.42238380e+01 -7.59731356e+02 1.49306997e+01 1.10503160e+01 -1.57504418e+01 8.77049194e-01 2.39138821e+01 -3.31264244e+01 1.04186142e+01 2.16409034e+00 3.61577825e+00 5.98513014e-01
2.03731551e+00 9.71214000e+05 3.85177727e+02 1.45431652e+02 -1.41349926e+01 -7.65367261e+02 1.48762134e+01 1.09958297e+01 -1.56226840e+01 6.43976634e-01 2.37716434e+01 -3.30064456e+01 1.04227900e+01 2.16187810e+00 3.63676690e+00 5.94450554e-01
2.04045542e+00 9.68356000e+05 3.86282816e+02 1.46536740e+02 -1.47372740e+01 -7.70450010e+02 1.48664383e+01 1.09860546e+01 -1.55012044e+01 3.71843828e-01 2.36636543e+01 -3.30206785e+01 1.05847302e+01 2.15397202e+00 3.65218179e+00 5.89776782e-01
2.04360060e+00 9.62040000e+05 3.87188285e+02 1.47442210e+02 -1.45696962e+01 -7.75103701e+02 1.48865318e+01 1.10061481e+01 -1.55202492e+01 3.14023900e-01 2.37308262e+01 -3.29551416e+01 1.02757535e+01 2.15614272e+00 3.66010242e+00 5.89093548e-01
2.04674341e+00 9.52462000e+05 3.87622405e+02 1.47876330e+02 -1.37064607e+01 -7.80384092e+02 1.48249484e+01 1.09445648e+01 -1.53641224e+01 7.95436156e-03 2.36041901e+01 -3.25499860e+01 9.69831129e+00 2.15670432e+00 3.67578486e+00 5.86733013e-01
2.04988219e+00 9.47110000e+05 3.89444556e+02 1.49698481e+02 -1.29502883e+01 -7.86766069e+02 1.48939009e+01 1.10135172e+01 -1.54629226e+01 8.33268708e-02 2.35844740e+01 -3.27258645e+01 1.00402354e+01 2.14141164e+00 3.68676689e+00 5.80837277e-01
2.05302458e+00 9.40842000e+05 3.90685133e+02 1.50939057e+02 -1.39143508e+01 -7.92894232e+02 1.48223963e+01 1.09420127e+01 -1.52816597e+01 -2.18019755e-01 2.36436003e+01 -3.26343956e+01 9.82097984e+00 2.16080908e+00 3.71408818e+00 5.81787232e-01
2.05616728e+00 9.33076000e+05 3.91739589e+02 1.51993514e+02 -1.23974142e+01 -8.00166833e+02 1.48524386e+01 1.09720549e+01 -1.53292650e+01 -1.94376442e-01 2.33529504e+01 -3.22664827e+01 9.68574736e+00 2.12840262e+00 3.72193292e+00 5.71854106e-01
2.05930946e+00 9.28062000e+05 3.93060429e+02 1.53314353e+02 -1.32022123e+01 -8.02430800e+02 1.48268090e+01 1.09464253e+01 -1.52291553e+01 -4.22547777e-01 2.34437353e+01 -3.24763075e+01 9.82782713e+00 2.14167956e+00 3.74244347e+00 5.72267711e-01
2.06244947e+00 9.17152000e+05 3.94946126e+02 1.55200051e+02 -1.25515183e+01 -8.12061279e+02 1.48136120e+01 1.09332283e+01 -1.51750632e+01 -5.85820005e-01 2.34072136e+01 -3.23656473e+01 9.59579885e+00 2.14092424e+00 3.76766014e+00 5.68237092e-01
2.06558772e+00 9.14124000e+05 3.95123847e+02 1.55377772e+02 -1.37829184e+01 -8.13508137e+02 1.48269515e+01 1.09465678e+01 -1.51683819e+01 -6.90502671e-01 2.33365173e+01 -3.25272127e+01 1.00661919e+01 2.13185701e+00 3.76751907e+00 5.65851685e-01
2.06873078e+00 9.05692000e+05 3.96677620e+02 1.56931545e+02 -1.35898130e+01 -8.19790176e+02 1.47569743e+01 1.08765906e+01 -1.49406779e+01 -1.08767855e+00 2.32803359e+01 -3.21898634e+01 9.56257525e+00 2.14040747e+00 3.79847028e+00 5.63491962e-01
2.07187300e+00 8.99860000e+05 3.98616337e+02 1.58870262e+02 -1.33183990e+01 -8.25656893e+02 1.48444773e+01 1.09640936e+01 -1.51091753e+01 -9.21082968e-01 2.33467209e+01 -3.23604807e+01 9.81317294e+00 2.12937993e+00 3.80657980e+00 5.59394534e-01
2.07501490e+00 8.92248000e+05 3.99435048e+02 1.59688973e+02 -1.39211199e+01 -8.30912944e+02 1.48123242e+01 1.09319405e+01 -1.49624329e+01 -1.21460897e+00 2.32995910e+01 -3.24202785e+01 9.81791450e+00 2.13133167e+00 3.82198373e+00 5.57650640e-01
2.07815670e+00 8.84902000e+05 4.00785196e+02 1.61039120e+02 -1.27938962e+01 -8.37777128e+02 1.48182067e+01 1.09378230e+01 -1.49395482e+01 -1.31698324e+00 2.31920719e+01 -3.22886131e+01 9.89548496e+00 2.12035539e+00 3.83707466e+00 5.52596855e-01
2.08129805e+00 8.79078000e+05 4.01620102e+02 1.61874027e+02 -1.33314410e+01 -8.41509991e+02 1.48249639e+01 1.09445802e+01 -1.49706519e+01 -1.33342274e+00 2.31331626e+01 -3.21153108e+01 9.72692835e+00 2.11366377e+00 3.84582069e+00 5.49600187e-01
2.08444092e+00 8.70886000e+05 4.02987202e+02 1.63241127e+02 -1.16695698e+01 -8.50264699e+02 1.46864993e+01 1.08061156e+01 -1.45604735e+01 -1.97465521e+00 2.29713275e+01 -3.18403085e+01 9.36038736e+00 2.12577102e+00 3.88669075e+00 5.46935983e-01
2.08758106e+00 8.64246000e+05 4.04616535e+02 1.64870460e+02 -1.21869487e+01 -8.55181488e+02 1.48337032e+01 1.09533195e+01 -1.48757146e+01 -1.62269920e+00 2.30210741e+01 -3.19546024e+01 9.44373227e+00 2.10174405e+00 3.87970358e+00 5.41727996e-01
2.09072429e+00 8.58064000e+05 4.05965179e+02 1.66219103e+02 -1.28326482e+01 -8.60685863e+02 1.47446833e+01 1.08642997e+01 -1.46016560e+01 -2.13825583e+00 2.29042656e+01 -3.16518561e+01 9.00246620e+00 2.10821372e+00 3.91146636e+00 5.38982960e-01
2.09386939e+00 8.50816000e+05 4.07533758e+02 1.67787682e+02 -1.29113601e+01 -8.64855861e+02 1.48242299e+01 1.09438462e+01 -1.47411787e+01 -2.01110744e+00 2.30725130e+01 -3.20164247e+01 9.53987722e+00 2.10826364e+00 3.91557050e+00 5.38430772e-01
2.09700872e+00 8.41644000e+05 4.08941718e+02 1.69195643e+02 -1.29595694e+01 -8.71950078e+02 1.47840135e+01 1.09036298e+01 -1.45404481e+01 -2.41353020e+00 2.29008666e+01 -3.16539908e+01 9.06331215e+00 2.10029752e+00 3.93920913e+00 5.33177460e-01
2.10014679e+00 8.34970000e+05 4.09976411e+02 1.70230336e+02 -1.30646092e+01 -8.76836193e+02 1.47579194e+01 1.08775358e+01 -1.44815098e+01 -2.54953025e+00 2.28442554e+01 -3.18590658e+01 9.49877839e+00 2.10013149e+00 3.95597208e+00 5.30876216e-01
2.10329010e+00 8.30718000e+05 4.11603485e+02 1.71857410e+02 -1.41659501e+01 -8.80970205e+02 1.49004203e+01 1.10200366e+01 -1.47574132e+01 -2.27268617e+00 2.29308914e+01 -3.19805554e+01 9.51503350e+00 2.08083623e+00 3.94904982e+00 5.26920734e-01
2.10643032e+00 8.18782000e+05 4.12814394e+02 1.73068319e+02 -1.45414023e+01 -8.86416552e+02 1.47077918e+01 1.08274081e+01 -1.42521854e+01 -3.05030689e+00 2.27779240e+01 -3.15991706e+01 9.01654931e+00 2.10372821e+00 3.99803447e+00 5.26190614e-01
2.10956908e+00 8.15484000e+05 4.14749061e+02 1.75002986e+02 -1.19238032e+01 -8.95957498e+02 1.47755006e+01 1.08951169e+01 -1.43684380e+01 -2.94970660e+00 2.27031268e+01 -3.13354216e+01 8.76420979e+00 2.08378919e+00 4.00780684e+00 5.19932539e-01
2.11271308e+00 8.07460000e+05 4.16225381e+02 1.76479306e+02 -1.20344806e+01 -9.03524383e+02 1.47986047e+01 1.09182210e+01 -1.43437257e+01 -3.14704570e+00 2.26562009e+01 -3.14659363e+01 9.00563146e+00 2.07508173e+00 4.02041563e+00 5.16136121e-01
2.11585675e+00 7.99936000e+05 4.17825494e+02 1.78079419e+02 -1.28905671e+01 -9.07583938e+02 1.48590087e+01 1.09786250e+01 -1.44207447e+01 -3.18545637e+00 2.26932665e+01 -3.16321044e+01 9.21508430e+00 2.06704086e+00 4.02747533e+00 5.13234890e-01
2.11899503e+00 7.91196000e+05 4.18591307e+02 1.78845232e+02 -1.30094626e+01 -9.12054507e+02 1.48357633e+01 1.09553796e+01 -1.43507585e+01 -3.29951218e+00 2.27591158e+01 -3.14942226e+01 8.74665038e+00 2.07743745e+00 4.04040564e+00 5.14165565e-01
2.12213389e+00 7.85128000e+05 4.21329945e+02 1.81583869e+02 -1.19524533e+01 -9.24357753e+02 1.47042859e+01 1.08239022e+01 -1.39009735e+01 -4.08553471e+00 2.25196430e+01 -3.10006920e+01 8.07392074e+00 2.08054754e+00 4.09587509e+00 5.07961667e-01
2.12528033e+00 7.80168000e+05 4.23019728e+02 1.83273653e+02 -1.11073426e+01 -9.29559643e+02 1.49306749e+01 1.10502913e+01 -1.44163537e+01 -3.40375875e+00 2.26751002e+01 -3.13712880e+01 8.71222775e+00 2.05199118e+00 4.07251934e+00 5.03862844e-01
2.12842387e+00 7.69432000e+05 4.24405397e+02 1.84659322e+02 -1.23202632e+01 -9.34098578e+02 1.47666510e+01 1.08862673e+01 -1.39588224e+01 -4.17229287e+00 2.25437932e+01 -3.12073955e+01 8.53742376e+00 2.07084693e+00 4.11856687e+00 5.02807650e-01
2.13156355e+00 7.62898000e+05 4.26021087e+02 1.86275011e+02 -1.32975283e+01 -9.38132145e+02 1.48600350e+01 1.09796513e+01 -1.40747749e+01 -4.14164954e+00 2.26025286e+01 -3.13271726e+01 8.79993012e+00 2.05858347e+00 4.11891686e+00 4.99787575e-01
2.13470343e+00 7.55670000e+05 4.27065631e+02 1.87319556e+02 -1.23792587e+01 -9.45928150e+02 1.48289660e+01 1.09485823e+01 -1.40237816e+01 -4.22757322e+00 2.25498301e+01 -3.11372431e+01 8.40661215e+00 2.05961187e+00 4.13630558e+00 4.97935134e-01
2.13784584e+00 7.48084000e+05 4.29326059e+02 1.89579984e+02 -1.20320975e+01 -9.54551528e+02 1.48050413e+01 1.09246576e+01 -1.38437151e+01 -4.66058693e+00 2.25508823e+01 -3.11032610e+01 8.15755469e+00 2.06421868e+00 4.16574157e+00 4.95522500e-01
2.14098621e+00 7.40802000e+05 4.30771050e+02 1.91024975e+02 -1.20326575e+01 -9.59553471e+02 1.48544926e+01 1.09741089e+01 -1.38978289e+01 -4.69458933e+00 2.24580272e+01 -3.10172601e+01 8.08669135e+00 2.04645564e+00 4.17215507e+00 4.90503255e-01
2.14412676e+00 7.32814000e+05 4.32422416e+02 1.92676340e+02 -1.27677938e+01 -9.65229495e+02 1.47750646e+01 1.08946809e+01 -1.36698012e+01 -5.06266315e+00 2.23825408e+01 -3.09512216e+01 8.17601309e+00 2.05444665e+00 4.20539638e+00 4.88526281e-01
2.14727026e+00 7.26930000e+05 4.35341358e+02 1.95595282e+02 -1.26856017e+01 -9.74741164e+02 1.48665006e+01 1.09861169e+01 -1.37516426e+01 -5.11697909e+00 2.23698790e+01 -3.08932735e+01 8.09032347e+00 2.03619525e+00 4.21946199e+00 4.82572245e-01
2.15041287e+00 7.17988000e+05 4.36321051e+02 1.96574976e+02 -1.20848733e+01 -9.80989746e+02 1.48310922e+01 1.09507085e+01 -1.36444283e+01 -5.36431341e+00 2.23146383e+01 -3.08975336e+01 8.16165659e+00 2.03773467e+00 4.23684919e+00 4.80955203e-01
2.15355492e+00 7.10638000e+05 4.38803279e+02 1.99057204e+02 -1.20988507e+01 -9.89509070e+02 1.48029364e+01 1.09225527e+01 -1.34788466e+01 -5.75787975e+00 2.23463080e+01 -3.06222065e+01 7.52171291e+00 2.04588695e+00 4.26900708e+00 4.79241872e-01
2.15669546e+00 7.03290000e+05 4.40532683e+02 2.00786608e+02 -1.16399555e+01 -9.96292961e+02 1.48545456e+01 1.09741619e+01 -1.35826399e+01 -5.64165026e+00 2.21566187e+01 -3.05294733e+01 7.66037666e+00 2.01898048e+00 4.27741797e+00 4.72009164e-01
2.15983399e+00 6.93670000e+05 4.42332042e+02 2.02585967e+02 -1.15521444e+01 -1.00704321e+03 1.47073677e+01 1.08269841e+01 -1.31436905e+01 -6.40267827e+00 2.20726045e+01 -3.01385202e+01 6.92272904e+00 2.03866602e+00 4.32564555e+00 4.71297519e-01
2.16297630e+00 6.89790000e+05 4.44256476e+02 2.04510401e+02 -1.11790488e+01 -1.01173952e+03 1.49662878e+01 1.10859041e+01 -1.36588549e+01 -5.82264411e+00 2.22743048e+01 -3.06770575e+01 7.65397670e+00 2.00924566e+00 4.29508874e+00 4.67800734e-01
2.16612082e+00 6.79972000e+05 4.45788831e+02 2.06042755e+02 -1.26630540e+01 -1.01676243e+03 1.48107764e+01 1.09303927e+01 -1.31507522e+01 -6.71302790e+00 2.22112589e+01 -3.04095176e+01 7.01097369e+00 2.03206413e+00 4.34170981e+00 4.68033153e-01
2.16926222e+00 6.72132000e+05 4.46421379e+02 2.06675304e+02 -1.15980031e+01 -1.02326592e+03 1.48832404e+01 1.10028567e+01 -1.33078784e+01 -6.57356257e+00 2.19304707e+01 -3.02450214e+01 7.37754067e+00 1.99316152e+00 4.33402652e+00 4.59886786e-01
2.17240467e+00 6.65974000e+05 4.50721169e+02 2.10975093e+02 -1.19813071e+01 -1.03565338e+03 1.47885793e+01 1.09081956e+01 -1.30517339e+01 -7.03138044e+00 2.21574791e+01 -3.00457467e+01 6.33499765e+00 2.03126896e+00 4.39783707e+00 4.61879084e-01
2.17554535e+00 6.54988000e+05 4.51081387e+02 2.11335312e+02 -1.21295174e+01 -1.04029569e+03 1.47731858e+01 1.08928021e+01 -1.28307336e+01 -7.53188180e+00 2.20154723e+01 -3.01368286e+01 6.68647957e+00 2.02110276e+00 4.40469893e+00 4.58851512e-01
2.17868486e+00 6.50784000e+05 4.53319189e+02 2.13573113e+02 -1.13123270e+01 -1.04727902e+03 1.48916720e+01 1.10112883e+01 -1.31129260e+01 -7.17953375e+00 2.19330396e+01 -2.98616472e+01 6.49350882e+00 1.99186862e+00 4.40407009e+00 4.52279046e-01
2.18182967e+00 6.41398000e+05 4.55819595e+02 2.16073520e+02 -1.03558436e+01 -1.06044083e+03 1.47868720e+01 1.09064884e+01 -1.28048742e+01 -7.73794654e+00 2.19589949e+01 -2.96115890e+01 5.80685136e+00 2.01338820e+00 4.45100727e+00 4.52344396e-01
2.18497371e+00 6.34296000e+05 4.56947919e+02 2.17201844e+02 -1.16980988e+01 -1.06346743e+03 1.48166649e+01 1.09362812e+01 -1.27990935e+01 -7.90931104e+00 2.18914437e+01 -2.95552038e+01 5.66391452e+00 2.00172649e+00 4.45653088e+00 4.49166974e-01
2.18811328e+00 6.24736000e+05 4.59218728e+02 2.19472652e+02 -1.07610677e+01 -1.07411970e+03 1.47995186e+01 1.09191349e+01 -1.26031035e+01 -8.34428642e+00 2.17730778e+01 -2.94567702e+01 5.52552083e+00 1.99402955e+00 4.48328234e+00 4.44770015e-01
2.19124968e+00 6.16776000e+05 4.60715415e+02 2.20969339e+02 -1.05859756e+01 -1.08262593e+03 1.46944591e+01 1.08140754e+01 -1.22756230e+01 -8.91953596e+00 2.16402910e+01 -2.90028871e+01 4.92241897e+00 2.00112263e+00 4.52034219e+00 4.42692731e-01
2.19439249e+00 6.11902000e+05 4.62430894e+02 2.22684818e+02 -1.03657916e+01 -1.08873172e+03 1.48411323e+01 1.09607486e+01 -1.25955230e+01 -8.58050678e+00 2.16841464e+01 -2.93754390e+01 5.56517614e+00 1.97834539e+00 4.50739063e+00 4.38911458e-01
2.19753435e+00 6.00382000e+05 4.64076937e+02 2.24330861e+02 -1.04320075e+01 -1.09983334e+03 1.45384681e+01 1.06580844e+01 -1.18224729e+01 -9.76556036e+00 2.12719194e+01 -2.85899476e+01 4.48846408e+00 1.99584827e+00 4.58780483e+00 4.35033388e-01
2.20067398e+00 5.94930000e+05 4.65880060e+02 2.26133984e+02 -9.42904362e+00 -1.10628151e+03 1.47563551e+01 1.08759714e+01 -1.21677653e+01 -9.43619831e+00 2.12697865e+01 -2.84213262e+01 4.32260398e+00 1.95566774e+00 4.55983249e+00 4.28890260e-01
2.20381420e+00 5.85712000e+05 4.67969148e+02 2.28223073e+02 -1.24516414e+01 -1.11244510e+03 1.46535016e+01 1.07731179e+01 -1.18594054e+01 -1.00777161e+01 2.14441776e+01 -2.84533252e+01 3.75005414e+00 1.99052658e+00 4.60266183e+00 4.32472916e-01
2.20695793e+00 5.78778000e+05 4.69876398e+02 2.30130322e+02 -1.01622108e+01 -1.12487887e+03 1.45884497e+01 1.07080660e+01 -1.16032050e+01 -1.05681184e+01 2.11997530e+01 -2.80038276e+01 3.31624861e+00 1.97979290e+00 4.63587165e+00 4.27059471e-01
2.21010158e+00 5.71066000e+05 4.71692022e+02 2.31945947e+02 -1.10242505e+01 -1.12934602e+03 1.47089318e+01 1.08285481e+01 -1.17422288e+01 -1.05688397e+01 2.12267086e+01 -2.81144586e+01 3.58385756e+00 1.96025436e+00 4.62815909e+00 4.23549476e-01
2.21324016e+00 5.59918000e+05 4.72698061e+02 2.32951986e+02 -1.18526567e+01 -1.13951282e+03 1.43254355e+01 1.04450518e+01 -1.08591751e+01 -1.18582381e+01 2.07728121e+01 -2.72271390e+01 2.36448459e+00 1.98877062e+00 4.72256462e+00 4.21120890e-01
2.21638299e+00 5.57052000e+05 4.75741184e+02 2.35995109e+02 -1.18293415e+01 -1.14534229e+03 1.46999318e+01 1.08195481e+01 -1.16810057e+01 -1.08357125e+01 2.10091646e+01 -2.79676859e+01 3.67221364e+00 1.94177838e+00 4.67032324e+00 4.15769591e-01
2.21952670e+00 5.43940000e+05 4.77092628e+02 2.37346553e+02 -9.60822256e+00 -1.16183325e+03 1.42702619e+01 1.03898782e+01 -1.05803431e+01 -1.25333025e+01 2.05952527e+01 -2.67343942e+01 1.51583675e+00 1.98224197e+00 4.77954149e+00 4.14734756e-01
2.22266807e+00 5.39346000e+05 4.78116376e+02 2.38370301e+02 -1.00279756e+01 -1.16516824e+03 1.45347625e+01 1.06543788e+01 -1.11307417e+01 -1.19194341e+01 2.07955836e+01 -2.69863804e+01 1.74470961e+00 1.95183445e+00 4.73000941e+00 4.12649168e-01
2.22580862e+00 5.28796000e+05 4.80304549e+02 2.40558474e+02 -1.08131027e+01 -1.17627962e+03 1.43074663e+01 1.04270826e+01 -1.05052312e+01 -1.29887630e+01 2.06119619e+01 -2.63610400e+01 5.70807992e-01 1.97677171e+00 4.80318068e+00 4.11554727e-01
2.22895075e+00 5.22078000e+05 4.82454094e+02 2.42708019e+02 -9.92905280e+00 -1.18855580e+03 1.41480410e+01 1.02676573e+01 -1.00658618e+01 -1.36803041e+01 2.03039753e+01 -2.58811065e+01 1.93403624e-01 1.97746911e+00 4.86190400e+00 4.06727306e-01
2.23209475e+00 5.14198000e+05 4.84910049e+02 2.45163974e+02 -1.07358946e+01 -1.19546351e+03 1.42991724e+01 1.04187887e+01 -1.03721676e+01 -1.33601357e+01 2.04258056e+01 -2.60957027e+01 2.37718617e-01 1.96047796e+00 4.85087083e+00 4.04149693e-01
2.23523510e+00 5.03710000e+05 4.84694180e+02 2.44948105e+02 -8.06399028e+00 -1.21095697e+03 1.38362910e+01 9.95590729e+00 -9.21343527e+00 -1.51268065e+01 1.97174636e+01 -2.45407635e+01 -1.68112341e+00 1.98047883e+00 4.96017067e+00 3.99276347e-01
2.23837402e+00 4.97652000e+05 4.87149981e+02 2.47403906e+02 -9.23526682e+00 -1.21533167e+03 1.41744874e+01 1.02941037e+01 -9.92998858e+00 -1.43406272e+01 2.01100020e+01 -2.50801630e+01 -1.36666503e+00 1.95354570e+00 4.90240298e+00 3.98487376e-01
2.24151800e+00 4.88908000e+05 4.86497658e+02 2.46751582e+02 -9.33204320e+00 -1.22429295e+03 1.37187561e+01 9.83837240e+00 -8.76773683e+00 -1.60874795e+01 1.94774251e+01 -2.38578363e+01 -2.86726191e+00 1.97974058e+00 5.00804640e+00 3.95311949e-01
2.24466167e+00 4.80288000e+05 4.88903711e+02 2.49157636e+02 -8.47332738e+00 -1.23586427e+03 1.37416265e+01 9.86124278e+00 -8.77829966e+00 -1.61686094e+01 1.95106473e+01 -2.35022094e+01 -3.54764783e+00 1.97851810e+00 5.02656468e+00 3.93612383e-01
2.24779956e+00 4.71538000e+05 4.88279074e+02 2.48532998e+02 -7.18441600e+00 -1.24423929e+03 1.35186505e+01 9.63826684e+00 -8.19721426e+00 -1.71626038e+01 1.91620711e+01 -2.26991946e+01 -4.89707817e+00 1.98812415e+00 5.07799837e+00 3.91517288e-01
2.25093546e+00 4.62360000e+05 4.89001113e+02 2.49255038e+02 -7.04724302e+00 -1.25542247e+03 1.32021758e+01 9.32179214e+00 -7.44490251e+00 -1.82796457e+01 1.87465179e+01 -2.16738105e+01 -6.40647018e+00 2.01104226e+00 5.17097294e+00 3.88909841e-01
2.25407758e+00 4.56976000e+05 4.91516892e+02 2.51770816e+02 -8.36766880e+00 -1.26494612e+03 1.34428200e+01 9.56243634e+00 -7.87184227e+00 -1.78949477e+01 1.88314823e+01 -2.15820660e+01 -6.50300778e+00 1.96931845e+00 5.13119377e+00 3.83793429e-01
2.25722323e+00 4.46398000e+05 4.89024993e+02 2.49278918e+02 -8.56354468e+00 -1.26971324e+03 1.29385974e+01 9.05821375e+00 -6.69810461e+00 -1.96626673e+01 1.80509644e+01 -2.03659339e+01 -7.82430138e+00 1.99277307e+00 5.24591794e+00 3.79871186e-01
2.26036195e+00 4.38312000e+05 4.92072324e+02 2.52326249e+02 -7.58299531e+00 -1.28385392e+03 1.29635314e+01 9.08314775e+00 -6.63064556e+00 -1.99910883e+01 1.80731965e+01 -2.00638322e+01 -8.68628514e+00 1.98975036e+00 5.27063603e+00 3.77516177e-01
2.26350189e+00 4.30156000e+05 4.89480313e+02 2.49734237e+02 -5.43640852e+00 -1.29319020e+03 1.25506371e+01 8.67025339e+00 -5.71090650e+00 -2.13477288e+01 1.73519834e+01 -1.83503294e+01 -1.09784849e+01 2.00132368e+00 5.36689561e+00 3.72901547e-01
2.26664654e+00 4.22088000e+05 4.90938825e+02 2.51192750e+02 -5.14225394e+00 -1.30716273e+03 1.23579327e+01 8.47754901e+00 -5.20731839e+00 -2.21821586e+01 1.70835608e+01 -1.76353172e+01 -1.20627903e+01 2.01515329e+00 5.44337677e+00 3.70202795e-01
2.26978949e+00 4.13146000e+05 4.91791466e+02 2.52045391e+02 -5.22259096e+00 -1.31867759e+03 1.21614069e+01 8.28102320e+00 -4.71034417e+00 -2.30401261e+01 1.66085170e+01 -1.68745907e+01 -1.28643137e+01 2.00561169e+00 5.51692880e+00 3.63537715e-01
2.27292858e+00 4.04056000e+05 4.91070965e+02 2.51324890e+02 -4.08610567e+00 -1.33052312e+03 1.18072584e+01 7.92687472e+00 -3.96791374e+00 -2.40985471e+01 1.62293330e+01 -1.55812549e+01 -1.50146090e+01 2.04738104e+00 5.63075658e+00 3.63606739e-01
2.27606948e+00 3.96645000e+05 4.88898057e+02 2.49151981e+02 -5.28654664e+00 -1.33442186e+03 1.15430113e+01 7.66262761e+00 -3.35645034e+00 -2.50573900e+01 1.55444253e+01 -1.47673662e+01 -1.55503848e+01 2.02860248e+00 5.70221138e+00 3.55757151e-01
2.27921602e+00 3.89290000e+05 4.86349692e+02 2.46603616e+02 -4.37044767e+00 -1.33781082e+03 1.13854513e+01 7.50506757e+00 -2.89055648e+00 -2.58984233e+01 1.51162440e+01 -1.36525785e+01 -1.69373564e+01 2.01413829e+00 5.73221429e+00 3.51371772e-01
2.28235673e+00 3.80277000e+05 4.88137844e+02 2.48391769e+02 -4.67779929e+00 -1.35116436e+03 1.12505539e+01 7.37017021e+00 -2.68761782e+00 -2.62173874e+01 1.48460733e+01 -1.30523128e+01 -1.78144072e+01 2.01434606e+00 5.80536916e+00 3.46979839e-01
2.28549364e+00 3.74080000e+05 4.88318839e+02 2.48572764e+02 -3.30897286e+00 -1.36359287e+03 1.11420446e+01 7.26166093e+00 -2.42257341e+00 -2.67274581e+01 1.45976341e+01 -1.22413842e+01 -1.91925057e+01 2.01023351e+00 5.85071290e+00 3.43587789e-01
2.28863741e+00 3.67857000e+05 4.88903823e+02 2.49157747e+02 -5.04827926e+00 -1.36934742e+03 1.11217618e+01 7.24137807e+00 -2.31349838e+00 -2.70521347e+01 1.44955062e+01 -1.18964636e+01 -1.97854203e+01 2.00176072e+00 5.86579102e+00 3.41260149e-01
2.29178163e+00 3.60598000e+05 4.88849371e+02 2.49103296e+02 -2.53813568e+00 -1.38081399e+03 1.10227526e+01 7.14236892e+00 -2.06325143e+00 -2.74629763e+01 1.42946437e+01 -1.10767856e+01 -2.09928954e+01 2.00138692e+00 5.90566214e+00 3.38892892e-01
2.29492246e+00 3.54154000e+05 4.90825617e+02 2.51079542e+02 -4.20670958e+00 -1.39158472e+03 1.09956751e+01 7.11529143e+00 -1.97428746e+00 -2.77590534e+01 1.40231094e+01 -1.08719624e+01 -2.10434950e+01 1.97084119e+00 5.94031285e+00 3.31773972e-01
2.29806313e+00 3.47835000e+05 4.89784858e+02 2.50038783e+02 -2.48568502e+00 -1.39911947e+03 1.09184234e+01 7.03803969e+00 -1.86700240e+00 -2.79445876e+01 1.36965268e+01 -1.01440478e+01 -2.16070038e+01 1.94607127e+00 5.96043330e+00 3.26498289e-01
2.30120454e+00 3.41587000e+05 4.90273181e+02 2.50527106e+02 -2.71232253e+00 -1.40659266e+03 1.08955650e+01 7.01518135e+00 -1.77036837e+00 -2.82422476e+01 1.35794632e+01 -1.00600947e+01 -2.17807648e+01 1.93572518e+00 5.97596313e+00 3.23918527e-01
2.30434832e+00 3.36276000e+05 4.91736603e+02 2.51990528e+02 -3.20833541e+00 -1.41541671e+03 1.09131137e+01 7.03273006e+00 -1.67727319e+00 -2.85478603e+01 1.36391357e+01 -9.53665918e+00 -2.30407594e+01 1.93937996e+00 5.98590933e+00 3.23990868e-01
2.30748882e+00 3.28984000e+05 4.92695832e+02 2.52949756e+02 -1.70149616e+00 -1.42887095e+03 1.08791099e+01 6.99872618e+00 -1.61122215e+00 -2.87832160e+01 1.32872102e+01 -9.13167606e+00 -2.30957000e+01 1.89851836e+00 6.01184301e+00 3.15796397e-01
2.31062948e+00 3.24597000e+05 4.93540651e+02 2.53794576e+02 -1.50317226e+00 -1.43644063e+03 1.08232890e+01 6.94290529e+00 -1.51988382e+00 -2.89178922e+01 1.29924282e+01 -8.98462632e+00 -2.27674355e+01 1.87132441e+00 6.04603347e+00 3.09512744e-01
2.31377400e+00 3.18196000e+05 4.92773831e+02 2.53027756e+02 -2.86598944e+00 -1.43932588e+03 1.08005194e+01 6.92013574e+00 -1.48051311e+00 -2.91206032e+01 1.29186695e+01 -8.65897638e+00 -2.33295270e+01 1.86682314e+00 6.04681630e+00 3.08728271e-01
2.31691508e+00 3.12661000e+05 4.95245649e+02 2.55499573e+02 -9.21719845e-01 -1.45537724e+03 1.07887101e+01 6.90832637e+00 -1.39988401e+00 -2.93511739e+01 1.27978312e+01 -8.11086036e+00 -2.41011852e+01 1.85252267e+00 6.08147136e+00 3.04617511e-01
2.32005200e+00 3.06501000e+05 4.96800285e+02 2.57054210e+02 -5.34119099e-01 -1.46413120e+03 1.08021172e+01 6.92173346e+00 -1.36960232e+00 -2.95549667e+01 1.28392812e+01 -8.01617669e+00 -2.46229421e+01 1.85492280e+00 6.09403473e+00 3.04383365e-01
2.32319103e+00 3.02161000e+05 4.97066966e+02 2.57320891e+02 -1.55820317e+00 -1.47155209e+03 1.07682325e+01 6.88784884e+00 -1.27652385e+00 -2.98015498e+01 1.25695629e+01 -7.73600620e+00 -2.45693879e+01 1.82488949e+00 6.11217414e+00 2.98566344e-01
2.32633711e+00 2.97021000e+05 4.96771743e+02 2.57025668e+02 -4.72131046e-01 -1.47804084e+03 1.07908832e+01 6.91049949e+00 -1.20957739e+00 -3.01471292e+01 1.23296868e+01 -7.37886216e+00 -2.47423342e+01 1.78419618e+00 6.09864745e+00 2.92556046e-01
2.32947915e+00 2.91061000e+05 5.01696081e+02 2.61950006e+02 -1.99217115e+00 -1.49329109e+03 1.07962479e+01 6.91586425e+00 -1.19613679e+00 -3.02532674e+01 1.23849030e+01 -7.32309140e+00 -2.49551514e+01 1.79079614e+00 6.15440364e+00 2.90978013e-01
2.33261681e+00 2.86110000e+05 4.98866505e+02 2.59120430e+02 -2.33526929e+00 -1.49187386e+03 1.07745122e+01 6.89412853e+00 -1.12119484e+00 -3.04763460e+01 1.21713724e+01 -6.94357009e+00 -2.52939859e+01 1.76546931e+00 6.13071517e+00 2.87971185e-01
2.33576034e+00 2.81689000e+05 5.01813575e+02 2.62067499e+02 -6.33379348e-01 -1.50852671e+03 1.07790851e+01 6.89870138e+00 -1.09760837e+00 -3.06474729e+01 1.19921021e+01 -6.81227064e+00 -2.51428143e+01 1.73831298e+00 6.16343626e+00 2.82036336e-01
2.33890718e+00 2.76766000e+05 5.02026673e+02 2.62280598e+02 -1.39413667e+00 -1.51333413e+03 1.07589949e+01 6.87861118e+00 -1.06793951e+00 -3.07546156e+01 1.19229301e+01 -6.62331266e+00 -2.54113048e+01 1.73333393e+00 6.17493943e+00 2.80704604e-01
2.34204685e+00 2.70774000e+05 5.04464645e+02 2.64718570e+02 -7.16402830e-01 -1.52679717e+03 1.07696396e+01 6.88925594e+00 -1.01601797e+00 -3.09924115e+01 1.18519070e+01 -6.30124031e+00 -2.58812757e+01 1.72034645e+00 6.19877745e+00 2.77529959e-01
2.34518433e+00 2.66794000e+05 5.05166511e+02 2.65420435e+02 -8.90983788e-01 -1.53370937e+03 1.07834413e+01 6.90305761e+00 -9.89728375e-01 -3.11763012e+01 1.17412680e+01 -6.16727750e+00 -2.58578807e+01 1.70087932e+00 6.20078152e+00 2.74300799e-01
2.34833164e+00 2.62662000e+05 5.05473682e+02 2.65727606e+02 -6.16404924e-01 -1.54010847e+03 1.07253122e+01 6.84492849e+00 -9.29758400e-01 -3.12129986e+01 1.17082167e+01 -5.96387614e+00 -2.63614309e+01 1.71049511e+00 6.23065752e+00 2.74528829e-01
2.35147273e+00 2.56522000e+05 5.08622483e+02 2.68876408e+02 -3.78880069e-01 -1.55505013e+03 1.07730391e+01 6.89265539e+00 -8.88959631e-01 -3.15434717e+01 1.14955217e+01 -5.59586709e+00 -2.63488032e+01 1.66779290e+00 6.24572798e+00 2.67029385e-01
2.35460459e+00 2.52106000e+05 5.09424002e+02 2.69677927e+02 -1.46697233e+00 -1.55964705e+03 1.07771613e+01 6.89677759e+00 -8.71211471e-01 -3.16774316e+01 1.14825865e+01 -5.60883501e+00 -2.64547960e+01 1.66492051e+00 6.25316070e+00 2.66252634e-01
2.35774582e+00 2.48910000e+05 5.11310496e+02 2.71564420e+02 -1.48139986e-01 -1.57209257e+03 1.08354633e+01 6.95507961e+00 -8.40644461e-01 -3.20078639e+01 1.13573485e+01 -5.58770937e+00 -2.62733678e+01 1.63295737e+00 6.24863823e+00 2.61330118e-01
2.36089216e+00 2.43778000e+05 5.10865501e+02 2.71119425e+02 -2.17077443e+00 -1.57356677e+03 1.07868006e+01 6.90641695e+00 -8.22741980e-01 -3.20100774e+01 1.12386681e+01 -5.33171348e+00 -2.64786108e+01 1.62727911e+00 6.26547384e+00 2.59721636e-01
2.36403153e+00 2.39211000e+05 5.13867707e+02 2.74121631e+02 -3.80372425e-01 -1.58949718e+03 1.08126091e+01 6.93222541e+00 -7.98149904e-01 -3.22290372e+01 1.13331235e+01 -5.09664376e+00 -2.72721010e+01 1.63484636e+00 6.28832988e+00 2.59981012e-01
2.36716871e+00 2.34862000e+05 5.17453403e+02 2.77707327e+02 -1.15523438e+00 -1.60257652e+03 1.08496483e+01 6.96926460e+00 -7.35230825e-01 -3.25065248e+01 1.11593206e+01 -4.98081377e+00 -2.69755913e+01 1.60121925e+00 6.31248258e+00 2.53659194e-01
2.37031351e+00 2.31615000e+05 5.16334705e+02 2.76588630e+02 -1.51526140e+00 -1.60428686e+03 1.08131838e+01 6.93280016e+00 -7.53106450e-01 -3.24906691e+01 1.11920820e+01 -4.83725072e+00 -2.74202247e+01 1.61436674e+00 6.31630104e+00 2.55587366e-01
2.37345750e+00 2.26318000e+05 5.17548361e+02 2.77802286e+02 -1.01754241e+00 -1.61341954e+03 1.07961099e+01 6.91572619e+00 -6.96994114e-01 -3.26482444e+01 1.08034872e+01 -4.67025920e+00 -2.66435680e+01 1.56216237e+00 6.33795297e+00 2.46477432e-01
2.37659737e+00 2.22763000e+05 5.21068375e+02 2.81322299e+02 -1.77895822e+00 -1.62647164e+03 1.08418339e+01 6.96145025e+00 -6.84634360e-01 -3.28591815e+01 1.09938953e+01 -4.48890326e+00 -2.75891670e+01 1.57925359e+00 6.35700009e+00 2.48427492e-01
2.37973945e+00 2.18586000e+05 5.22526218e+02 2.82780143e+02 9.16705844e-01 -1.64009709e+03 1.09461730e+01 7.06578936e+00 -6.38797265e-01 -3.33645605e+01 1.07699283e+01 -4.22397302e+00 -2.74480443e+01 1.52423568e+00 6.32621739e+00 2.40939505e-01
2.38288120e+00 2.14399000e+05 5.21830592e+02 2.82084517e+02 -2.15239345e+00 -1.63828964e+03 1.08461063e+01 6.96572262e+00 -6.76393864e-01 -3.31017082e+01 1.06860061e+01 -4.36538783e+00 -2.71132821e+01 1.53408436e+00 6.36365368e+00 2.41069743e-01
2.38602474e+00 2.10915000e+05 5.27154492e+02 2.87408417e+02 -9.61544930e-01 -1.65924835e+03 1.09184726e+01 7.03808895e+00 -6.35232894e-01 -3.34526944e+01 1.06146582e+01 -4.26330322e+00 -2.70728542e+01 1.50817335e+00 6.39031645e+00 2.36009181e-01
2.38916755e+00 2.06542000e+05 5.27858619e+02 2.88112543e+02 -1.25858742e-01 -1.66608206e+03 1.09688280e+01 7.08844435e+00 -5.91260729e-01 -3.37681923e+01 1.06562604e+01 -3.89847453e+00 -2.78220221e+01 1.50332850e+00 6.37537325e+00 2.35802429e-01
2.39230542e+00 2.02611000e+05 5.31511194e+02 2.91765118e+02 -1.59510433e+00 -1.68100179e+03 1.09630633e+01 7.08267958e+00 -5.73077371e-01 -3.38626102e+01 1.07317152e+01 -4.02159435e+00 -2.79947092e+01 1.51520552e+00 6.41826859e+00 2.36076988e-01
2.39545365e+00 1.99999000e+05 5.31176614e+02 2.91430539e+02 -1.36826853e+00 -1.68338962e+03 1.09422833e+01 7.06189958e+00 -5.62928454e-01 -3.38986671e+01 1.04371063e+01 -3.83100345e+00 -2.74462964e+01 1.47794600e+00 6.42401817e+00 2.30065663e-01
2.39860202e+00 1.95133000e+05 5.32814055e+02 2.93067980e+02 2.93337188e-01 -1.69464839e+03 1.10078605e+01 7.12747682e+00 -5.40046837e-01 -3.42312900e+01 1.06358793e+01 -3.56447845e+00 -2.86303489e+01 1.49223625e+00 6.41233612e+00 2.32713355e-01
2.40173541e+00 1.90899000e+05 5.35743051e+02 2.95996976e+02 -4.81790413e-02 -1.70683525e+03 1.10546848e+01 7.17430109e+00 -5.08544539e-01 -3.44827484e+01 1.03754875e+01 -3.63285868e+00 -2.76605692e+01 1.44620185e+00 6.42323539e+00 2.25151620e-01
2.40487443e+00 1.88455000e+05 5.37035779e+02 2.97289704e+02 7.63238895e-01 -1.71715380e+03 1.10613861e+01 7.18100246e+00 -5.08844422e-01 -3.46015143e+01 1.03080215e+01 -3.43066480e+00 -2.79756685e+01 1.43545717e+00 6.43424208e+00 2.23096544e-01
2.40802266e+00 1.84551000e+05 5.38471420e+02 2.98725345e+02 -5.90375555e-01 -1.72309870e+03 1.10859391e+01 7.20555540e+00 -4.83698653e-01 -3.47854337e+01 1.00883524e+01 -3.29373441e+00 -2.75464342e+01 1.40007978e+00 6.43876100e+00 2.17445527e-01
2.41116462e+00 1.80775000e+05 5.39869553e+02 3.00123478e+02 -8.26881852e-01 -1.73153074e+03 1.11596238e+01 7.27924012e+00 -4.96367630e-01 -3.50817974e+01 1.01548859e+01 -3.25104275e+00 -2.79024839e+01 1.39504752e+00 6.42106347e+00 2.17261133e-01
2.41429838e+00 1.76751000e+05 5.43583637e+02 3.03837562e+02 -1.44263086e+00 -1.74596404e+03 1.11306946e+01 7.25031093e+00 -4.59190596e-01 -3.51293216e+01 1.02212352e+01 -3.29158627e+00 -2.81458950e+01 1.40976509e+00 6.47354863e+00 2.17773151e-01
2.41744517e+00 1.75039000e+05 5.47217639e+02 3.07471564e+02 -9.85752334e-01 -1.76125381e+03 1.11763286e+01 7.29594490e+00 -4.27184843e-01 -3.53912378e+01 1.01271244e+01 -3.19302129e+00 -2.80500820e+01 1.38804837e+00 6.49174879e+00 2.13817327e-01
2.42059583e+00 1.70335000e+05 5.48248926e+02 3.08502851e+02 4.74584432e-01 -1.77103345e+03 1.11611216e+01 7.28073789e+00 -4.24943982e-01 -3.54131969e+01 9.74748175e+00 -2.95187148e+00 -2.72924019e+01 1.33880410e+00 6.50941398e+00 2.05671986e-01
2.42373020e+00 1.66683000e+05 5.51863299e+02 3.12117223e+02 7.53236859e-01 -1.78571435e+03 1.12011784e+01 7.32079469e+00 -4.25710214e-01 -3.56410314e+01 1.01289131e+01 -3.07407176e+00 -2.83955880e+01 1.38358109e+00 6.52949741e+00 2.11897027e-01
2.42686606e+00 1.63939000e+05 5.53410657e+02 3.13664582e+02 6.83036709e-02 -1.79361796e+03 1.12860203e+01 7.40563660e+00 -4.37584973e-01 -3.59384346e+01 9.89678804e+00 -2.89873302e+00 -2.79835332e+01 1.33638586e+00 6.50805992e+00 2.05343202e-01
2.43001457e+00 1.61163000e+05 5.56151750e+02 3.16405675e+02 -1.41005434e+00 -1.80454081e+03 1.13074397e+01 7.42705601e+00 -3.96718940e-01 -3.61529879e+01 9.83349439e+00 -2.83643872e+00 -2.80015877e+01 1.32400972e+00 6.52700255e+00 2.02851112e-01
2.43315730e+00 1.56979000e+05 5.58368455e+02 3.18622380e+02 7.23604492e-01 -1.81727789e+03 1.13602890e+01 7.47990536e+00 -3.77901301e-01 -3.64279490e+01 1.01943885e+01 -2.62967632e+00 -2.94753669e+01 1.36290341e+00 6.52664644e+00 2.08821394e-01
2.43629351e+00 1.54279000e+05 5.61163077e+02 3.21417001e+02 3.11972276e-01 -1.82748042e+03 1.13447771e+01 7.46439344e+00 -3.62330404e-01 -3.64429822e+01 9.76935813e+00 -2.56946592e+00 -2.82382482e+01 1.30879464e+00 6.56201413e+00 1.99450141e-01
2.43943711e+00 1.51356000e+05 5.64189629e+02 3.24443554e+02 4.47400217e-01 -1.84189152e+03 1.14053578e+01 7.52497412e+00 -3.73974495e-01 -3.67111997e+01 9.77276494e+00 -2.68622967e+00 -2.81905547e+01 1.29871077e+00 6.56624480e+00 1.97785921e-01
2.44258554e+00 1.48351000e+05 5.66418173e+02 3.26672097e+02 -1.21987555e+00 -1.85073526e+03 1.14552063e+01 7.57482263e+00 -3.18742301e-01 -3.70263316e+01 9.60618103e+00 -2.46213028e+00 -2.80320959e+01 1.26817240e+00 6.56704189e+00 1.93111667e-01
2.44572531e+00 1.44519000e+05 5.66890948e+02 3.27144872e+02 3.03535189e-01 -1.85645118e+03 1.14815231e+01 7.60113937e+00 -3.35557557e-01 -3.71391571e+01 9.47829167e+00 -2.34673443e+00 -2.78072358e+01 1.24695670e+00 6.56040591e+00 1.90073102e-01
2.44885824e+00 1.41811000e+05 5.70330852e+02 3.30584777e+02 2.95976742e-01 -1.87109040e+03 1.15440578e+01 7.66367410e+00 -3.33038810e-01 -3.74033609e+01 9.49200807e+00 -2.23228554e+00 -2.80514905e+01 1.23857147e+00 6.56784525e+00 1.88581098e-01
2.45200142e+00 1.39404000e+05 5.73315384e+02 3.33569309e+02 8.38226740e-01 -1.88612938e+03 1.15450018e+01 7.66461816e+00 -3.19314401e-01 -3.75001303e+01 9.74351519e+00 -2.27712685e+00 -2.88976732e+01 1.27123295e+00 6.59701970e+00 1.92698069e-01
2.45514793e+00 1.36105000e+05 5.76061274e+02 3.36315199e+02 1.69078848e+00 -1.89835308e+03 1.16400207e+01 7.75963704e+00 -2.98050470e-01 -3.78944339e+01 9.71870329e+00 -2.23221113e+00 -2.89916360e+01 1.25246880e+00 6.58343487e+00 1.90245491e-01
2.45828759e+00 1.33132000e+05 5.78964296e+02 3.39218221e+02 -4.69750164e-01 -1.90704660e+03 1.17079002e+01 7.82751652e+00 -3.41707328e-01 -3.81106392e+01 9.59887192e+00 -2.18682969e+00 -2.87021219e+01 1.22629852e+00 6.58305660e+00 1.86281023e-01
2.46142397e+00 1.30251000e+05 5.80922923e+02 3.41176847e+02 1.16513789e+00 -1.91892809e+03 1.17380945e+01 7.85771080e+00 -3.05743797e-01 -3.83372947e+01 9.33716669e+00 -1.92642267e+00 -2.82087995e+01 1.18828078e+00 6.58933755e+00 1.80333875e-01
2.46456583e+00 1.27771000e+05 5.83091934e+02 3.43345859e+02 4.92743656e-02 -1.92812734e+03 1.17823652e+01 7.90198147e+00 -2.82394433e-01 -3.85824611e+01 9.61365611e+00 -2.11428923e+00 -2.89423784e+01 1.21661334e+00 6.59170713e+00 1.84567263e-01
2.46771723e+00 1.25400000e+05 5.88840810e+02 3.49094735e+02 2.26854161e+00 -1.95189408e+03 1.18225846e+01 7.94220092e+00 -2.70791509e-01 -3.87769191e+01 9.60359093e+00 -1.93081607e+00 -2.91383558e+01 1.20918509e+00 6.62981202e+00 1.82386029e-01
2.47085926e+00 1.21663000e+05 5.88888631e+02 3.49142556e+02 -5.52070262e-01 -1.95165491e+03 1.18327143e+01 7.95233063e+00 -2.58099654e-01 -3.88827845e+01 9.38737145e+00 -1.68837046e+00 -2.88400749e+01 1.18045538e+00 6.62604193e+00 1.78153925e-01
2.47398931e+00 1.19208000e+05 5.93145232e+02 3.53399157e+02 2.44512184e-02 -1.97047476e+03 1.18937907e+01 8.01340703e+00 -2.79692522e-01 -3.91428704e+01 9.28058768e+00 -1.88643150e+00 -2.83861088e+01 1.15813257e+00 6.64085738e+00 1.74395038e-01
2.47713750e+00 1.17427000e+05 6.00083386e+02 3.60337311e+02 2.46023854e+00 -1.99733246e+03 1.19397514e+01 8.05936768e+00 -2.56908782e-01 -3.93546994e+01 9.49333496e+00 -1.94026583e+00 -2.89567210e+01 1.17792553e+00 6.68658134e+00 1.76162597e-01
2.48028555e+00 1.13992000e+05 6.01746089e+02 3.62000013e+02 -2.37507011e+00 -2.00014993e+03 1.19348839e+01 8.05450022e+00 -2.45064670e-01 -3.93957287e+01 9.24533522e+00 -1.70317568e+00 -2.85333162e+01 1.14784716e+00 6.70401526e+00 1.71217862e-01
2.48341160e+00 1.10847000e+05 6.06573995e+02 3.66827919e+02 4.57223635e-01 -2.02312385e+03 1.20523496e+01 8.17196596e+00 -2.35522977e-01 -3.98694612e+01 9.19739446e+00 -1.46975139e+00 -2.86869353e+01 1.12548125e+00 6.69989377e+00 1.67984939e-01
2.48654871e+00 1.09660000e+05 6.05326250e+02 3.65580174e+02 -2.30172505e-01 -2.02142627e+03 1.21139341e+01 8.23355042e+00 -2.48410409e-01 -4.01137082e+01 9.07844669e+00 -1.69992549e+00 -2.80527024e+01 1.10261627e+00 6.66342852e+00 1.65472815e-01
2.48970756e+00 1.07079000e+05 6.09670095e+02 3.69924019e+02 1.73092377e-01 -2.03849161e+03 1.21700137e+01 8.28963004e+00 -2.38225806e-01 -4.03716036e+01 9.11800041e+00 -1.54427232e+00 -2.84552920e+01 1.09992851e+00 6.68018810e+00 1.64655320e-01
2.49285104e+00 1.03744000e+05 6.13852526e+02 3.74106451e+02 2.60669207e-01 -2.05451740e+03 1.22697940e+01 8.38941029e+00 -2.21602184e-01 -4.07718955e+01 9.58027460e+00 -1.51113782e+00 -3.01312632e+01 1.14194851e+00 6.67777653e+00 1.71007297e-01
2.49597499e+00 1.01115000e+05 6.17844777e+02 3.78098701e+02 5.43278190e-01 -2.07164413e+03 1.22536017e+01 8.37321804e+00 -1.71786227e-01 -4.08432824e+01 8.95064255e+00 -1.24305694e+00 -2.84148353e+01 1.06896088e+00 6.71980070e+00 1.59076278e-01
2.49912079e+00 1.00138000e+05 6.25391845e+02 3.85645769e+02 -1.37876019e+00 -2.09620955e+03 1.23737412e+01 8.49335756e+00 -2.05922426e-01 -4.12479496e+01 9.27951558e+00 -1.63180195e+00 -2.89901868e+01 1.09256151e+00 6.73836578e+00 1.62140428e-01
2.50227832e+00 9.70030000e+04 6.29180267e+02 3.89434192e+02 -1.53114067e+00 -2.11106486e+03 1.23900999e+01 8.50971620e+00 -1.68007876e-01 -4.13958412e+01 9.01953980e+00 -1.36399966e+00 -2.85181432e+01 1.05991076e+00 6.76487072e+00 1.56678643e-01
2.50541433e+00 9.42960000e+04 6.30806242e+02 3.91060167e+02 1.16526403e+00 -2.12286837e+03 1.25545245e+01 8.67414079e+00 -1.98370934e-01 -4.19629690e+01 9.17953828e+00 -1.37518935e+00 -2.91162065e+01 1.05826485e+00 6.71442083e+00 1.57610742e-01
2.50853861e+00 9.17920000e+04 6.36404370e+02 3.96658295e+02 -1.41025580e+00 -2.14017138e+03 1.25584986e+01 8.67811493e+00 -2.10853499e-01 -4.20021338e+01 8.91298522e+00 -1.42697233e+00 -2.81660726e+01 1.02706467e+00 6.76076082e+00 1.51915545e-01
2.51168721e+00 9.09390000e+04 6.42314127e+02 4.02568052e+02 -6.55112655e-01 -2.16386959e+03 1.26542398e+01 8.77385607e+00 -1.42125340e-01 -4.24693672e+01 8.74519778e+00 -1.36543743e+00 -2.77270399e+01 9.96733673e-01 6.77367570e+00 1.47148124e-01
2.51484444e+00 8.78200000e+04 6.42827836e+02 4.03081760e+02 -1.67606662e-01 -2.16934744e+03 1.26300464e+01 8.74966274e+00 -1.82707130e-01 -4.23963037e+01 8.85567469e+00 -1.17326658e+00 -2.84249950e+01 1.01211612e+00 6.78736050e+00 1.49117778e-01
2.51797921e+00 8.53960000e+04 6.52044178e+02 4.12298102e+02 -4.74235132e-01 -2.20126989e+03 1.27971428e+01 8.91675908e+00 -1.94123345e-01 -4.29701376e+01 9.06481401e+00 -1.54045844e+00 -2.86773747e+01 1.01660412e+00 6.79989414e+00 1.49502933e-01
2.52111633e+00 8.36790000e+04 6.51603546e+02 4.11857471e+02 5.39593027e-01 -2.20422598e+03 1.28565920e+01 8.97620827e+00 -1.76674355e-01 -4.32530442e+01 8.72974003e+00 -8.74594428e-01 -2.83994231e+01 9.72542054e-01 6.77371646e+00 1.43575843e-01
2.52426438e+00 8.14240000e+04 6.54119182e+02 4.14373107e+02 7.11955333e-01 -2.21580721e+03 1.29449498e+01 9.06456611e+00 -1.52807043e-01 -4.36257250e+01 8.96041105e+00 -9.53970811e-01 -2.91453112e+01 9.88509647e-01 6.76117645e+00 1.46203794e-01
2.52741056e+00 7.94640000e+04 6.62775879e+02 4.23029804e+02 -2.06825605e+00 -2.24317568e+03 1.29520924e+01 9.07170871e+00 -1.22270546e-01 -4.37282646e+01 8.81701702e+00 -1.02436128e+00 -2.85761093e+01 9.71924618e-01 6.82874561e+00 1.42328427e-01
2.53053475e+00 7.63270000e+04 6.65408751e+02 4.25662676e+02 -1.80723975e+00 -2.25432662e+03 1.31209434e+01 9.24055972e+00 -1.77063618e-01 -4.42798642e+01 9.27115855e+00 -1.09822735e+00 -3.00834068e+01 1.00331136e+00 6.78709060e+00 1.47826428e-01
2.53367391e+00 7.60320000e+04 6.69300345e+02 4.29554270e+02 2.00767160e+00 -2.27439062e+03 1.32602091e+01 9.37982544e+00 -1.60607885e-01 -4.48093690e+01 9.02809582e+00 -1.00937525e+00 -2.93530578e+01 9.62501475e-01 6.76724098e+00 1.42229526e-01
2.53683753e+00 7.33180000e+04 6.71072595e+02 4.31326519e+02 1.05648096e+00 -2.28129652e+03 1.32972729e+01 9.41688917e+00 -1.21398041e-01 -4.50392419e+01 8.88050756e+00 -9.05797237e-01 -2.90662965e+01 9.43040467e-01 6.76782859e+00 1.39341659e-01
2.53997296e+00 7.08520000e+04 6.81725875e+02 4.41979799e+02 -4.65294101e-01 -2.31824765e+03 1.34047418e+01 9.52435814e+00 -1.45630138e-01 -4.54153864e+01 9.05122674e+00 -9.39890937e-01 -2.96570075e+01 9.50324065e-01 6.81213665e+00 1.39504551e-01
2.54309650e+00 6.90870000e+04 6.83581077e+02 4.43835002e+02 1.01256446e+00 -2.32755567e+03 1.34143985e+01 9.53401480e+00 -7.24530191e-02 -4.55601446e+01 9.39656457e+00 -9.49568004e-01 -3.08015713e+01 9.85583174e-01 6.82296060e+00 1.44450955e-01
2.54624206e+00 6.77680000e+04 6.89644393e+02 4.49898318e+02 6.82761585e-01 -2.35145769e+03 1.35095080e+01 9.62912430e+00 -1.48146174e-01 -4.58679876e+01 9.38182726e+00 -9.83092287e-01 -3.07444864e+01 9.74317806e-01 6.83539770e+00 1.42540032e-01
2.54940146e+00 6.58320000e+04 6.94653195e+02 4.54907119e+02 9.33725850e-01 -2.36939961e+03 1.35935657e+01 9.71318204e+00 -1.39255262e-01 -4.61796967e+01 8.90172929e+00 -8.18556475e-01 -2.93423331e+01 9.16458607e-01 6.84353673e+00 1.33915933e-01
2.55253911e+00 6.32800000e+04 7.00839512e+02 4.61093436e+02 1.06909420e+00 -2.39278064e+03 1.36782991e+01 9.79791540e+00 -8.18118989e-02 -4.65777316e+01 9.05709002e+00 -6.69433632e-01 -3.00909218e+01 9.24389490e-01 6.86005547e+00 1.34749565e-01
2.55566254e+00 6.17280000e+04 7.08804712e+02 4.69058636e+02 3.42301829e-01 -2.42166023e+03 1.38331504e+01 9.95276668e+00 -8.39392655e-02 -4.71464271e+01 9.42339701e+00 -6.15623881e-01 -3.14021540e+01 9.46811807e-01 6.86501763e+00 1.37918336e-01
2.55881418e+00 6.05590000e+04 7.12141031e+02 4.72394956e+02 -1.89258791e+00 -2.43217766e+03 1.38743140e+01 9.99393035e+00 -1.11989079e-01 -4.72807981e+01 9.06340624e+00 -6.68311900e-01 -3.00948138e+01 9.06891075e-01 6.87518623e+00 1.31907856e-01
2.56196797e+00 5.83000000e+04 7.14524229e+02 4.74778154e+02 -1.53804095e+00 -2.44292429e+03 1.40478569e+01 1.01674732e+01 -9.36423855e-02 -4.79548165e+01 8.89457214e+00 -6.53314814e-01 -2.96225489e+01 8.74806551e-01 6.83343151e+00 1.28018632e-01
2.56509959e+00 5.64000000e+04 7.19972381e+02 4.80226306e+02 1.43578235e+00 -2.46541021e+03 1.40252263e+01 1.01448426e+01 -1.18127783e-01 -4.78548814e+01 9.07347662e+00 -4.12096466e-01 -3.05754728e+01 8.94393042e-01 6.88018818e+00 1.29995433e-01
2.56823499e+00 5.50480000e+04 7.31246494e+02 4.91500418e+02 -1.67362100e-01 -2.50538582e+03 1.42404058e+01 1.03600222e+01 -7.88150786e-02 -4.87044043e+01 8.92670242e+00 -7.60208287e-01 -2.96543570e+01 8.61648971e-01 6.88781706e+00 1.25097540e-01
2.57139889e+00 5.37720000e+04 7.34253172e+02 4.94507097e+02 -1.40066269e-01 -2.51761592e+03 1.43071881e+01 1.04268044e+01 -9.95375400e-02 -4.89391447e+01 9.43669968e+00 -7.39085662e-01 -3.14928344e+01 9.05042362e-01 6.88669186e+00 1.31419030e-01
2.57454519e+00 5.12620000e+04 7.44952112e+02 5.05206037e+02 1.57156713e+00 -2.55759626e+03 1.45045962e+01 1.06242125e+01 -1.22215345e-01 -4.96164041e+01 9.49783301e+00 -6.04179428e-01 -3.18409811e+01 8.93979954e-01 6.89581960e+00 1.29640856e-01
2.57764494e+00 4.92160000e+04 7.54538352e+02 5.14792276e+02 1.24605954e+00 -2.59154165e+03 1.46051980e+01 1.07248143e+01 -6.93931267e-02 -5.00608659e+01 9.30886289e+00 -4.25655200e-01 -3.14226841e+01 8.67974276e-01 6.92821125e+00 1.25281150e-01
2.58078226e+00 4.91430000e+04 7.55368218e+02 5.15622142e+02 9.91935923e-01 -2.59689884e+03 1.47368161e+01 1.08564324e+01 -1.34508630e-01 -5.04876666e+01 9.11055302e+00 -6.81914811e-01 -3.04693743e+01 8.39184797e-01 6.89163413e+00 1.21768623e-01
2.58395834e+00 4.71400000e+04 7.63476232e+02 5.23730157e+02 -2.60345406e-01 -2.62485646e+03 1.48713805e+01 1.09909968e+01 -6.70186976e-02 -5.10543536e+01 8.46116796e+00 -5.85040282e-01 -2.84012258e+01 7.69827168e-01 6.90295830e+00 1.11521341e-01
2.58710299e+00 4.52280000e+04 7.73691239e+02 5.33945163e+02 1.20769088e+00 -2.66240967e+03 1.48876148e+01 1.10072311e+01 -1.07053149e-01 -5.10742288e+01 9.36887390e+00 -5.26017737e-01 -3.15843923e+01 8.51156279e-01 6.96481019e+00 1.22208108e-01
2.59021741e+00 4.34440000e+04 7.76864045e+02 5.37117970e+02 -4.23450925e-01 -2.67359995e+03 1.50593984e+01 1.11790147e+01 -7.36705472e-02 -5.17501813e+01 9.18422241e+00 -5.35547818e-01 -3.10020561e+01 8.21559202e-01 6.93159336e+00 1.18523860e-01
2.59336455e+00 4.29600000e+04 7.86621721e+02 5.46875646e+02 5.43230898e-01 -2.71109314e+03 1.52248333e+01 1.13444497e+01 -9.13194163e-02 -5.23444181e+01 8.58755548e+00 -3.14467543e-01 -2.91749535e+01 7.56982995e-01 6.94308649e+00 1.09026871e-01
2.59652924e+00 4.09720000e+04 7.85448536e+02 5.45702460e+02 -2.50121604e+00 -2.70478813e+03 1.52058666e+01 1.13254829e+01 -7.89552942e-02 -5.23221444e+01 8.97606872e+00 -3.81224774e-01 -3.04911389e+01 7.92555055e-01 6.94144028e+00 1.14177321e-01
2.59965976e+00 3.93400000e+04 7.97680871e+02 5.57934796e+02 -2.75803290e+00 -2.74754924e+03 1.55274635e+01 1.16470798e+01 -7.91225338e-02 -5.34446436e+01 9.94488718e+00 -5.75663900e-01 -3.35880056e+01 8.53852414e-01 6.92122868e+00 1.23367173e-01
2.60278715e+00 3.81960000e+04 8.14703173e+02 5.74957098e+02 1.55855693e+00 -2.81321034e+03 1.55139903e+01 1.16336066e+01 -3.79477642e-02 -5.34829895e+01 9.45464512e+00 -4.19135186e-01 -3.20883173e+01 8.12701119e-01 7.03008430e+00 1.15603325e-01
2.60594749e+00 3.71500000e+04 8.11809679e+02 5.72063603e+02 -1.47228879e+00 -2.80160888e+03 1.57913712e+01 1.19109876e+01 -6.37034209e-02 -5.44660224e+01 8.78917360e+00 -7.20308725e-01 -2.95374414e+01 7.37904692e-01 6.93023997e+00 1.06476066e-01
2.60910085e+00 3.54120000e+04 8.20347559e+02 5.80601484e+02 1.76446058e-01 -2.83442895e+03 1.60588724e+01 1.21784887e+01 -6.80506720e-02 -5.53918859e+01 9.20489877e+00 -5.17058313e-01 -3.12245928e+01 7.55832601e-01 6.90466119e+00 1.09467008e-01
2.61220596e+00 3.35920000e+04 8.31163187e+02 5.91417111e+02 1.19868595e+00 -2.87406845e+03 1.61282317e+01 1.22478480e+01 -5.50642329e-02 -5.56803512e+01 8.80381372e+00 -1.80841261e-01 -3.02027814e+01 7.18804948e-01 6.94891580e+00 1.03441309e-01
2.61533882e+00 3.34200000e+04 8.49065963e+02 6.09319888e+02 -8.66821256e-01 -2.93530178e+03 1.61163724e+01 1.22359887e+01 -2.94167273e-02 -5.57059495e+01 9.61754812e+00 -4.43699590e-01 -3.27358346e+01 7.86004985e-01 7.05672418e+00 1.11383833e-01
2.61852836e+00 3.20080000e+04 8.46751449e+02 6.07005374e+02 8.74453812e-01 -2.93119108e+03 1.62989020e+01 1.24185184e+01 -4.45468921e-02 -5.63473017e+01 9.60186180e+00 -4.25012943e-01 -3.27704740e+01 7.73189000e-01 6.99135534e+00 1.10592147e-01
2.62166839e+00 3.00640000e+04 8.63850544e+02 6.24104469e+02 -1.91843209e+00 -2.98784934e+03 1.64486173e+01 1.25682336e+01 -3.51358133e-02 -5.68965525e+01 9.98212371e+00 -4.31097869e-01 -3.40390203e+01 7.94234416e-01 7.04679315e+00 1.12708632e-01
2.62474674e+00 2.86320000e+04 8.71566275e+02 6.31820199e+02 7.28286115e-01 -3.01851989e+03 1.67979564e+01 1.29175727e+01 1.21941153e-03 -5.81604043e+01 9.82066469e+00 -3.24880646e-01 -3.36041654e+01 7.60256197e-01 6.99368868e+00 1.08706039e-01
2.62789351e+00 2.87800000e+04 8.80554994e+02 6.40808918e+02 -8.10181763e-01 -3.05090204e+03 1.68176916e+01 1.29373079e+01 -2.87571756e-02 -5.82510367e+01 9.80925555e+00 -4.30845029e-01 -3.34921363e+01 7.58214584e-01 7.03788743e+00 1.07733264e-01
2.63110266e+00 2.73000000e+04 8.90904929e+02 6.51158854e+02 2.69580132e-01 -3.08881990e+03 1.70476931e+01 1.31673094e+01 -6.09439527e-02 -5.90242621e+01 1.01809531e+01 -4.36436138e-01 -3.48026157e+01 7.73199200e-01 7.03226057e+00 1.09950306e-01
2.63423888e+00 2.53420000e+04 8.99274086e+02 6.59528011e+02 1.00579021e-03 -3.11847279e+03 1.72479844e+01 1.33676007e+01 -3.83014413e-02 -5.97702476e+01 8.88454061e+00 -1.16824289e-01 -3.06676024e+01 6.64632406e-01 7.02408714e+00 9.46218908e-02
2.63731611e+00 2.43720000e+04 9.09262621e+02 6.69516546e+02 2.74726945e-01 -3.15439178e+03 1.74929495e+01 1.36125658e+01 -4.25233947e-02 -6.06353852e+01 1.07958248e+01 -2.55416598e-01 -3.71727033e+01 7.93077880e-01 7.01311017e+00 1.13085045e-01
2.64047527e+00 2.41960000e+04 9.16003106e+02 6.76257031e+02 -1.72801999e-01 -3.17968127e+03 1.78379985e+01 1.39576148e+01 -4.10002209e-02 -6.18801991e+01 8.93886405e+00 -3.79958446e-01 -3.06240681e+01 6.40429198e-01 6.96065794e+00 9.20069917e-02
2.64366382e+00 2.26720000e+04 9.29729455e+02 6.89983380e+02 3.58483475e-01 -3.22870524e+03 1.78546652e+01 1.39742815e+01 -1.42170382e-03 -6.19958136e+01 9.61171862e+00 -2.02787688e-01 -3.31637045e+01 6.87814870e-01 7.02675111e+00 9.78851904e-02
2.64679118e+00 2.13600000e+04 9.42080880e+02 7.02334805e+02 -2.64250135e-01 -3.27149450e+03 1.82153127e+01 1.43349291e+01 -5.03179030e-02 -6.32057006e+01 1.01849704e+01 -1.44992451e-01 -3.51843897e+01 7.10500231e-01 6.99961771e+00 1.01505576e-01
2.64989500e+00 2.04640000e+04 9.48454989e+02 7.08708914e+02 1.10851766e+00 -3.29717433e+03 1.81497563e+01 1.42693726e+01 -1.16079942e-02 -6.30585842e+01 9.15022017e+00 -1.21889233e-01 -3.16522111e+01 6.41248946e-01 7.04744196e+00 9.09903125e-02
2.65305573e+00 1.99080000e+04 9.68035476e+02 7.28289400e+02 -2.76371634e+00 -3.36209032e+03 1.83595776e+01 1.44791939e+01 -7.05906171e-02 -6.37497243e+01 1.07592805e+01 -1.90753293e-01 -3.71822214e+01 7.43085601e-01 7.09218087e+00 1.04775331e-01
2.65622636e+00 1.87240000e+04 9.66981869e+02 7.27235793e+02 -2.24686465e+00 -3.35987607e+03 1.87856148e+01 1.49052311e+01 -3.97305813e-03 -6.53108151e+01 1.00846692e+01 -3.67301164e-01 -3.46542116e+01 6.76585903e-01 6.98502984e+00 9.68622781e-02
2.65932506e+00 1.73320000e+04 9.80408339e+02 7.40662263e+02 2.13614291e-01 -3.41000305e+03 1.87939793e+01 1.49135956e+01 -1.96566463e-02 -6.53446370e+01 9.83479998e+00 3.78895020e-02 -3.42254233e+01 6.59451968e-01 7.04723782e+00 9.35759492e-02
2.66246152e+00 1.72860000e+04 1.00150815e+03 7.61762072e+02 -2.97755179e+00 -3.48251955e+03 1.90573494e+01 1.51769657e+01 -4.21088704e-02 -6.62845812e+01 9.54318215e+00 1.14337259e-01 -3.33190477e+01 6.28793816e-01 7.08463038e+00 8.87546396e-02
2.66566512e+00 1.61320000e+04 1.02403766e+03 7.84291589e+02 -3.09447527e-02 -3.56460021e+03 1.94499907e+01 1.55696070e+01 -4.47198839e-02 -6.76591022e+01 1.17994827e+01 -3.48666617e-01 -4.06964973e+01 7.57853597e-01 7.09741098e+00 1.06778880e-01
2.66879336e+00 1.49040000e+04 1.03312977e+03 7.93383690e+02 -1.07823217e+00 -3.59595817e+03 1.93870194e+01 1.55066357e+01 -3.67520218e-02 -6.74537426e+01 1.02590135e+01 -7.31169817e-02 -3.56241228e+01 6.61588604e-01 7.15291134e+00 9.24922137e-02
2.67184260e+00 1.39000000e+04 1.03929090e+03 7.99544826e+02 3.95014945e-01 -3.61948810e+03 2.00293415e+01 1.61489578e+01 -5.87743651e-04 -6.97486063e+01 1.01809500e+01 -2.01759141e-01 -3.52452542e+01 6.30440063e-01 7.03637794e+00 8.95972428e-02
2.67503533e+00 1.43400000e+04 1.03869984e+03 7.98953768e+02 1.59676683e-01 -3.61955377e+03 2.04132292e+01 1.65328455e+01 -3.49588022e-02 -7.10954021e+01 1.07815619e+01 -2.83729822e-01 -3.72717718e+01 6.52129843e-01 6.95163596e+00 9.38095502e-02
2.67827838e+00 1.26970000e+04 1.08741644e+03 8.47670362e+02 -7.15312247e-01 -3.78919213e+03 2.01961207e+01 1.63157370e+01 -3.05250016e-02 -7.03537893e+01 1.12319653e+01 -2.10705920e-01 -3.89396957e+01 6.88412993e-01 7.20792321e+00 9.55078144e-02
2.68134593e+00 1.15720000e+04 1.06505891e+03 8.25312834e+02 1.84998796e+00 -3.71411628e+03 2.06267805e+01 1.67463969e+01 -3.95773203e-02 -7.18453197e+01 9.57144243e+00 6.88216388e-02 -3.34316516e+01 5.71552347e-01 7.02018585e+00 8.14155578e-02
2.68438460e+00 1.11600000e+04 1.10581220e+03 8.66066129e+02 1.76472983e+00 -3.85699806e+03 2.12314342e+01 1.73510505e+01 -2.06314285e-02 -7.39909505e+01 9.76847159e+00 2.28962515e-01 -3.42943746e+01 5.62990211e-01 7.06500770e+00 7.96871333e-02
2.68763507e+00 1.13320000e+04 1.13413419e+03 8.94388111e+02 -4.08229407e-01 -3.95560979e+03 2.11210453e+01 1.72406616e+01 1.88118458e-03 -7.36765914e+01 1.05986530e+01 -1.47373512e-01 -3.68435361e+01 6.14747465e-01 7.20254606e+00 8.53514104e-02
2.69088499e+00 9.72600000e+03 1.14023251e+03 9.00486436e+02 -1.86310378e+00 -3.97609758e+03 2.16377566e+01 1.77573729e+01 -1.23648667e-02 -7.54757773e+01 1.06325494e+01 -8.38025100e-02 -3.70047810e+01 5.98768154e-01 7.12113518e+00 8.40832450e-02
2.69385052e+00 8.53600000e+03 1.14639543e+03 9.06649351e+02 -3.80451256e+00 -3.99506224e+03 2.21800128e+01 1.82996291e+01 -6.62109757e-02 -7.73071596e+01 1.11486612e+01 9.27279248e-02 -3.89974649e+01 6.09228806e-01 7.03879852e+00 8.65529543e-02
2.69689333e+00 8.90400000e+03 1.15115231e+03 9.11406234e+02 3.40217195e+00 -4.02087738e+03 2.20330425e+01 1.81526588e+01 6.51114299e-03 -7.68976939e+01 1.13816949e+01 -6.63515788e-02 -3.96505680e+01 6.26998778e-01 7.08575081e+00 8.84872746e-02
2.70022308e+00 8.59600000e+03 1.19813360e+03 9.58387528e+02 -2.46371871e+00 -4.18028101e+03 2.24423018e+01 1.85619182e+01 -7.66033887e-02 -7.82732389e+01 1.21754162e+01 -1.38092100e-01 -4.23481871e+01 6.55935236e-01 7.18553567e+00 9.12855027e-02
2.70347853e+00 7.26100000e+03 1.22044631e+03 9.80700239e+02 -5.04658888e-01 -4.26079663e+03 2.30201215e+01 1.91397378e+01 -5.57054316e-02 -8.03185089e+01 1.06398300e+01 -2.64074892e-01 -3.68632804e+01 5.55902601e-01 7.15813935e+00 7.76602094e-02
2.70632784e+00 5.98800000e+03 1.20697466e+03 9.67228581e+02 5.87758194e-02 -4.21380535e+03 2.31732164e+01 1.92928328e+01 -7.92547900e-03 -8.08925828e+01 1.15925326e+01 -1.83803632e-01 -4.02693930e+01 6.00872498e-01 7.08054294e+00 8.48624891e-02
2.70941064e+00 6.92800000e+03 1.24358317e+03 1.00383710e+03 -9.73909983e-01 -4.34276003e+03 2.36080995e+01 1.97277158e+01 5.83945059e-04 -8.24602608e+01 1.55122291e+01 -1.93765730e-01 -5.39845452e+01 7.86316531e-01 7.13334483e+00 1.10231112e-01
2.71284530e+00 6.27600000e+03 1.27059647e+03 1.03085039e+03 1.62409452e+00 -4.44086000e+03 2.42433300e+01 2.03629463e+01 -3.99843392e-02 -8.46608221e+01 9.43523690e+00 -4.20615363e-02 -3.29308706e+01 4.63353228e-01 7.11504272e+00 6.51230423e-02
2.71610874e+00 5.12200000e+03 1.28420119e+03 1.04445512e+03 1.68279398e-01 -4.48765972e+03 2.42256578e+01 2.03452741e+01 -4.52548577e-03 -8.46418728e+01 1.19562868e+01 1.67349380e-01 -4.19256836e+01 5.87668996e-01 7.16494925e+00 8.20199803e-02
2.71882491e+00 4.02000000e+03 1.33654256e+03 1.09679649e+03 -3.98201375e-01 -4.66840116e+03 2.41454030e+01 2.02650193e+01 -2.55143344e-03 -8.43478561e+01 1.33489583e+01 1.53018890e-01 -4.67622461e+01 6.58719250e-01 7.35680956e+00 8.95387117e-02
2.72195720e+00 5.02900000e+03 1.35591528e+03 1.11616921e+03 1.20503174e+00 -4.74032984e+03 2.60765383e+01 2.21961546e+01 3.63571371e-02 -9.11803597e+01 8.46334654e+00 -2.06425742e-02 -2.95821745e+01 3.81297873e-01 7.09130473e+00 5.37697769e-02
2.72547675e+00 4.32400000e+03 1.35706614e+03 1.11732007e+03 5.11611800e-01 -4.74482491e+03 2.55282795e+01 2.16478958e+01 -3.76658283e-02 -8.92038660e+01 1.27311565e+01 2.00971691e-01 -4.47176857e+01 5.88101337e-01 7.18424204e+00 8.18599004e-02
2.72874185e+00 3.33600000e+03 1.33935109e+03 1.09960501e+03 -2.25796879e+00 -4.68056187e+03 2.63335986e+01 2.24532149e+01 1.11479144e-02 -9.20834485e+01 1.21706782e+01 -1.22034217e-01 -4.24157762e+01 5.42046128e-01 6.99808300e+00 7.74563731e-02
2.73135763e+00 2.62000000e+03 1.36109225e+03 1.12134617e+03 -1.40715205e+00 -4.75610938e+03 2.60681263e+01 2.21877426e+01 -1.79931741e-02 -9.11047132e+01 1.18038596e+01 -6.41344661e-03 -4.12476350e+01 5.31999122e-01 7.10907822e+00 7.48337697e-02
2.73451679e+00 3.25200000e+03 1.41013302e+03 1.17038694e+03 -1.21365785e+00 -4.92973017e+03 2.79768659e+01 2.40964822e+01 1.88548231e-02 -9.78506264e+01 1.04544068e+01 -7.98204035e-02 -3.64745667e+01 4.33856143e-01 6.96927997e+00 6.22526495e-02
2.73808887e+00 2.77300000e+03 1.43924303e+03 1.19949695e+03 4.41575672e-02 -5.03362806e+03 2.70743283e+01 2.31939447e+01 3.03771714e-02 -9.47189192e+01 1.59377108e+01 2.33710907e-01 -5.59816328e+01 6.87149642e-01 7.19138047e+00 9.55518409e-02
2.74135447e+00 1.89400000e+03 1.49715706e+03 1.25741098e+03 -2.19480298e+00 -5.23464758e+03 2.63555793e+01 2.24751956e+01 -4.38883932e-03 -9.21835424e+01 7.55649179e+00 -3.23253811e-01 -2.61099443e+01 3.36214729e-01 7.47974659e+00 4.49500160e-02
2.74386120e+00 1.60800000e+03 1.48144441e+03 1.24169833e+03 1.73736031e+00 -5.18285867e+03 2.74831614e+01 2.36027777e+01 2.25366544e-02 -9.61421104e+01 1.49197764e+01 3.31087376e-01 -5.25244905e+01 6.32119514e-01 7.25314719e+00 8.71510667e-02
2.74709714e+00 1.85200000e+03 1.54282111e+03 1.30307504e+03 2.43110358e+00 -5.39951268e+03 2.79554491e+01 2.40750654e+01 -6.12004233e-02 -9.77307337e+01 1.18436673e+01 8.36256570e-02 -4.15279691e+01 4.91947460e-01 7.35700370e+00 6.68679098e-02
2.75069574e+00 1.52400000e+03 1.57289995e+03 1.33315388e+03 1.27476044e+00 -5.50414831e+03 2.97752414e+01 2.58948578e+01 -1.50852103e-02 -1.04153994e+02 1.31407730e+01 -2.34220819e-01 -4.57426107e+01 5.07466506e-01 7.17518949e+00 7.07251713e-02
2.75356410e+00 6.97000000e+02 1.60111867e+03 1.36137259e+03 -2.23894468e+00 -5.59989233e+03 3.06375420e+01 2.67571583e+01 6.60005919e-02 -1.07262296e+02 1.32482844e+01 1.47357779e-01 -4.65118421e+01 4.95130470e-01 7.13293895e+00 6.94146513e-02
2.75613901e+00 1.04400000e+03 1.58507322e+03 1.34532715e+03 -4.09650654e-01 -5.54556985e+03 3.13733482e+01 2.74929645e+01 3.75810702e-02 -1.09811658e+02 1.76308326e+01 -6.65093865e-02 -6.16250795e+01 6.41285250e-01 6.99524883e+00 9.16744014e-02
2.75969778e+00 8.44000000e+02 1.55464662e+03 1.31490055e+03 -1.44028950e+00 -5.43850096e+03 3.08290332e+01 2.69486495e+01 3.26934954e-02 -1.07908773e+02 2.07251802e+01 -3.56487540e-01 -7.21584292e+01 7.69061923e-01 6.98518559e+00 1.10098996e-01
2.76329934e+00 6.28000000e+02 1.65923688e+03 1.41949081e+03 -1.75733462e+00 -5.80456096e+03 3.12656671e+01 2.73852834e+01 -4.42815602e-02 -1.09366813e+02 4.36541520e+00 2.28663472e-01 -1.55054913e+01 1.59407341e-01 7.19958846e+00 2.21411740e-02
2.76608134e+00 2.43000000e+02 1.72915376e+03 1.48940768e+03 1.53504660e+00 -6.05275964e+03 3.32294280e+01 2.93490444e+01 4.41156455e-03 -1.16291452e+02 3.26766450e+01 3.14565067e-01 -1.14680437e+02 1.11338021e+00 7.12376874e+00 1.56290897e-01
2.76869856e+00 3.64000000e+02 1.70174460e+03 1.46199853e+03 3.53093044e+00 -5.95910047e+03 3.03660906e+01 2.64857069e+01 -2.81968400e-02 -1.06241543e+02 4.93017683e+00 7.69667628e-02 -1.73318231e+01 1.86144808e-01 7.42963850e+00 2.50543561e-02
2.77229138e+00 2.28000000e+02 1.77439943e+03 1.53465335e+03 2.93556556e-01 -6.21028686e+03 3.40492063e+01 3.01688227e+01 7.85306214e-03 -1.19172383e+02 2.94951065e-01 1.70893828e-01 -1.20306393e+00 9.77668465e-03 7.13224027e+00 1.37077332e-03
2.77586966e+00 1.24000000e+02 1.83351453e+03 1.59376846e+03 3.39073305e+00 -6.42047725e+03 3.05892786e+01 2.67088949e+01 -7.49724458e-02 -1.06982816e+02 3.61310994e+01 3.25458185e-02 -1.26488255e+02 1.35277403e+00 7.72475393e+00 1.75121957e-01
2.77874665e+00 3.30000000e+01 1.41976646e+03 1.18002039e+03 -4.25407353e+00 -4.96481442e+03 2.90798849e+01 2.51995013e+01 1.34150789e-02 -1.01791636e+02 2.12016125e+01 2.37455348e-01 -7.44473126e+01 8.41350482e-01 6.84303533e+00 1.22949896e-01
2.78114085e+00 2.80000000e+01 1.89795346e+03 1.65820739e+03 4.59753583e+00 -6.64736604e+03 2.89598220e+01 2.50794383e+01 -7.79682231e-03 -1.01350698e+02 2.52760094e+01 1.87853716e-01 -8.86525085e+01 1.00783794e+00 8.13131002e+00 1.23945334e-01
2.78463636e+00 4.00000000e+00 2.28229115e+03 2.04254508e+03 4.79533240e-01 -7.98846865e+03 9.30902358e+00 5.42863989e+00 -1.86962459e-02 -3.25627080e+01 5.84017476e+00 -1.52935499e-01 -2.02873254e+01 1.07580810e+00 1.93972565e+01 5.54618691e-02
