# AbacusPNG P(k) multipoles  --  space = real
# 
# SimName = Abacus_pngbase_c000_ph000
# ZD_f_NL = 0.0
# ZD_Seed = 12321
# Redshift = 0.5
# BoxSize_Mpch = 2000.0
# ParticleMassHMsun = 10135022355.24357
# Omega_M = 0.315192
# f_growth = 0.759069923632896
# M_min_Msunh = 1000000000000.0
# N_min = 99
# N_halos = 33368638
# nbar_halo = 0.00417107975
# P_shot_hh = 239.74607534176252
# mean_halo_mass = 4419897039085.578
# N_matter = 2061651797
# nbar_matter = 0.257706474625
# P_shot_mm = 3.8803836863437127
# P_selfterm_hm_lowk_INFO_ONLY = 50.526202789806476
# grid = 1024
# MAS = TSC
# LOS_axis = 2
# k_fundamental = 0.0031415926535897933
# pos_field = x_L2com
# vel_field = v_L2com
# cleaned = False
# RSD_factor_Mpch_per_kms = 0.011343534115768038
# VelZSpace_to_kms = 176311.8953571892
# smoke = False
# created = 2026-09-03 02:08:15
# space = real
# 
# Shot noise is NOT subtracted from P2 or P4 (it is isotropic: ell=0 only).
# P0_hm carries a halo/matter self-pair term ~<M_h>/rho_m; NOT subtracted.
# b_cross = P0_hm / P0_mm_shotsub
# b_auto  = sqrt(P0_hh_shotsub / P0_mm_shotsub)
# r       = P0_hm / sqrt(P0_hh_shotsub * P0_mm_shotsub)
# 
# columns: k  Nmodes  P0_hh_raw  P0_hh_shotsub  P2_hh  P4_hh  P0_mm_raw  P0_mm_shotsub  P2_mm  P4_mm  P0_hm  P2_hm  P4_hm  b_cross  b_auto  r
4.44982061e-03 1.30000000e+01 1.01090374e+04 9.86929128e+03 7.25628817e+03 6.32184364e+03 6.57617066e+03 6.57229028e+03 6.74669372e+03 5.11798794e+03 7.96175325e+03 7.01967439e+03 5.74605330e+03 1.21141229e+00 1.22541901e+00 9.88569853e-01
7.53956108e-03 3.30000000e+01 1.99682793e+04 1.97285332e+04 -1.70606488e+03 5.75115601e+03 1.17518698e+04 1.17479894e+04 -2.70019273e+03 4.30568425e+03 1.51453860e+04 -2.35281485e+03 4.82212440e+03 1.28918962e+00 1.29588250e+00 9.94835270e-01
1.07239509e-02 7.90000000e+01 2.07249089e+04 2.04851628e+04 1.20157016e+04 -1.89775590e+04 1.26020854e+04 1.25982050e+04 7.73723474e+03 -1.03896808e+04 1.59703423e+04 9.69176842e+03 -1.41009798e+04 1.26766808e+00 1.27516204e+00 9.94123133e-01
1.39183039e-02 1.17000000e+02 2.49100154e+04 2.46702693e+04 -1.06390478e+03 4.74700982e+03 1.53095092e+04 1.53056288e+04 -3.17640114e+02 4.39823435e+03 1.93334516e+04 -6.53438998e+02 4.76326024e+03 1.26315957e+00 1.26958376e+00 9.94939930e-01
1.71754989e-02 2.05000000e+02 2.22800562e+04 2.20403101e+04 1.61376201e+03 -1.65904276e+03 1.38642226e+04 1.38603422e+04 1.17212954e+03 -6.33937013e+02 1.74077280e+04 1.34965007e+03 -1.02772068e+03 1.25593782e+00 1.26101971e+00 9.95970019e-01
2.02394338e-02 2.35000000e+02 2.21277055e+04 2.18879595e+04 -9.33202536e+02 7.43875170e+02 1.38479987e+04 1.38441183e+04 4.05028863e+02 -2.33758151e+02 1.72934043e+04 -1.28190947e+02 1.76631222e+02 1.24915173e+00 1.25738996e+00 9.93448153e-01
2.33835834e-02 3.69000000e+02 2.27599807e+04 2.25202346e+04 1.30023134e+03 -1.92039653e+03 1.42884322e+04 1.42845518e+04 9.68391994e+02 -1.56987995e+03 1.78456746e+04 1.11102190e+03 -1.75393311e+03 1.24929888e+00 1.25560531e+00 9.94977374e-01
2.65411255e-02 4.33000000e+02 1.92299318e+04 1.89901857e+04 -1.51938775e+03 -2.99838561e+03 1.18420163e+04 1.18381359e+04 -1.05952124e+03 -2.33995420e+03 1.49331994e+04 -1.28110504e+03 -2.73234966e+03 1.26144855e+00 1.26655177e+00 9.95970778e-01
2.97268122e-02 5.85000000e+02 1.84111740e+04 1.81714280e+04 -1.60986183e+03 -2.77971755e+03 1.14423234e+04 1.14384431e+04 -8.62064520e+02 -1.69550420e+03 1.43385840e+04 -1.19498651e+03 -2.17645496e+03 1.25354333e+00 1.26040777e+00 9.94553797e-01
3.28811241e-02 6.79000000e+02 1.74954038e+04 1.72556577e+04 -8.42381391e+02 -3.28624649e+03 1.06611598e+04 1.06572794e+04 -1.79782775e+02 -2.08884456e+03 1.34839529e+04 -4.48721209e+02 -2.63824038e+03 1.26523406e+00 1.27245544e+00 9.94324847e-01
3.59831645e-02 8.13000000e+02 1.49872567e+04 1.47475107e+04 1.02269153e+03 9.57747671e+02 9.20171126e+03 9.19783087e+03 3.76883543e+02 1.89403647e+02 1.15728490e+04 6.45096954e+02 4.61013692e+02 1.25821502e+00 1.26624181e+00 9.93660935e-01
3.91393046e-02 9.85000000e+02 1.53262197e+04 1.50864737e+04 1.01316450e+03 -2.30207466e+03 9.35680233e+03 9.35292195e+03 5.77632844e+02 -1.20915737e+03 1.18042963e+04 7.74921685e+02 -1.67325460e+03 1.26209716e+00 1.27004823e+00 9.93739554e-01
4.23519947e-02 1.18300000e+03 1.38059134e+04 1.35661673e+04 -8.39404219e+02 -2.72421057e+02 8.44386171e+03 8.43998132e+03 -4.98673844e+02 -2.69220106e+02 1.06265203e+04 -6.57775376e+02 -2.90623267e+02 1.25906917e+00 1.26782071e+00 9.93097181e-01
4.54842731e-02 1.26900000e+03 1.30898925e+04 1.28501464e+04 -7.49944026e+02 -6.07934106e+02 7.99967152e+03 7.99579114e+03 -4.63466920e+02 -3.81223751e+02 1.00664444e+04 -5.79236795e+02 -4.74481635e+02 1.25896791e+00 1.26771993e+00 9.93096251e-01
4.86039489e-02 1.53700000e+03 1.24615479e+04 1.22218019e+04 1.54436880e+02 1.11787184e+03 7.49343017e+03 7.48954978e+03 2.94416148e+02 5.07781386e+02 9.49581513e+03 2.37824241e+02 7.43361091e+02 1.26787529e+00 1.27743780e+00 9.92514307e-01
5.17381519e-02 1.65300000e+03 1.18861376e+04 1.16463915e+04 -3.14219014e+02 -1.11561927e+03 7.19539357e+03 7.19151319e+03 -5.16104296e+01 -6.34963636e+02 9.08348606e+03 -1.53199902e+02 -8.20804788e+02 1.26308411e+00 1.27258134e+00 9.92537036e-01
5.48788222e-02 1.96300000e+03 1.10409610e+04 1.08012149e+04 -3.75364292e+02 -5.81697560e+01 6.76777733e+03 6.76389695e+03 -2.25129418e+02 -7.04910776e+01 8.48468027e+03 -2.94822102e+02 -5.47583568e+01 1.25440709e+00 1.26368204e+00 9.92660377e-01
5.80271542e-02 2.12100000e+03 1.04695729e+04 1.02298268e+04 -9.74099786e+01 3.90676676e+02 6.29521878e+03 6.29133839e+03 -4.59282246e+01 3.38965583e+02 7.95661376e+03 -7.38785532e+01 3.60080072e+02 1.26469334e+00 1.27515394e+00 9.91796597e-01
6.11834833e-02 2.41300000e+03 9.81641584e+03 9.57666976e+03 -1.38120275e+01 2.22517022e+02 5.91576798e+03 5.91188760e+03 -3.44209131e+01 2.59071339e+02 7.45782931e+03 -4.45778607e+01 2.42089231e+02 1.26149714e+00 1.27275312e+00 9.91156194e-01
6.43408632e-02 2.63500000e+03 1.02163162e+04 9.97657015e+03 -1.52442555e+02 -1.01929652e+03 6.17385618e+03 6.16997580e+03 -1.60372252e+02 -5.09265511e+02 7.78729924e+03 -1.56116569e+02 -7.10657871e+02 1.26212800e+00 1.27159526e+00 9.92554820e-01
6.74750401e-02 2.87700000e+03 9.39723302e+03 9.15748694e+03 5.03664075e+02 2.34973056e+02 5.65229986e+03 5.64841948e+03 1.91706494e+02 8.77597289e+01 7.13204834e+03 3.13808046e+02 1.41071163e+02 1.26266266e+00 1.27328224e+00 9.91659675e-01
7.05974779e-02 3.16900000e+03 9.03453062e+03 8.79478455e+03 1.37107705e+01 -1.51637303e+03 5.44872454e+03 5.44484416e+03 6.86043293e+01 -8.18009298e+02 6.86211236e+03 5.17740956e+01 -1.13111863e+03 1.26029546e+00 1.27092486e+00 9.91636481e-01
7.37566788e-02 3.50700000e+03 8.80135372e+03 8.56160765e+03 5.21785676e+01 5.83002933e+02 5.31082442e+03 5.30694404e+03 1.23259044e+02 2.04252338e+02 6.68639107e+03 1.06076409e+02 3.47075910e+02 1.25993246e+00 1.27015115e+00 9.91954745e-01
7.68932537e-02 3.68500000e+03 8.53099159e+03 8.29124552e+03 -3.59954853e+02 -7.20173347e+02 5.12829602e+03 5.12441563e+03 -1.62684731e+02 -4.87490731e+02 6.45946274e+03 -2.36067577e+02 -5.90389943e+02 1.26052670e+00 1.27200177e+00 9.90978736e-01
8.00328772e-02 4.16500000e+03 7.87099016e+03 7.63124408e+03 -3.28060670e+02 2.02579775e+02 4.74693673e+03 4.74305634e+03 -1.62003401e+02 2.55063076e+02 5.96255202e+03 -2.37442961e+02 2.40153437e+02 1.25711178e+00 1.26843592e+00 9.91072366e-01
8.31995584e-02 4.37700000e+03 7.39977908e+03 7.16003301e+03 2.61049418e+02 -4.96391825e+01 4.41456332e+03 4.41068294e+03 1.18198535e+02 -1.79073754e+00 5.56952016e+03 1.76705010e+02 -1.24501466e+01 1.26273419e+00 1.27410316e+00 9.91076888e-01
8.63597823e-02 4.85500000e+03 7.02773434e+03 6.78798827e+03 1.69352875e+01 -1.93195157e+02 4.18306248e+03 4.17918209e+03 2.85520482e+00 -1.14010709e+02 5.27414935e+03 1.36333916e+00 -1.40440222e+02 1.26200516e+00 1.27445614e+00 9.90230354e-01
8.94882607e-02 4.92900000e+03 6.71509320e+03 6.47534713e+03 1.29405860e+02 3.50994507e+02 4.02962025e+03 4.02573986e+03 5.79717975e+01 1.60954914e+02 5.05705932e+03 7.96898048e+01 2.35126106e+02 1.25618135e+00 1.26826110e+00 9.90475338e-01
9.26176845e-02 5.58100000e+03 6.25183630e+03 6.01209022e+03 1.18509793e+02 -5.35861626e+02 3.74721973e+03 3.74333935e+03 2.60267091e+01 -3.69524386e+02 4.69359388e+03 6.69999522e+01 -4.35779887e+02 1.25385209e+00 1.26731083e+00 9.89380085e-01
9.57403394e-02 5.67900000e+03 5.83657552e+03 5.59682944e+03 9.97161616e+00 1.45162835e+02 3.48847709e+03 3.48459670e+03 2.66609996e+01 7.25763091e+01 4.36873391e+03 2.07762820e+01 9.98785288e+01 1.25372727e+00 1.26734477e+00 9.89255097e-01
9.88944934e-02 6.38500000e+03 5.62950612e+03 5.38976005e+03 3.47296068e+01 -4.19267776e+01 3.33467915e+03 3.33079877e+03 4.85095905e+01 1.17920840e+00 4.18970238e+03 4.60838675e+01 -6.92607627e+00 1.25786716e+00 1.27206856e+00 9.88835980e-01
1.02046887e-01 6.55300000e+03 5.41330682e+03 5.17356075e+03 -4.20654719e+01 -1.24417355e+02 3.19282034e+03 3.18893996e+03 -5.76772798e+01 -2.73180217e+01 4.01226508e+03 -5.50631899e+01 -5.81702198e+01 1.25818144e+00 1.27371307e+00 9.87806025e-01
1.05196965e-01 7.12500000e+03 5.06080082e+03 4.82105474e+03 -6.88202536e+00 -1.18717172e+02 3.00985070e+03 3.00597031e+03 2.13693992e+01 -1.01072904e+02 3.76120396e+03 1.20294679e+01 -1.11359942e+02 1.25124455e+00 1.26642270e+00 9.88014936e-01
1.08345485e-01 7.44700000e+03 4.95490093e+03 4.71515486e+03 1.58398035e+02 -2.04003286e+02 2.92875649e+03 2.92487611e+03 1.34996085e+02 -1.20922775e+02 3.66657818e+03 1.45670834e+02 -1.54813487e+02 1.25358410e+00 1.26967990e+00 9.87322949e-01
1.11485014e-01 7.92900000e+03 4.75601174e+03 4.51626566e+03 1.01996910e+02 -2.30157583e+01 2.82496205e+03 2.82108167e+03 1.09636500e+02 -2.32644963e+01 3.52290926e+03 1.11941086e+02 -2.81651553e+01 1.24877961e+00 1.26526621e+00 9.86969855e-01
1.14631001e-01 8.35300000e+03 4.69567115e+03 4.45592508e+03 3.54235869e+01 1.62654036e+02 2.78304592e+03 2.77916553e+03 1.18682629e+01 9.90635205e+01 3.47755657e+03 1.22992869e+01 1.26127452e+02 1.25129523e+00 1.26622747e+00 9.88207296e-01
1.17757075e-01 8.77500000e+03 4.50214103e+03 4.26239495e+03 -3.64443782e+01 1.38780497e+02 2.63485790e+03 2.63097752e+03 -1.83898211e+01 5.04003481e+01 3.30379906e+03 -3.04229801e+01 8.46273624e+01 1.25573063e+00 1.27282377e+00 9.86570699e-01
1.20895529e-01 9.31300000e+03 4.41782733e+03 4.17808125e+03 -2.66807960e+01 -1.00711601e+02 2.59514567e+03 2.59126529e+03 -2.10333722e+01 -7.31450166e+01 3.24754068e+03 -2.66865832e+01 -7.90571304e+01 1.25326446e+00 1.26979175e+00 9.86984247e-01
1.24042827e-01 9.84100000e+03 4.35093381e+03 4.11118774e+03 1.16665656e+02 -1.18206820e+02 2.55841872e+03 2.55453834e+03 3.25634346e+01 -8.05135956e+01 3.19622120e+03 6.26471146e+01 -1.00782422e+02 1.25119328e+00 1.26860799e+00 9.86272583e-01
1.27174613e-01 1.01910000e+04 4.28685400e+03 4.04710793e+03 -2.95144745e+01 -7.52621664e+00 2.52679492e+03 2.52291454e+03 -4.24643110e+01 2.83773513e+01 3.15386525e+03 -3.75139366e+01 1.28441397e+01 1.25008803e+00 1.26654645e+00 9.87005271e-01
1.30316713e-01 1.08970000e+04 4.10484068e+03 3.86509460e+03 -4.30544926e+01 2.26427202e+01 2.41796032e+03 2.41407993e+03 -7.41522098e+01 -2.18254272e+00 3.01563835e+03 -6.65251342e+01 2.18194030e+01 1.24918745e+00 1.26533127e+00 9.87241425e-01
1.33462869e-01 1.13010000e+04 4.04393211e+03 3.80418603e+03 1.03592351e+02 -7.34007599e+01 2.37090924e+03 2.36702886e+03 6.22791107e+01 -2.22887091e+01 2.95945906e+03 7.84698974e+01 -3.99959695e+01 1.25028432e+00 1.26773680e+00 9.86233356e-01
1.36621167e-01 1.20250000e+04 3.86139323e+03 3.62164716e+03 -6.30004201e+01 -1.06630713e+02 2.25614467e+03 2.25226428e+03 -6.04493357e+01 -6.41062764e+01 2.81684131e+03 -6.71076382e+01 -8.86254216e+01 1.25067086e+00 1.26807048e+00 9.86278665e-01
1.39776484e-01 1.24230000e+04 3.77681197e+03 3.53706590e+03 -3.26765278e+01 4.18348051e+01 2.20340799e+03 2.19952761e+03 -1.59931587e+01 6.32892988e+00 2.74895502e+03 -2.53439682e+01 1.98253790e+01 1.24979337e+00 1.26810982e+00 9.85556097e-01
1.42918315e-01 1.30210000e+04 3.61169205e+03 3.37194597e+03 -1.08306650e+02 4.97683449e+01 2.11284908e+03 2.10896870e+03 -7.10934744e+01 3.55007606e+01 2.62830454e+03 -8.92591984e+01 4.18305529e+01 1.24625109e+00 1.26446041e+00 9.85599138e-01
1.46043814e-01 1.34050000e+04 3.51291373e+03 3.27316765e+03 -7.68847110e+01 -6.53504918e+01 2.04586065e+03 2.04198026e+03 -5.53331600e+01 -2.31923089e+01 2.54821567e+03 -6.71955562e+01 -3.70051828e+01 1.24791396e+00 1.26607186e+00 9.85658082e-01
1.49172492e-01 1.42470000e+04 3.38069651e+03 3.14095043e+03 1.72426943e+01 1.25219854e+02 1.96393992e+03 1.96005954e+03 3.06378337e+01 8.06427703e+01 2.44576061e+03 2.48798138e+01 1.02766652e+02 1.24779914e+00 1.26588983e+00 9.85709115e-01
1.52319132e-01 1.47130000e+04 3.19682358e+03 2.95707751e+03 2.23665141e+01 9.05061185e+01 1.85447202e+03 1.85059164e+03 1.17060691e+01 8.08723260e+00 2.30192845e+03 1.46828852e+01 4.40885565e+01 1.24388785e+00 1.26408435e+00 9.84022816e-01
1.55463956e-01 1.54890000e+04 3.12462666e+03 2.88488058e+03 4.34545298e+00 -8.56031770e+01 1.81643625e+03 1.81255587e+03 -8.43790445e+00 -1.96949383e+01 2.25121582e+03 -6.84678062e+00 -4.64980138e+01 1.24201183e+00 1.26158995e+00 9.84481391e-01
1.58608409e-01 1.59130000e+04 3.01032451e+03 2.77057844e+03 3.34025371e+01 -1.80683063e+01 1.74174770e+03 1.73786731e+03 2.66417979e+01 -2.13714109e+01 2.15955598e+03 2.72284636e+01 -2.30997708e+01 1.24264722e+00 1.26263237e+00 9.84171838e-01
1.61759378e-01 1.68790000e+04 2.96393695e+03 2.72419087e+03 4.10091404e+01 -1.11177222e+01 1.70900465e+03 1.70512426e+03 6.27092320e+00 -1.96836518e+01 2.12013961e+03 1.91381631e+01 -2.44967832e+01 1.24339302e+00 1.26398159e+00 9.83711337e-01
1.64908411e-01 1.71930000e+04 2.85574347e+03 2.61599739e+03 -1.23836774e+00 1.27368029e+01 1.65489845e+03 1.65101807e+03 -2.78392782e+00 1.65700029e+01 2.04387444e+03 -2.38522690e+00 1.23468192e+01 1.23794796e+00 1.25875944e+00 9.83466672e-01
1.68058821e-01 1.81570000e+04 2.75066309e+03 2.51091702e+03 -7.14076580e+00 -7.93093707e+01 1.59205614e+03 1.58817576e+03 5.73978054e+00 -5.43992528e+01 1.96521064e+03 3.54958508e+00 -6.28271957e+01 1.23740123e+00 1.25738101e+00 9.84109998e-01
1.71185019e-01 1.83390000e+04 2.67380722e+03 2.43406114e+03 -1.38380570e+00 -5.74743421e+01 1.54576028e+03 1.54187989e+03 -2.18820401e+01 -5.58493988e+01 1.90512679e+03 -1.48249328e+01 -5.21110447e+01 1.23558703e+00 1.25643628e+00 9.83406037e-01
1.74323910e-01 1.95730000e+04 2.63953055e+03 2.39978448e+03 -5.50716005e+01 -4.37500408e+01 1.51008504e+03 1.50620465e+03 -1.47946382e+01 -1.54703889e+01 1.86784456e+03 -3.02683587e+01 -2.46178135e+01 1.24010011e+00 1.26224636e+00 9.82454893e-01
1.77470581e-01 1.99410000e+04 2.56772955e+03 2.32798347e+03 5.75462074e+01 1.64769995e+01 1.47679278e+03 1.47291240e+03 2.56801127e+00 -2.06750983e+01 1.81938930e+03 2.15038000e+01 -4.06124647e+00 1.23523252e+00 1.25719165e+00 9.82533191e-01
1.80595847e-01 2.06290000e+04 2.53051317e+03 2.29076709e+03 2.18161186e+01 7.21355672e+01 1.46372845e+03 1.45984806e+03 3.61133957e+00 1.56891194e+01 1.79739441e+03 1.30697615e+01 3.47285066e+01 1.23122019e+00 1.25266989e+00 9.82876814e-01
1.83738354e-01 2.16550000e+04 2.46131694e+03 2.22157087e+03 -6.46883651e+00 -3.39877204e+01 1.41665500e+03 1.41277461e+03 -1.62058958e+01 -1.95736434e+01 1.74053278e+03 -9.71842912e+00 -2.29616065e+01 1.23199608e+00 1.25398876e+00 9.82461816e-01
1.86882390e-01 2.21130000e+04 2.44734084e+03 2.20759476e+03 -2.56538576e+01 1.13569755e+01 1.39308609e+03 1.38920570e+03 -1.72086583e+00 1.62106019e+01 1.72041311e+03 -1.04746572e+01 1.18891436e+01 1.23841495e+00 1.26059737e+00 9.82403242e-01
1.90032702e-01 2.31850000e+04 2.39390677e+03 2.15416070e+03 6.35493133e+01 1.17791687e+01 1.37328250e+03 1.36940211e+03 4.21244089e+01 2.98984693e+01 1.68633926e+03 5.28062750e+01 2.69694766e+01 1.23144199e+00 1.25421951e+00 9.81839285e-01
1.93176993e-01 2.36670000e+04 2.35998874e+03 2.12024266e+03 -1.27525556e+01 8.23435695e+01 1.35100688e+03 1.34712650e+03 -1.49321599e+01 3.79498865e+01 1.65980030e+03 -1.65290715e+01 5.52099609e+01 1.23210426e+00 1.25455179e+00 9.82107130e-01
1.96307009e-01 2.43850000e+04 2.29737637e+03 2.05763029e+03 1.91007402e+01 3.77653573e+01 1.31212573e+03 1.30824534e+03 2.16194247e+01 1.89222072e+01 1.61150250e+03 1.96552356e+01 2.81578621e+01 1.23180450e+00 1.25411994e+00 9.82206291e-01
1.99463225e-01 2.57490000e+04 2.28129864e+03 2.04155256e+03 -3.54385309e+01 4.31695622e+01 1.30071573e+03 1.29683535e+03 -2.13516344e+01 1.67799623e+01 1.59924998e+03 -2.49456313e+01 2.58631932e+01 1.23319432e+00 1.25469412e+00 9.82864507e-01
2.02603662e-01 2.56750000e+04 2.19296117e+03 1.95321509e+03 1.60416965e+01 5.90235620e+01 1.25888731e+03 1.25500693e+03 -8.08386880e+00 2.40495337e+01 1.53755778e+03 -3.63057085e-01 4.01176067e+01 1.22513888e+00 1.24753280e+00 9.82049431e-01
2.05745824e-01 2.74090000e+04 2.16069931e+03 1.92095323e+03 -1.55785642e+01 6.49433526e+01 1.22680319e+03 1.22292281e+03 -1.95508991e+00 3.72143533e+01 1.50438389e+03 -6.22353346e+00 4.80458460e+01 1.23015442e+00 1.25331106e+00 9.81523623e-01
2.08890714e-01 2.74050000e+04 2.07699247e+03 1.83724639e+03 -7.08962852e+01 7.56832039e+01 1.19248032e+03 1.18859994e+03 -4.19445619e+01 3.54012169e+01 1.44944019e+03 -5.41413751e+01 5.07811441e+01 1.21945168e+00 1.24327113e+00 9.80841306e-01
2.12020032e-01 2.87170000e+04 2.05975362e+03 1.82000755e+03 5.90860389e+00 1.05667843e+01 1.17258954e+03 1.16870915e+03 7.40599726e+00 1.62698658e+00 1.43182312e+03 1.05169898e+01 3.28158531e+00 1.22513212e+00 1.24791031e+00 9.81746934e-01
2.15171285e-01 2.95950000e+04 2.01543578e+03 1.77568971e+03 -7.45794109e+00 -1.12943157e+01 1.14464555e+03 1.14076516e+03 -4.82406168e+00 -3.16779364e+01 1.39607059e+03 -4.22818053e+00 -2.18257851e+01 1.22380192e+00 1.24762886e+00 9.80902214e-01
2.18317928e-01 3.03010000e+04 1.94541783e+03 1.70567176e+03 5.26419402e+01 1.57633493e-01 1.10137483e+03 1.09749445e+03 1.21516762e+01 -9.38657525e+00 1.34032535e+03 2.68033038e+01 -6.83316215e+00 1.22125934e+00 1.24665580e+00 9.79628327e-01
2.21449809e-01 3.11010000e+04 1.92935411e+03 1.68960803e+03 -6.63494732e+00 6.19900393e+01 1.09681735e+03 1.09293696e+03 -5.15062565e+00 2.43317019e+01 1.33243742e+03 -6.91847791e+00 4.15729389e+01 1.21913474e+00 1.24335580e+00 9.80519602e-01
2.24581721e-01 3.20230000e+04 1.86159401e+03 1.62184793e+03 -5.05421803e+00 -4.81327511e+01 1.05466279e+03 1.05078241e+03 9.96500377e+00 -2.29655803e+01 1.27885791e+03 7.35606879e+00 -3.40675158e+01 1.21705303e+00 1.24236346e+00 9.79627196e-01
2.27720707e-01 3.29770000e+04 1.84257940e+03 1.60283333e+03 4.03098984e+01 -3.95863275e+00 1.04219857e+03 1.03831819e+03 1.45367602e+01 -4.97148848e+00 1.26574844e+03 2.39245178e+01 -7.32268057e+00 1.21903715e+00 1.24245009e+00 9.81155832e-01
2.30881724e-01 3.44490000e+04 1.79830951e+03 1.55856343e+03 6.56286663e+00 5.89458203e+00 1.01635011e+03 1.01246973e+03 -8.15174343e+00 1.79900491e+01 1.23022025e+03 -2.87216002e+00 1.15020544e+01 1.21506867e+00 1.24071267e+00 9.79331237e-01
2.34032212e-01 3.45490000e+04 1.76822366e+03 1.52847758e+03 -1.72919592e+01 8.80653247e+00 9.93681154e+02 9.89800770e+02 -1.45354124e+01 -4.38172207e+00 1.20513446e+03 -1.48584871e+01 -4.43131831e-01 1.21755255e+00 1.24266951e+00 9.79787902e-01
2.37174262e-01 3.61110000e+04 1.73924876e+03 1.49950268e+03 -3.02000856e+00 -3.96569247e+01 9.74427488e+02 9.70547104e+02 1.72102098e+00 -1.90438879e+01 1.18098943e+03 -9.29863475e-01 -2.57524740e+01 1.21682855e+00 1.24298336e+00 9.78958041e-01
2.40317807e-01 3.65410000e+04 1.70391497e+03 1.46416889e+03 -2.13816730e+01 5.60703698e+01 9.56554306e+02 9.52673922e+02 -1.45714804e+01 1.73871863e+01 1.15596945e+03 -1.86993032e+01 3.31787645e+01 1.21339466e+00 1.23971955e+00 9.78765449e-01
2.43450963e-01 3.77170000e+04 1.70078867e+03 1.46104260e+03 -3.19579001e+01 3.15142356e+01 9.60899958e+02 9.57019574e+02 -1.95491717e+01 8.38065249e+00 1.15926031e+03 -2.50666553e+01 1.62139455e+01 1.21132351e+00 1.23558045e+00 9.80367980e-01
2.46584855e-01 3.86190000e+04 1.65214966e+03 1.41240359e+03 -1.73118248e+01 -5.72330860e+00 9.21100348e+02 9.17219964e+02 -5.19425518e+00 4.36659399e+00 1.11494162e+03 -1.11565446e+01 4.60510382e+00 1.21556624e+00 1.24091678e+00 9.79571121e-01
2.49725337e-01 3.96610000e+04 1.65017839e+03 1.41043232e+03 3.60465133e+01 -1.49227274e+01 9.20815009e+02 9.16934625e+02 1.13364415e+01 -1.06249812e+01 1.11316204e+03 2.02208297e+01 -8.86159034e+00 1.21400371e+00 1.24024344e+00 9.78843082e-01
2.52857953e-01 4.05450000e+04 1.63278085e+03 1.39303477e+03 -1.67661526e-01 -4.58557448e+00 9.11358820e+02 9.07478436e+02 -5.86068491e-02 -5.00291987e+00 1.10164062e+03 6.03963470e-01 -7.13454881e+00 1.21395791e+00 1.23897579e+00 9.79807608e-01
2.55996200e-01 4.18150000e+04 1.57209767e+03 1.33235160e+03 -2.00295080e-02 1.28449568e+01 8.78624801e+02 8.74744417e+02 -8.07029445e+00 1.36270074e+01 1.05732589e+03 -4.03419076e+00 1.58308349e+01 1.20872551e+00 1.23415252e+00 9.79397187e-01
2.59156305e-01 4.31250000e+04 1.55251036e+03 1.31276428e+03 1.69143721e+01 -1.25431955e+01 8.66788989e+02 8.62908605e+02 1.14948467e+01 -1.08352567e+01 1.04120800e+03 1.55541793e+01 -1.16703047e+01 1.20662605e+00 1.23341997e+00 9.78276723e-01
2.62304482e-01 4.36810000e+04 1.51750625e+03 1.27776018e+03 3.91472046e+01 2.87158124e+01 8.45846462e+02 8.41966078e+02 8.38619272e+00 3.17126766e+00 1.01576471e+03 2.06153634e+01 9.96522231e+00 1.20642000e+00 1.23190545e+00 9.79312168e-01
2.65437865e-01 4.46290000e+04 1.51878896e+03 1.27904288e+03 3.67809210e-01 -4.65022768e+01 8.44130113e+02 8.40249729e+02 2.34390302e+00 -2.22641121e+01 1.01426378e+03 2.85667516e+00 -2.76432737e+01 1.20709801e+00 1.23378181e+00 9.78372355e-01
2.68578676e-01 4.62270000e+04 1.49563307e+03 1.25588700e+03 2.74405520e+00 -5.03481373e-02 8.31400470e+02 8.27520086e+02 -2.32928704e+00 2.10560541e+00 9.97942488e+02 5.62485340e-01 2.93364083e+00 1.20594352e+00 1.23192994e+00 9.78905930e-01
2.71728978e-01 4.69090000e+04 1.47414303e+03 1.23439696e+03 1.98071666e+01 1.37379701e+01 8.16481283e+02 8.12600900e+02 1.22893555e+01 1.35627967e+00 9.79642129e+02 1.36815893e+01 4.72988015e+00 1.20556368e+00 1.23250523e+00 9.78140818e-01
2.74871533e-01 4.82370000e+04 1.44674327e+03 1.20699719e+03 8.68312410e-01 4.08678928e+01 8.05360261e+02 8.01479877e+02 4.99906541e+00 1.99705511e+01 9.63219862e+02 4.88782463e+00 2.87181903e+01 1.20180168e+00 1.22717590e+00 9.79323075e-01
2.77996871e-01 4.85830000e+04 1.41351002e+03 1.17376394e+03 1.48115760e+01 1.48418876e+01 7.84807699e+02 7.80927315e+02 -6.29662163e+00 8.60937066e+00 9.36772007e+02 3.82258177e+00 9.45975452e+00 1.19956363e+00 1.22598477e+00 9.78449048e-01
2.81142734e-01 5.09970000e+04 1.38830473e+03 1.14855865e+03 -4.57153033e+00 -5.20609555e+00 7.68452878e+02 7.64572495e+02 -4.92954767e+00 1.32373598e+00 9.16443689e+02 -2.81852289e+00 -3.43904654e+00 1.19863544e+00 1.22565221e+00 9.77957227e-01
2.84300577e-01 5.13970000e+04 1.37521303e+03 1.13546696e+03 1.12049843e+01 -4.34806047e+00 7.61103516e+02 7.57223132e+02 -3.53143437e+00 -1.30093550e+00 9.06395319e+02 3.33742331e+00 -6.37083839e-01 1.19699898e+00 1.22454659e+00 9.77503829e-01
2.87440229e-01 5.24890000e+04 1.36123264e+03 1.12148657e+03 1.56009811e+01 -1.18714293e+01 7.55815817e+02 7.51935433e+02 -1.86676350e+00 2.13955923e+00 8.98762738e+02 5.51532228e+00 -2.33208104e+00 1.19526584e+00 1.22125615e+00 9.78718382e-01
2.90577511e-01 5.37870000e+04 1.33922009e+03 1.09947401e+03 7.39616121e+00 -1.82967020e-02 7.40377359e+02 7.36496976e+02 -2.58023730e+00 -4.09905496e-01 8.80087232e+02 -3.08213669e-01 -1.97479219e+00 1.19496381e+00 1.22181935e+00 9.78020037e-01
2.93719725e-01 5.49130000e+04 1.31178682e+03 1.07204075e+03 4.40655988e-01 -1.78618875e+01 7.25380672e+02 7.21500288e+02 1.60810408e+00 -1.74628407e+01 8.60734569e+02 4.67169655e-01 -1.69004469e+01 1.19297883e+00 1.21895421e+00 9.78690436e-01
2.96858811e-01 5.59770000e+04 1.29750571e+03 1.05775964e+03 -2.81553343e+00 -1.86789892e+01 7.15073068e+02 7.11192684e+02 2.86330492e+00 -1.10545772e+01 8.48032021e+02 2.56697767e+00 -1.51084563e+01 1.19240824e+00 1.21955069e+00 9.77743900e-01
2.99998598e-01 5.74150000e+04 1.27645916e+03 1.03671308e+03 1.86944433e+01 2.39843831e+01 7.07611245e+02 7.03730861e+02 8.79968117e+00 6.05879000e+00 8.35502487e+02 1.11146802e+01 1.24069304e+01 1.18724719e+00 1.21374091e+00 9.78171847e-01
3.03133956e-01 5.81050000e+04 1.26476688e+03 1.02502081e+03 -7.74294856e+00 2.12182640e+01 6.96068306e+02 6.92187923e+02 -1.14976344e+01 7.53651845e+00 8.22626399e+02 -9.97663745e+00 1.27958540e+01 1.18844373e+00 1.21689843e+00 9.76617030e-01
3.06273479e-01 6.00330000e+04 1.25562946e+03 1.01588338e+03 -9.43937539e+00 3.57597261e+00 6.87320913e+02 6.83440529e+02 -1.01745053e+01 5.89706824e+00 8.14766878e+02 -8.41425095e+00 8.22730151e+00 1.19215476e+00 1.21919048e+00 9.77824857e-01
3.09423887e-01 6.09490000e+04 1.23334752e+03 9.93601449e+02 -1.40753200e+00 2.65060168e-01 6.74283762e+02 6.70403378e+02 2.50138544e+00 3.68883052e+00 7.97533247e+02 8.80912543e-01 2.30300569e-01 1.18963190e+00 1.21741321e+00 9.77180049e-01
3.12565528e-01 6.22350000e+04 1.21268095e+03 9.72934878e+02 5.67011371e+00 1.51880859e+00 6.65336952e+02 6.61456568e+02 1.01868527e+00 2.28094516e+00 7.84725443e+02 2.47204337e+00 1.05703680e-01 1.18635974e+00 1.21280567e+00 9.78194419e-01
3.15701373e-01 6.32290000e+04 1.20544170e+03 9.65695628e+02 8.14695383e+00 -1.69014695e+00 6.58779828e+02 6.54899444e+02 8.06154238e+00 -3.84329899e+00 7.76615173e+02 8.33916027e+00 -3.61156983e+00 1.18585407e+00 1.21431909e+00 9.76558867e-01
3.18850178e-01 6.51330000e+04 1.19079163e+03 9.51045557e+02 -1.65411939e+01 1.12170605e+01 6.48229372e+02 6.44348988e+02 -1.46151354e+01 -7.51171275e-01 7.65088356e+02 -1.59626320e+01 4.65361071e+00 1.18738195e+00 1.21489875e+00 9.77350538e-01
3.21992889e-01 6.57070000e+04 1.17589977e+03 9.36153695e+02 -1.01371836e+01 -2.61927945e+00 6.38915929e+02 6.35035545e+02 -5.89298100e+00 3.87819063e+00 7.53229752e+02 -6.21888646e+00 3.05278432e+00 1.18612219e+00 1.21415620e+00 9.76910709e-01
3.25134271e-01 6.75610000e+04 1.15551393e+03 9.15767859e+02 4.61305397e+00 -2.95780343e+00 6.31963341e+02 6.28082957e+02 2.17363391e+00 5.18354310e+00 7.42133491e+02 3.86027408e+00 1.18557273e+00 1.18158514e+00 1.20749181e+00 9.78545058e-01
3.28279306e-01 6.85050000e+04 1.14752830e+03 9.07782225e+02 1.27441362e+01 -2.73150200e+00 6.23881426e+02 6.20001042e+02 4.08777807e+00 -2.54616162e+00 7.33302196e+02 9.16525985e+00 2.43069143e-01 1.18274349e+00 1.21002579e+00 9.77453122e-01
3.31418464e-01 6.99430000e+04 1.12917045e+03 8.89424371e+02 -2.00008296e-01 3.02474166e+01 6.17412008e+02 6.13531624e+02 -2.93896065e+00 1.16498947e+01 7.21329896e+02 -9.86867559e-01 1.77351979e+01 1.17570125e+00 1.20402647e+00 9.76474583e-01
3.34559272e-01 7.10970000e+04 1.12336925e+03 8.83623179e+02 1.12972089e+00 -1.68001374e-01 6.10978985e+02 6.07098601e+02 2.75288190e-01 -8.15647333e-01 7.16520317e+02 -4.30532780e-01 2.63552636e+00 1.18023714e+00 1.20643502e+00 9.78284885e-01
3.37703510e-01 7.30210000e+04 1.10437742e+03 8.64631346e+02 1.35131419e+01 7.43047846e+00 5.98405364e+02 5.94524980e+02 1.25905908e+00 2.43608137e+00 7.00524905e+02 6.25410056e+00 2.87824802e+00 1.17829348e+00 1.20595314e+00 9.77064060e-01
3.40841776e-01 7.33170000e+04 1.09819809e+03 8.58452011e+02 -2.96847694e+00 1.66023983e+01 5.96858461e+02 5.92978077e+02 -1.15383724e+00 -7.54550347e-01 6.97408357e+02 -5.17050340e-01 4.36595565e+00 1.17611154e+00 1.20320241e+00 9.77484360e-01
3.43979627e-01 7.57990000e+04 1.08124509e+03 8.41499014e+02 -9.33328374e+00 -1.52036890e+01 5.84897482e+02 5.81017098e+02 -4.37617579e+00 -6.96853739e+00 6.83687123e+02 -6.53141296e+00 -1.00852878e+01 1.17670741e+00 1.20346191e+00 9.77768716e-01
3.47117216e-01 7.60210000e+04 1.06784856e+03 8.28102485e+02 1.86007736e+01 1.69983587e+01 5.78274645e+02 5.74394261e+02 2.93576724e+00 8.47044507e+00 6.73752847e+02 9.38524006e+00 1.14803941e+01 1.17297977e+00 1.20070688e+00 9.76907679e-01
3.50258770e-01 7.87530000e+04 1.05479865e+03 8.15052571e+02 -5.30395702e+00 1.29727614e+01 5.72808379e+02 5.68927995e+02 3.86196393e+00 7.20674152e+00 6.66247351e+02 1.90056114e+00 7.86571049e+00 1.17105742e+00 1.19691734e+00 9.78394566e-01
3.53406248e-01 7.92910000e+04 1.04812798e+03 8.08381909e+02 -5.78075882e+00 -9.13268215e-01 5.67632019e+02 5.63751635e+02 -6.44560416e+00 -5.16970294e+00 6.59404081e+02 -7.39787783e+00 -3.44531495e+00 1.16967125e+00 1.19746929e+00 9.76786010e-01
3.56550950e-01 8.11290000e+04 1.03464461e+03 7.94898536e+02 1.93253376e-02 -8.39800316e+00 5.59872486e+02 5.55992102e+02 -1.32905924e+00 3.29773162e+00 6.49817818e+02 1.79627897e-01 1.03639309e+00 1.16875368e+00 1.19569809e+00 9.77465540e-01
3.59695913e-01 8.24410000e+04 1.02363216e+03 7.83886086e+02 -3.51949304e+00 -5.78775657e+00 5.53021911e+02 5.49141528e+02 -3.65122315e+00 -2.59770973e+00 6.41377125e+02 -3.07692951e+00 -2.84159554e+00 1.16796325e+00 1.19477007e+00 9.77563202e-01
3.62841690e-01 8.39490000e+04 1.01300839e+03 7.73262315e+02 -1.25387438e+01 2.32221496e+01 5.44840100e+02 5.40959716e+02 -1.76281817e+00 1.30176806e+01 6.31970033e+02 -5.40905706e+00 1.63268360e+01 1.16823862e+00 1.19558638e+00 9.77126069e-01
3.65982634e-01 8.51230000e+04 9.94553110e+02 7.54807034e+02 -2.66473268e+00 -2.28130762e+01 5.35637759e+02 5.31757375e+02 -3.78045735e+00 -1.31217838e+01 6.19219198e+02 -4.92294340e+00 -1.27130776e+01 1.16447693e+00 1.19140991e+00 9.77394030e-01
3.69125400e-01 8.69290000e+04 9.96326314e+02 7.56580239e+02 4.07052295e+00 1.86478959e+00 5.34215053e+02 5.30334669e+02 -4.30542315e+00 1.11105324e+00 6.18922612e+02 -1.72117412e+00 -3.45211577e-03 1.16704158e+00 1.19440741e+00 9.77088369e-01
3.72263292e-01 8.77890000e+04 9.78587691e+02 7.38841616e+02 -5.09571283e+00 -4.69654613e+00 5.23977912e+02 5.20097528e+02 -4.27020394e+00 -3.95563716e+00 6.06125908e+02 -5.11238170e+00 -6.66406235e+00 1.16540817e+00 1.19188205e+00 9.77788169e-01
3.75393555e-01 8.96230000e+04 9.68967490e+02 7.29221414e+02 -1.52287777e+01 5.57710298e+00 5.19899789e+02 5.16019406e+02 -8.89803268e+00 -7.50563900e-01 5.99905092e+02 -1.17760268e+01 4.17385917e-01 1.16256305e+00 1.18876686e+00 9.77957146e-01
3.78537923e-01 9.13410000e+04 9.62709698e+02 7.22963623e+02 -4.75649403e+00 -2.28994446e+00 5.18118088e+02 5.14237705e+02 -7.66147295e+00 -3.91624191e+00 5.96344542e+02 -7.54658559e+00 -3.76468687e+00 1.15966709e+00 1.18570394e+00 9.78041015e-01
3.81682062e-01 9.28450000e+04 9.50949247e+02 7.11203171e+02 9.33188377e+00 2.81796442e+00 5.10151536e+02 5.06271153e+02 4.25141385e+00 4.62889259e+00 5.87087545e+02 8.11343917e+00 3.97723304e+00 1.15963065e+00 1.18523714e+00 9.78395471e-01
3.84823148e-01 9.40870000e+04 9.43468161e+02 7.03722086e+02 6.69561013e+00 1.82257680e+01 5.05481540e+02 5.01601157e+02 3.22728057e+00 9.32837943e+00 5.81274025e+02 4.83708663e+00 1.28369307e+01 1.15883709e+00 1.18446253e+00 9.78365345e-01
3.87969743e-01 9.63330000e+04 9.29593712e+02 6.89847637e+02 9.73690316e+00 -5.37003066e+00 4.97644076e+02 4.93763693e+02 2.56632083e+00 -4.76379301e+00 5.71025782e+02 6.83978772e+00 -5.81753741e+00 1.15647584e+00 1.18199874e+00 9.78406998e-01
3.91116457e-01 9.72490000e+04 9.22583410e+02 6.82837335e+02 -1.17132557e+00 7.14299184e+00 4.91092131e+02 4.87211747e+02 -1.80394432e+00 1.13068500e+00 5.64018351e+02 -1.26969776e+00 3.92129762e+00 1.15764522e+00 1.18385838e+00 9.77857858e-01
3.94265747e-01 9.95010000e+04 9.15663726e+02 6.75917651e+02 -4.75189140e+00 -1.54346881e+01 4.88533684e+02 4.84653300e+02 -6.44124007e+00 -1.15626049e+01 5.60204125e+02 -6.19403127e+00 -1.24699835e+01 1.15588633e+00 1.18094945e+00 9.78777148e-01
3.97394828e-01 9.92830000e+04 9.06958728e+02 6.67212653e+02 -2.51517341e+00 -1.27593105e+01 4.84826704e+02 4.80946320e+02 2.96181677e+00 7.94172040e-01 5.53937411e+02 2.15523715e+00 -5.78463994e+00 1.15176557e+00 1.17783331e+00 9.77868050e-01
4.00524555e-01 1.02537000e+05 8.94957296e+02 6.55211220e+02 1.20881058e+00 -7.47482690e-01 4.76262501e+02 4.72382117e+02 -3.08457712e+00 -2.11983759e+00 5.43690079e+02 -2.85253490e+00 -3.17396527e+00 1.15095398e+00 1.17772512e+00 9.77268770e-01
4.03668203e-01 1.03477000e+05 8.89349256e+02 6.49603180e+02 -3.42491084e+00 1.96488630e+00 4.74398235e+02 4.70517852e+02 -3.25496000e-01 -3.54129596e-01 5.41342708e+02 -1.71471134e+00 -4.52839673e-01 1.15052533e+00 1.17499500e+00 9.79174662e-01
4.06811474e-01 1.05751000e+05 8.82556681e+02 6.42810606e+02 -1.32757961e-01 7.34060477e+00 4.71343615e+02 4.67463232e+02 -1.32219337e+00 1.60005648e+00 5.36386569e+02 -7.66604301e-01 2.68033800e+00 1.14744120e+00 1.17264833e+00 9.78504100e-01
4.09957650e-01 1.06869000e+05 8.76881654e+02 6.37135578e+02 -7.07506220e+00 -3.29384413e+00 4.64555529e+02 4.60675145e+02 -3.12731680e+00 -4.07416979e+00 5.30197835e+02 -6.44252464e+00 -3.31359183e+00 1.15091478e+00 1.17603037e+00 9.78643759e-01
4.13097632e-01 1.08697000e+05 8.70640474e+02 6.30894399e+02 3.44897030e-01 -1.15330069e+01 4.60333125e+02 4.56452741e+02 -2.07669495e+00 -3.77004880e+00 5.24645986e+02 -4.55139661e-01 -6.14224864e+00 1.14939826e+00 1.17565644e+00 9.77665093e-01
4.16244854e-01 1.10577000e+05 8.60897525e+02 6.21151449e+02 6.10171110e+00 1.24410870e+01 4.57112055e+02 4.53231671e+02 -4.37922291e-01 9.88972269e+00 5.19242120e+02 1.62528143e+00 9.37870902e+00 1.14564395e+00 1.17068115e+00 9.78613130e-01
4.19397965e-01 1.12555000e+05 8.55519576e+02 6.15773501e+02 -3.55757606e+00 -6.62506362e+00 4.53109570e+02 4.49229186e+02 -3.04564948e+00 -7.53853764e-01 5.14866467e+02 -3.43426757e+00 -3.49100845e+00 1.14611090e+00 1.17078329e+00 9.78926595e-01
4.22531732e-01 1.12593000e+05 8.49277330e+02 6.09531255e+02 -1.23564216e+00 1.34218115e+00 4.48083275e+02 4.44202891e+02 -2.86633067e-01 9.41787776e-01 5.09193665e+02 -1.46698818e+00 -9.78127554e-01 1.14630876e+00 1.17140561e+00 9.78575439e-01
4.25664143e-01 1.15573000e+05 8.39419478e+02 5.99673402e+02 -8.81621691e+00 -1.14931043e-01 4.41202944e+02 4.37322561e+02 -3.95648515e+00 -3.20912854e+00 5.00787126e+02 -5.43410493e+00 -5.15298708e-01 1.14512072e+00 1.17099881e+00 9.77900845e-01
4.28809913e-01 1.17283000e+05 8.32199489e+02 5.92453414e+02 -1.11405003e+00 1.49431768e+01 4.38705000e+02 4.34824616e+02 -1.09737293e+00 6.87178347e+00 4.96421212e+02 -1.39778716e+00 8.71772305e+00 1.14165848e+00 1.16726655e+00 9.78061505e-01
4.31952924e-01 1.18581000e+05 8.31500539e+02 5.91754464e+02 4.97362447e+00 9.74168233e+00 4.36667248e+02 4.32786864e+02 3.90236377e+00 3.11497379e+00 4.94776764e+02 5.90766301e+00 5.86235892e+00 1.14323425e+00 1.16932096e+00 9.77690712e-01
4.35091937e-01 1.20625000e+05 8.18131477e+02 5.78385401e+02 -4.92641228e+00 -1.47537960e+00 4.30798708e+02 4.26918325e+02 -3.12302852e+00 9.94992320e-02 4.86643373e+02 -4.64870452e+00 -9.03398053e-01 1.13989807e+00 1.16395520e+00 9.79331569e-01
4.38232055e-01 1.21935000e+05 8.14779102e+02 5.75033027e+02 7.54351564e+00 1.68192238e+00 4.29053296e+02 4.25172912e+02 4.16882096e+00 1.19268242e+00 4.83973837e+02 4.82792111e+00 3.18228923e+00 1.13829885e+00 1.16295685e+00 9.78797152e-01
4.41375194e-01 1.24441000e+05 8.06271884e+02 5.66525808e+02 -4.38375444e+00 4.93371276e+00 4.23212677e+02 4.19332293e+02 -2.60485469e+00 2.20203332e+00 4.77694536e+02 -3.35689412e+00 3.29643678e+00 1.13917898e+00 1.16233334e+00 9.80079419e-01
4.44516638e-01 1.25517000e+05 7.96432029e+02 5.56685954e+02 2.25802541e+00 -1.91133581e+00 4.18530482e+02 4.14650098e+02 5.38634334e-01 2.36169303e+00 4.70542431e+02 1.07879955e+00 6.04824709e-01 1.13479397e+00 1.15868196e+00 9.79383479e-01
4.47654212e-01 1.27357000e+05 7.98571226e+02 5.58825150e+02 -3.38069071e+00 -1.54342924e+01 4.17307490e+02 4.13427106e+02 -4.04543452e+00 -7.02581597e+00 4.69911718e+02 -3.16585593e+00 -1.12103145e+01 1.13662532e+00 1.16262190e+00 9.77639701e-01
4.50797826e-01 1.29895000e+05 7.86506084e+02 5.46760009e+02 4.89516934e+00 -7.25648789e+00 4.13436171e+02 4.09555787e+02 -5.91010970e-01 -1.04506223e+00 4.63615172e+02 1.23902722e+00 -3.83704102e+00 1.13199517e+00 1.15542521e+00 9.79721719e-01
4.53941666e-01 1.30701000e+05 7.81991109e+02 5.42245034e+02 -3.37145790e+00 -1.00552370e+01 4.10087216e+02 4.06206833e+02 -5.01760214e+00 -2.25421929e+00 4.60063719e+02 -5.23744578e+00 -6.88525591e+00 1.13258489e+00 1.15537823e+00 9.80271964e-01
4.57087205e-01 1.33921000e+05 7.74430070e+02 5.34683995e+02 -2.89712713e+00 -1.05685923e+01 4.06070627e+02 4.02190243e+02 -3.61627698e+00 -4.84827080e+00 4.54392071e+02 -4.13423400e+00 -6.64520301e+00 1.12979387e+00 1.15300934e+00 9.79865320e-01
4.60231541e-01 1.34187000e+05 7.69310194e+02 5.29564119e+02 -3.57457349e+00 2.99673612e+00 4.01770869e+02 3.97890485e+02 -4.98221543e-01 1.85063403e+00 4.50059318e+02 -1.51661860e+00 2.13190134e+00 1.13111355e+00 1.15365911e+00 9.80457347e-01
4.63371721e-01 1.37125000e+05 7.62737292e+02 5.22991217e+02 2.46925187e+00 1.47390705e+00 3.99250849e+02 3.95370466e+02 4.11536230e-01 3.08806070e+00 4.45728413e+02 4.01648266e-01 2.80620607e+00 1.12736902e+00 1.15012511e+00 9.80214244e-01
4.66516210e-01 1.38457000e+05 7.57892724e+02 5.18146649e+02 -1.65670686e+00 -4.59748202e+00 3.95677085e+02 3.91796701e+02 -1.33794811e+00 1.06891278e+00 4.42380063e+02 -1.21981531e+00 -9.42207546e-01 1.12910614e+00 1.14999502e+00 9.81835683e-01
4.69663289e-01 1.40937000e+05 7.49533443e+02 5.09787368e+02 -6.45162139e+00 1.73290867e+00 3.91759094e+02 3.87878711e+02 -3.57572483e+00 -7.03123420e-02 4.36266146e+02 -4.93866305e+00 -5.46652737e-01 1.12474888e+00 1.14642742e+00 9.81090356e-01
4.72798741e-01 1.41367000e+05 7.43704737e+02 5.03958661e+02 -2.62823602e+00 1.10274633e+01 3.89101385e+02 3.85221001e+02 -5.16492351e+00 8.89980379e+00 4.32131281e+02 -3.64350173e+00 8.63479857e+00 1.12177498e+00 1.14377995e+00 9.80761186e-01
4.75933001e-01 1.44381000e+05 7.44024958e+02 5.04278883e+02 1.97587203e+00 -7.14436864e+00 3.86857752e+02 3.82977368e+02 2.40477459e+00 -2.82344687e+00 4.30885510e+02 1.73951276e+00 -4.35049277e+00 1.12509392e+00 1.14748981e+00 9.80482718e-01
4.79070663e-01 1.45549000e+05 7.36864039e+02 4.97117963e+02 -3.87319200e+00 3.52896178e+00 3.84014570e+02 3.80134186e+02 -2.60728536e+00 2.06664296e-01 4.26844559e+02 -2.88783661e+00 1.58287093e+00 1.12287864e+00 1.14356608e+00 9.81909715e-01
4.82217547e-01 1.49139000e+05 7.30073938e+02 4.90327863e+02 -4.05497481e+00 -1.75435571e+00 3.78711638e+02 3.74831254e+02 -8.87501821e-01 4.44200071e-01 4.20347049e+02 -1.20662578e+00 -5.90514600e-01 1.12143010e+00 1.14373494e+00 9.80498240e-01
4.85367782e-01 1.49641000e+05 7.25443839e+02 4.85697763e+02 -2.21478816e+00 1.20021461e+01 3.76039695e+02 3.72159312e+02 -9.00244020e-01 4.92402801e+00 4.17243422e+02 -1.95592394e+00 7.25115519e+00 1.12114197e+00 1.14240108e+00 9.81390845e-01
4.88504038e-01 1.51825000e+05 7.20428751e+02 4.80682675e+02 -7.22027313e+00 1.23628005e+01 3.72973116e+02 3.69092733e+02 -2.10527386e+00 5.50418135e+00 4.13567756e+02 -3.83626749e+00 7.63962301e+00 1.12049823e+00 1.14119928e+00 9.81860275e-01
4.91641166e-01 1.53453000e+05 7.17460786e+02 4.77714711e+02 -7.25683826e-01 -3.76496610e+00 3.71421168e+02 3.67540784e+02 -1.56935732e+00 -4.77380565e+00 4.11280042e+02 -1.18278891e+00 -5.98225649e+00 1.11900518e+00 1.14007006e+00 9.81523175e-01
4.94778485e-01 1.55887000e+05 7.10246659e+02 4.70500584e+02 9.45362189e+00 1.09597901e+01 3.66922428e+02 3.63042044e+02 3.74785176e+00 3.02282259e+00 4.05817943e+02 6.11198451e+00 7.40246286e+00 1.11782629e+00 1.13841765e+00 9.81912299e-01
4.97922815e-01 1.58121000e+05 7.08017242e+02 4.68271166e+02 -4.12135079e+00 4.41645364e+00 3.65876734e+02 3.61996350e+02 -1.97888779e+00 3.35965769e+00 4.04714503e+02 -3.62280425e+00 4.00571119e+00 1.11800713e+00 1.13735650e+00 9.82987426e-01
5.01068105e-01 1.59841000e+05 7.00189672e+02 4.60443597e+02 5.10746608e+00 -2.54664705e+00 3.61345399e+02 3.57465015e+02 -1.50541047e+00 6.64348935e-01 3.98923276e+02 6.66620019e-01 -6.46319467e-01 1.11597851e+00 1.13493620e+00 9.83296257e-01
5.04202413e-01 1.61175000e+05 6.94222593e+02 4.54476517e+02 5.77379933e+00 -3.26991528e+00 3.58998763e+02 3.55118380e+02 -1.65116252e+00 -6.53757597e-01 3.95129023e+02 1.23963934e+00 -3.00828947e+00 1.11266847e+00 1.13127750e+00 9.83550426e-01
5.07347075e-01 1.64677000e+05 6.94050357e+02 4.54304282e+02 -2.67456243e+00 8.17271637e+00 3.57787458e+02 3.53907075e+02 -1.64499715e+00 4.75007508e+00 3.93656388e+02 -1.40868115e+00 6.16593547e+00 1.11231568e+00 1.13299709e+00 9.81746285e-01
5.10496278e-01 1.66057000e+05 6.90301303e+02 4.50555228e+02 5.01974832e+00 1.59896961e+00 3.56434897e+02 3.52554514e+02 8.01047353e-01 7.23740190e-02 3.92326794e+02 2.43862333e+00 2.60638919e-01 1.11281172e+00 1.13047478e+00 9.84375538e-01
5.13636990e-01 1.67703000e+05 6.86853233e+02 4.47107158e+02 -6.28022967e-01 1.52211139e+00 3.52846895e+02 3.48966511e+02 1.01488052e+00 3.80833874e+00 3.88086403e+02 9.65597734e-01 2.45746895e+00 1.11210214e+00 1.13191531e+00 9.82495885e-01
5.16779591e-01 1.70269000e+05 6.76536956e+02 4.36790881e+02 -3.38597162e+00 3.72321509e+00 3.49273028e+02 3.45392645e+02 -2.80169818e+00 7.84365011e-01 3.82798260e+02 -2.83774085e+00 2.21206590e+00 1.10829882e+00 1.12455380e+00 9.85545392e-01
5.19923779e-01 1.72257000e+05 6.76189210e+02 4.36443135e+02 -5.37882694e+00 -4.29201100e-02 3.47099352e+02 3.43218969e+02 -2.72352292e+00 -9.26921011e-01 3.81264437e+02 -4.12403867e+00 -1.28590695e-02 1.11084897e+00 1.12766004e+00 9.85092072e-01
5.23063487e-01 1.73653000e+05 6.71590303e+02 4.31844227e+02 3.78446518e+00 -6.07598957e+00 3.44186501e+02 3.40306118e+02 -8.91158116e-02 -2.12111091e+00 3.77491551e+02 1.82830692e+00 -4.19097921e+00 1.10927054e+00 1.12649348e+00 9.84711020e-01
5.26201718e-01 1.76619000e+05 6.66157357e+02 4.26411282e+02 1.86712352e+00 5.83419201e+00 3.40947472e+02 3.37067089e+02 -3.15065785e+00 3.55720184e+00 3.72412923e+02 -1.93379545e+00 4.67943063e+00 1.10486291e+00 1.12475043e+00 9.82318278e-01
5.29340352e-01 1.77565000e+05 6.64750012e+02 4.25003937e+02 -4.66652271e-01 3.21769578e+00 3.41298571e+02 3.37418187e+02 -2.07939308e+00 -3.07728696e-01 3.72917732e+02 -1.79897104e+00 1.64255314e+00 1.10520934e+00 1.12230845e+00 9.84764340e-01
5.32482167e-01 1.81285000e+05 6.61393094e+02 4.21647019e+02 2.97626013e+00 6.37350032e+00 3.37979288e+02 3.34098905e+02 9.41115143e-01 1.92752925e+00 3.69517901e+02 1.98338905e+00 3.44870051e+00 1.10601351e+00 1.12340665e+00 9.84517498e-01
5.35628389e-01 1.82547000e+05 6.55432647e+02 4.15686572e+02 2.28856965e+00 9.10808495e+00 3.34930179e+02 3.31049795e+02 -4.53033888e-01 2.74643968e+00 3.65265355e+02 6.49581423e-01 4.07267427e+00 1.10335472e+00 1.12056315e+00 9.84643055e-01
5.38772024e-01 1.84993000e+05 6.52777064e+02 4.13030989e+02 -1.21248506e-01 -2.37883181e+00 3.33187328e+02 3.29306944e+02 -2.81294656e+00 9.18542696e-01 3.63077868e+02 -1.64538537e+00 5.05451711e-01 1.10255151e+00 1.11992999e+00 9.84482529e-01
5.41912410e-01 1.86777000e+05 6.50543855e+02 4.10797779e+02 -3.89878707e+00 1.07527510e+00 3.31625834e+02 3.27745450e+02 -5.27153443e-01 8.85876009e-01 3.61189514e+02 -1.50124211e+00 1.89868185e+00 1.10204280e+00 1.11955571e+00 9.84357272e-01
5.45054012e-01 1.89073000e+05 6.42927986e+02 4.03181910e+02 -3.38647123e+00 2.91140717e+00 3.27316047e+02 3.23435664e+02 -1.19933135e+00 1.16808441e+00 3.56084925e+02 -1.81989343e+00 1.07482145e+00 1.10094515e+00 1.11649444e+00 9.86073111e-01
5.48194833e-01 1.91491000e+05 6.40793820e+02 4.01047745e+02 -3.62400793e+00 4.23669288e-01 3.26295249e+02 3.22414866e+02 -1.55306170e+00 1.29965364e+00 3.54628589e+02 -2.29873113e+00 1.19813016e+00 1.09991389e+00 1.11529694e+00 9.86207216e-01
5.51340566e-01 1.93845000e+05 6.35182797e+02 3.95436721e+02 -1.56224397e-01 -1.65506857e+00 3.23014754e+02 3.19134370e+02 9.45716942e-01 1.18711389e+00 3.50324746e+02 6.49471914e-01 9.73435988e-01 1.09773430e+00 1.11314492e+00 9.86155786e-01
5.54481524e-01 1.95181000e+05 6.32691735e+02 3.92945659e+02 2.02889173e+00 -4.55037637e+00 3.21735092e+02 3.17854708e+02 -3.23129548e-01 2.40016875e-01 3.48975661e+02 1.23574269e+00 -1.41655632e+00 1.09790937e+00 1.11186465e+00 9.87448754e-01
5.57612714e-01 1.97319000e+05 6.31976840e+02 3.92230765e+02 -1.71214529e+00 -3.74695770e+00 3.20733467e+02 3.16853083e+02 6.64340484e-01 -2.32755527e+00 3.48384394e+02 -3.08432053e-01 -2.03964121e+00 1.09951398e+00 1.11260718e+00 9.88231962e-01
5.60751064e-01 2.00233000e+05 6.26969677e+02 3.87223602e+02 -3.11406803e+00 3.42390568e+00 3.18787336e+02 3.14906952e+02 -6.51272150e-01 9.71744638e-01 3.44821126e+02 -1.35595788e+00 1.19757073e+00 1.09499369e+00 1.10889337e+00 9.87465271e-01
5.63896287e-01 2.03037000e+05 6.21801580e+02 3.82055505e+02 1.25950281e+00 -1.17483752e-02 3.16095307e+02 3.12214923e+02 -2.73423107e-02 2.37778762e+00 3.41317163e+02 3.69248568e-01 1.31697963e+00 1.09321220e+00 1.10620700e+00 9.88252832e-01
5.67044776e-01 2.04871000e+05 6.18585961e+02 3.78839886e+02 -2.69694598e+00 3.40036419e+00 3.13576909e+02 3.09696525e+02 -1.33688063e+00 5.12362356e+00 3.38413197e+02 -1.96810810e+00 4.47181591e+00 1.09272520e+00 1.10601160e+00 9.87987106e-01
5.70182025e-01 2.06221000e+05 6.15390547e+02 3.75644472e+02 -8.42897529e-02 -1.01326725e+00 3.11017553e+02 3.07137169e+02 -1.12007995e+00 -2.59512621e-01 3.36107289e+02 -3.55544479e-01 -1.47457522e+00 1.09432307e+00 1.10591644e+00 9.89516957e-01
5.73319590e-01 2.09529000e+05 6.14319762e+02 3.74573687e+02 -9.71685606e-02 -2.92673619e+00 3.10193115e+02 3.06312732e+02 -6.26485209e-01 -1.92695251e+00 3.34832495e+02 -4.02803911e-01 -2.23547645e+00 1.09310669e+00 1.10582425e+00 9.88499473e-01
5.76471206e-01 2.12545000e+05 6.11819916e+02 3.72073840e+02 -2.34463054e+00 -5.81257528e-02 3.08991990e+02 3.05111607e+02 -1.33729840e+00 -6.81448558e-01 3.32676079e+02 -8.82897943e-01 -6.37157687e-02 1.09034226e+00 1.10429525e+00 9.87364804e-01
5.79614453e-01 2.13207000e+05 6.05183953e+02 3.65437878e+02 -6.86949895e-01 2.94482087e+00 3.05380071e+02 3.01499687e+02 -1.88891270e-01 3.50059643e+00 3.28207463e+02 -8.99136602e-01 3.58463859e+00 1.08858310e+00 1.10093923e+00 9.88776733e-01
5.82754361e-01 2.16577000e+05 6.03926355e+02 3.64180280e+02 -8.69156216e-01 -8.31926832e+00 3.03513385e+02 2.99633001e+02 -3.92424577e-01 -2.51470451e+00 3.26672331e+02 -3.26497725e-01 -4.87253661e+00 1.09024150e+00 1.10246140e+00 9.88915804e-01
5.85896538e-01 2.18193000e+05 5.97714055e+02 3.57967980e+02 2.72076927e+00 -1.18220026e+00 3.00667486e+02 2.96787102e+02 2.48270639e-01 -1.22446104e+00 3.22555621e+02 6.20403581e-01 -2.11385267e+00 1.08682493e+00 1.09824587e+00 9.89600743e-01
5.89043718e-01 2.22151000e+05 5.95687154e+02 3.55941079e+02 4.23304947e+00 -4.73998163e+00 2.99311785e+02 2.95431401e+02 -1.71398016e+00 -7.88265719e-01 3.20534347e+02 2.11050390e-01 -1.70128680e+00 1.08497047e+00 1.09764203e+00 9.88455655e-01
5.92183827e-01 2.21641000e+05 5.94694374e+02 3.54948299e+02 1.08730205e+00 4.83473889e-01 2.98030513e+02 2.94150129e+02 -3.63772432e-01 -5.00899806e-01 3.19871083e+02 5.38004258e-01 -3.82434520e-01 1.08744158e+00 1.09849486e+00 9.89937803e-01
5.95317321e-01 2.26173000e+05 5.89142494e+02 3.49396419e+02 -1.84098874e+00 -2.11989093e+00 2.96301071e+02 2.92420687e+02 -3.17671537e+00 1.29317919e+00 3.17174817e+02 -2.15029464e+00 -3.85204109e-01 1.08465246e+00 1.09308813e+00 9.92282715e-01
5.98456104e-01 2.26981000e+05 5.88762694e+02 3.49016618e+02 3.10513459e-01 -5.08791039e-01 2.95608212e+02 2.91727828e+02 -6.53973606e-01 3.76599951e+00 3.16257035e+02 -9.86420025e-02 2.61426793e+00 1.08408250e+00 1.09379044e+00 9.91124501e-01
6.01600789e-01 2.31903000e+05 5.86101345e+02 3.46355270e+02 -3.29821175e+00 -2.86427958e+00 2.92907539e+02 2.89027156e+02 -2.73872582e-01 -3.05583975e+00 3.13657589e+02 -1.07930709e+00 -3.96080118e+00 1.08521840e+00 1.09469107e+00 9.91346723e-01
6.04743422e-01 2.31493000e+05 5.82816216e+02 3.43070141e+02 1.51305043e+00 6.50438584e+00 2.93110862e+02 2.89230478e+02 1.30345481e-01 1.46602717e+00 3.12833800e+02 9.20684116e-01 3.33295360e+00 1.08160731e+00 1.08910420e+00 9.93116465e-01
6.07881951e-01 2.36041000e+05 5.78272562e+02 3.38526487e+02 2.03496162e+00 -1.25512349e+00 2.89822562e+02 2.85942178e+02 -3.77359215e-02 7.80146476e-01 3.08465820e+02 1.42568134e+00 -2.62405548e-01 1.07876992e+00 1.08807095e+00 9.91451810e-01
6.11024878e-01 2.37231000e+05 5.75281517e+02 3.35535441e+02 1.21413499e+00 7.29116573e-01 2.88279124e+02 2.84398740e+02 -7.80845671e-01 1.17571944e+00 3.06555218e+02 9.19976540e-01 8.76321562e-01 1.07790639e+00 1.08618891e+00 9.92374690e-01
6.14170308e-01 2.40925000e+05 5.75168170e+02 3.35422095e+02 1.32795045e+00 4.35368928e-01 2.87041568e+02 2.83161184e+02 -2.40047596e+00 -4.78204507e-02 3.06025165e+02 -7.08545805e-01 5.35026678e-02 1.08074546e+00 1.08837604e+00 9.92989021e-01
6.17316493e-01 2.42769000e+05 5.70214237e+02 3.30468161e+02 1.71735327e+00 -2.72046899e+00 2.85339790e+02 2.81459406e+02 -1.03997357e+00 1.12357220e-01 3.02896723e+02 -9.41928744e-01 2.67676651e-01 1.07616486e+00 1.08356989e+00 9.93166082e-01
6.20451124e-01 2.43757000e+05 5.68493722e+02 3.28747646e+02 -2.71801991e+00 3.76486274e+00 2.84479550e+02 2.80599167e+02 -3.46298993e-01 3.07461397e+00 3.01883291e+02 -1.09571040e+00 2.98014293e+00 1.07585242e+00 1.08240088e+00 9.93950054e-01
6.23587420e-01 2.47983000e+05 5.66178565e+02 3.26432490e+02 1.58903468e+00 -3.06095689e+00 2.82283510e+02 2.78403126e+02 -3.91392050e-01 -1.15291377e+00 2.99375250e+02 2.04564721e-01 -8.81472720e-01 1.07533006e+00 1.08282839e+00 9.93075234e-01
6.26732730e-01 2.50273000e+05 5.62189789e+02 3.22443714e+02 -1.20952852e+00 5.88759385e+00 2.79972086e+02 2.76091703e+02 -9.16621764e-02 1.02579017e+00 2.96716931e+02 -1.74438727e-01 2.37118322e+00 1.07470427e+00 1.08068788e+00 9.94463146e-01
6.29874976e-01 2.52373000e+05 5.61725649e+02 3.21979574e+02 3.01783781e+00 -5.31230811e+00 2.78155364e+02 2.74274980e+02 7.70444200e-01 -1.45453637e+00 2.95461287e+02 2.23587230e+00 -1.37833325e+00 1.07724477e+00 1.08348041e+00 9.94244803e-01
6.33016072e-01 2.55447000e+05 5.55227995e+02 3.15481919e+02 6.20160396e-01 -4.23773153e+00 2.76551434e+02 2.72671051e+02 -6.19931302e-01 1.36498151e-02 2.91925633e+02 7.57884386e-01 -1.61033945e+00 1.07061469e+00 1.07564193e+00 9.95326295e-01
6.36158144e-01 2.57089000e+05 5.55263716e+02 3.15517641e+02 -3.71404267e-01 -4.03285230e+00 2.76012586e+02 2.72132202e+02 -1.58519277e+00 -2.41156692e+00 2.91914568e+02 -1.40035194e+00 -3.13573498e+00 1.07269395e+00 1.07676729e+00 9.96217068e-01
6.39302078e-01 2.61237000e+05 5.55654768e+02 3.15908693e+02 -2.10391692e+00 -1.06749000e+00 2.75152594e+02 2.71272210e+02 -5.39394771e-01 7.03760084e-01 2.91305768e+02 -4.74789838e-01 -9.56997065e-02 1.07385039e+00 1.07914086e+00 9.95097517e-01
6.42443294e-01 2.61667000e+05 5.50532013e+02 3.10785938e+02 -3.56726526e-01 1.81387469e+00 2.72461673e+02 2.68581290e+02 -2.15812839e-01 1.69377706e+00 2.87619750e+02 1.11789244e-01 1.19326485e+00 1.07088528e+00 1.07570405e+00 9.95520363e-01
6.45587710e-01 2.66889000e+05 5.50236442e+02 3.10490367e+02 2.61259115e-01 -5.79766177e+00 2.70905735e+02 2.67025351e+02 -8.98176174e-02 -2.53977516e+00 2.86678911e+02 2.33470634e-01 -3.23085894e+00 1.07360185e+00 1.07832039e+00 9.95624175e-01
6.48732863e-01 2.67049000e+05 5.47106490e+02 3.07360415e+02 3.05972405e+00 1.99453606e+00 2.70474221e+02 2.66593837e+02 -4.78990547e-01 -1.24153425e-01 2.85321115e+02 1.26939109e+00 7.29861037e-01 1.07024648e+00 1.07373946e+00 9.96746900e-01
6.51870914e-01 2.70577000e+05 5.42735975e+02 3.02989900e+02 -4.89977646e+00 3.51092444e+00 2.67392393e+02 2.63512010e+02 -2.45612922e+00 1.53689212e+00 2.81869563e+02 -3.69156605e+00 1.51252844e+00 1.06966496e+00 1.07229398e+00 9.97548225e-01
6.55008661e-01 2.72643000e+05 5.40368479e+02 3.00622403e+02 -1.18580502e+00 -2.62226146e-01 2.67281332e+02 2.63400948e+02 -8.68744042e-01 -1.15032509e+00 2.80758650e+02 -6.07916686e-01 -6.89765156e-01 1.06589840e+00 1.06832159e+00 9.97731783e-01
6.58150724e-01 2.76205000e+05 5.38150944e+02 2.98404868e+02 -6.92334492e-01 -2.07267863e+00 2.65291671e+02 2.61411287e+02 -1.80597112e+00 -2.20479841e+00 2.78501477e+02 -1.62182148e+00 -1.97802445e+00 1.06537664e+00 1.06841699e+00 9.97154339e-01
6.61293380e-01 2.78169000e+05 5.37325922e+02 2.97579847e+02 -4.94818071e-01 -4.85848615e+00 2.63773929e+02 2.59893545e+02 -3.87897096e-01 -3.21809689e+00 2.77747979e+02 -5.36646309e-01 -3.90695257e+00 1.06869903e+00 1.07004985e+00 9.98737606e-01
6.64432746e-01 2.80819000e+05 5.35557449e+02 2.95811373e+02 -1.74903499e-01 -8.80386737e-01 2.63871899e+02 2.59991515e+02 -1.36191710e-01 6.89564980e-01 2.76885340e+02 -8.32231796e-02 1.69265681e-01 1.06497837e+00 1.06666451e+00 9.98419240e-01
6.67572402e-01 2.83629000e+05 5.33214229e+02 2.93468154e+02 -8.93971775e-01 1.61825771e+00 2.60930820e+02 2.57050436e+02 -1.14103399e-01 8.10143604e-01 2.74520495e+02 -1.01363877e+00 -9.16326393e-02 1.06796354e+00 1.06849211e+00 9.99505319e-01
6.70720258e-01 2.87737000e+05 5.29677752e+02 2.89931676e+02 -3.61190438e+00 2.24457009e+00 2.60517464e+02 2.56637081e+02 -1.32820914e+00 5.78858319e-01 2.72422380e+02 -2.05567276e+00 1.77471932e+00 1.06150825e+00 1.06288953e+00 9.98700450e-01
6.73865434e-01 2.88229000e+05 5.28361909e+02 2.88615834e+02 -1.24380185e+00 1.75341825e+00 2.58289374e+02 2.54408990e+02 -1.22321504e+00 5.11956622e-01 2.70758008e+02 -1.22102070e+00 2.52762669e-01 1.06426274e+00 1.06510850e+00 9.99205939e-01
6.77000795e-01 2.91519000e+05 5.26277739e+02 2.86531663e+02 4.27919544e+00 6.18783762e+00 2.58106148e+02 2.54225765e+02 1.61905328e+00 1.30064731e+00 2.70032667e+02 2.38951694e+00 2.85037802e+00 1.06217663e+00 1.06163818e+00 1.00050719e+00
6.80141305e-01 2.94697000e+05 5.25591810e+02 2.85845735e+02 1.15866594e+00 2.47765089e+00 2.56693104e+02 2.52812720e+02 5.37495122e-01 1.49878867e+00 2.68729278e+02 1.20665372e+00 2.41602448e+00 1.06295790e+00 1.06332591e+00 9.99653903e-01
6.83282843e-01 2.96817000e+05 5.21253184e+02 2.81507109e+02 -3.24662611e+00 -2.55790735e+00 2.54589208e+02 2.50708824e+02 1.40534783e-02 4.22764154e-01 2.66062446e+02 -2.02760100e+00 -2.22018213e-01 1.06124085e+00 1.05964373e+00 1.00150722e+00
6.86425749e-01 3.00739000e+05 5.19987465e+02 2.80241390e+02 2.12754414e+00 5.20628672e+00 2.54365709e+02 2.50485326e+02 -3.83186686e-01 7.93943702e-01 2.65489135e+02 6.22127455e-01 2.21515392e+00 1.05989895e+00 1.05773042e+00 1.00205018e+00
6.89567686e-01 3.01921000e+05 5.18823083e+02 2.79077007e+02 -2.78270945e-02 4.50562610e+00 2.53161945e+02 2.49281561e+02 -9.12443899e-01 -2.88577585e-01 2.64253409e+02 -1.02373372e+00 1.42690603e+00 1.06005999e+00 1.05807621e+00 1.00187489e+00
6.92704784e-01 3.05457000e+05 5.17025014e+02 2.77278939e+02 1.94061910e+00 -2.49635810e+00 2.51808257e+02 2.47927873e+02 7.38371385e-03 -5.09881655e-02 2.62538210e+02 4.24136223e-01 -2.98002348e-01 1.05892979e+00 1.05753747e+00 1.00131657e+00
6.95849321e-01 3.08839000e+05 5.13183903e+02 2.73437827e+02 -2.11405931e-01 -1.54551841e+00 2.49673608e+02 2.45793224e+02 -8.38705614e-02 -1.99497897e+00 2.59850078e+02 -9.61421374e-02 -1.22687941e+00 1.05718975e+00 1.05473740e+00 1.00232509e+00
6.98992226e-01 3.10641000e+05 5.11552405e+02 2.71806330e+02 3.69306427e+00 2.55426999e+00 2.48935119e+02 2.45054735e+02 -1.64273798e+00 1.42843940e+00 2.58638578e+02 1.91616677e-01 2.53817005e+00 1.05543187e+00 1.05316940e+00 1.00214825e+00
7.02133942e-01 3.14485000e+05 5.09573682e+02 2.69827607e+02 2.14924877e+00 8.46783916e-01 2.47497676e+02 2.43617292e+02 -4.45030439e-02 1.75711323e-01 2.57140040e+02 5.82948398e-01 2.28715275e-01 1.05550816e+00 1.05242010e+00 1.00293425e+00
7.05277390e-01 3.16113000e+05 5.08537896e+02 2.68791821e+02 3.39102142e+00 -1.10548366e+00 2.46460543e+02 2.42580159e+02 1.52836403e+00 -1.34292899e+00 2.56520850e+02 2.71952974e+00 -1.14483915e-01 1.05746839e+00 1.05264125e+00 1.00458574e+00
7.08418917e-01 3.20275000e+05 5.06331039e+02 2.66584963e+02 -2.73179936e+00 -5.25912135e-01 2.45526892e+02 2.41646508e+02 -1.33889244e+00 7.27981186e-01 2.54874803e+02 -8.86284103e-01 1.20833174e+00 1.05474234e+00 1.05033434e+00 1.00419676e+00
7.11559089e-01 3.21109000e+05 5.03338388e+02 2.63592313e+02 1.55768823e+00 4.64913536e+00 2.44244718e+02 2.40364334e+02 3.53546311e-01 2.89299691e+00 2.52963140e+02 1.43033973e+00 3.88967478e+00 1.05241545e+00 1.04720416e+00 1.00497639e+00
7.14698901e-01 3.26121000e+05 5.03056286e+02 2.63310210e+02 -5.26284613e-01 7.13158563e-01 2.42959934e+02 2.39079550e+02 1.20721456e+00 -1.67049154e+00 2.51909331e+02 6.18412604e-01 -1.14157754e+00 1.05366323e+00 1.04945213e+00 1.00401266e+00
7.17843461e-01 3.27727000e+05 5.00497469e+02 2.60751393e+02 -8.51568253e-01 2.86018286e-01 2.42110227e+02 2.38229843e+02 -1.83993774e-01 -1.59194920e+00 2.50331398e+02 -4.44753041e-01 -1.42703694e+00 1.05079781e+00 1.04620125e+00 1.00439357e+00
7.20988561e-01 3.31821000e+05 4.99353198e+02 2.59607123e+02 2.80973040e-01 -5.25788379e-01 2.40875096e+02 2.36994712e+02 -1.09369174e+00 -3.43631335e+00 2.49555294e+02 -8.29361067e-01 -1.73471991e+00 1.05299942e+00 1.04661987e+00 1.00609539e+00
7.24126834e-01 3.32497000e+05 4.97156869e+02 2.57410794e+02 1.53007827e+00 3.96702590e+00 2.39903521e+02 2.36023137e+02 -5.87101158e-01 3.69153167e+00 2.47984027e+02 -9.18460552e-02 3.86225656e+00 1.05067677e+00 1.04432599e+00 1.00608122e+00
7.27266174e-01 3.37353000e+05 4.95651590e+02 2.55905514e+02 -9.56757423e-01 -1.79888523e+00 2.38824267e+02 2.34943883e+02 3.89599582e-01 1.54196538e-01 2.46837614e+02 1.29606264e-01 -5.90661304e-01 1.05062371e+00 1.04365691e+00 1.00667538e+00
7.30409660e-01 3.39559000e+05 4.95164669e+02 2.55418594e+02 2.24663585e+00 8.56594422e-01 2.37701313e+02 2.33820929e+02 3.07954437e-01 -8.69675231e-01 2.45896194e+02 1.87635081e+00 3.57697056e-01 1.05164322e+00 1.04516429e+00 1.00619895e+00
7.33555182e-01 3.43309000e+05 4.89418643e+02 2.49672568e+02 1.89855798e+00 1.82571393e+00 2.35710675e+02 2.31830291e+02 5.97567032e-02 6.00694652e-01 2.42760332e+02 9.21626907e-01 1.72034439e+00 1.04714673e+00 1.03776812e+00 1.00903729e+00
7.36696454e-01 3.44757000e+05 4.89167229e+02 2.49421154e+02 1.06456099e+00 -2.75318736e+00 2.35740417e+02 2.31860034e+02 -6.34617535e-01 -5.08476582e-01 2.42745904e+02 7.33952432e-01 -1.51338603e+00 1.04695018e+00 1.03717895e+00 1.00942097e+00
7.39834983e-01 3.48703000e+05 4.86798302e+02 2.47052226e+02 6.06470710e-01 5.21903645e+00 2.33724682e+02 2.29844298e+02 -6.63796563e-01 2.63024950e+00 2.40470854e+02 -1.56116081e-01 3.06334314e+00 1.04623372e+00 1.03675830e+00 1.00913947e+00
7.42978072e-01 3.51261000e+05 4.86725772e+02 2.46979697e+02 -1.31544550e+00 -2.64463637e+00 2.33123718e+02 2.29243334e+02 -2.06186942e+00 2.38343169e-01 2.40144666e+02 -1.41604580e+00 -5.19549668e-01 1.04755354e+00 1.03796395e+00 1.00923885e+00
7.46116805e-01 3.54061000e+05 4.84296824e+02 2.44550749e+02 4.81923964e-01 3.05363732e+00 2.32233998e+02 2.28353614e+02 -1.66452289e+00 1.81625766e+00 2.38962918e+02 -9.06346285e-01 1.71851259e+00 1.04645998e+00 1.03485751e+00 1.01121166e+00
7.49251235e-01 3.56115000e+05 4.83724428e+02 2.43978353e+02 2.59120666e+00 4.30532142e+00 2.31445022e+02 2.27564638e+02 4.00353739e-01 8.45485058e-01 2.38177238e+02 8.77953664e-01 1.97760001e+00 1.04663554e+00 1.03543600e+00 1.01081626e+00
7.52392876e-01 3.61669000e+05 4.80011483e+02 2.40265408e+02 -1.51597763e+00 -1.09051909e+00 2.30152690e+02 2.26272306e+02 -3.83830925e-01 -1.19480879e+00 2.36041083e+02 -7.97789402e-01 -1.37010018e-01 1.04317266e+00 1.03045712e+00 1.01233971e+00
7.55537996e-01 3.62893000e+05 4.80259704e+02 2.40513628e+02 5.30826847e-01 5.20547705e-01 2.29281044e+02 2.25400661e+02 -1.05888203e+00 -1.50673380e+00 2.35480617e+02 -3.56859993e-01 -3.83434553e-01 1.04472017e+00 1.03298081e+00 1.01136455e+00
7.58680817e-01 3.67101000e+05 4.77105862e+02 2.37359787e+02 5.61424872e-01 5.63267434e+00 2.28468566e+02 2.24588183e+02 -5.04273454e-01 2.86302598e-01 2.33895910e+02 -3.12035589e-01 2.00139213e+00 1.04144353e+00 1.02804026e+00 1.01303770e+00
7.61824285e-01 3.69439000e+05 4.75950436e+02 2.36204361e+02 -7.49870719e-01 8.25404372e-02 2.26927522e+02 2.23047138e+02 -7.52493212e-01 -8.29201807e-01 2.32351702e+02 -9.05696340e-01 -8.08753947e-01 1.04171568e+00 1.02907168e+00 1.01228680e+00
7.64969018e-01 3.73257000e+05 4.73488476e+02 2.33742401e+02 7.84029864e-01 -2.68909026e-01 2.25544752e+02 2.21664368e+02 8.67233645e-02 1.14739623e+00 2.30602792e+02 3.94501867e-01 1.31719893e+00 1.04032413e+00 1.02688263e+00 1.01308962e+00
7.68115088e-01 3.75949000e+05 4.72610071e+02 2.32863996e+02 -3.25714307e+00 4.76168462e-01 2.24863215e+02 2.20982832e+02 -1.11237731e+00 -4.99214457e-01 2.29811772e+02 -2.17844303e+00 -3.30303442e-01 1.03995306e+00 1.02653061e+00 1.01307554e+00
7.71255359e-01 3.78043000e+05 4.71655033e+02 2.31908958e+02 -3.56265686e-01 3.94562960e+00 2.24092010e+02 2.20211626e+02 6.32395756e-01 8.63448401e-01 2.28924634e+02 4.56830627e-01 1.95790758e+00 1.03956652e+00 1.02621566e+00 1.01300980e+00
7.74391982e-01 3.81117000e+05 4.69286324e+02 2.29540249e+02 1.48193575e+00 6.18856234e-01 2.22919155e+02 2.19038772e+02 3.57492906e-01 -9.21445757e-01 2.27322373e+02 6.67361698e-01 9.65921784e-02 1.03781797e+00 1.02369110e+00 1.01379994e+00
7.77536535e-01 3.86449000e+05 4.67975800e+02 2.28229725e+02 -3.43484581e+00 5.96942625e+00 2.21868629e+02 2.17988245e+02 -1.04018130e+00 1.88264924e+00 2.26341988e+02 -2.05761224e+00 3.45812295e+00 1.03832199e+00 1.02322129e+00 1.01475800e+00
7.80678662e-01 3.86397000e+05 4.66703534e+02 2.26957458e+02 2.29117763e+00 1.75009852e+00 2.20894020e+02 2.17013636e+02 5.33507133e-01 -3.22743630e-01 2.25276461e+02 1.40128344e+00 -7.74984329e-01 1.03807514e+00 1.02265399e+00 1.01507954e+00
7.83814561e-01 3.91315000e+05 4.64824056e+02 2.25077980e+02 -3.91233789e-01 -2.99878843e+00 2.20049734e+02 2.16169351e+02 -2.88074626e-01 -8.15188019e-01 2.23906565e+02 -4.88755554e-01 -4.98070395e-01 1.03579238e+00 1.02039764e+00 1.01508700e+00
7.86956849e-01 3.94305000e+05 4.63720753e+02 2.23974677e+02 1.17789614e+00 6.07015439e+00 2.19374111e+02 2.15493727e+02 2.06411437e-01 1.66230002e+00 2.23098493e+02 6.30498778e-01 2.71777178e+00 1.03528996e+00 1.01948806e+00 1.01549984e+00
7.90101773e-01 3.98077000e+05 4.62685867e+02 2.22939792e+02 5.68232107e-01 -2.60657424e+00 2.18815755e+02 2.14935371e+02 7.59174271e-01 -1.71447508e+00 2.22705031e+02 6.87337511e-01 -1.80166176e+00 1.03614882e+00 1.01845032e+00 1.01737787e+00
7.93242697e-01 3.99919000e+05 4.61238832e+02 2.21492757e+02 1.09857133e+00 -5.27812622e+00 2.17579299e+02 2.13698915e+02 8.37898543e-01 -2.14721876e+00 2.21248003e+02 1.00265279e+00 -3.38678015e+00 1.03532581e+00 1.01807226e+00 1.01694728e+00
7.96380007e-01 4.03113000e+05 4.60210002e+02 2.20463926e+02 -4.97067606e-01 1.40584754e+00 2.16372228e+02 2.12491844e+02 2.21086797e-01 5.13868105e-01 2.20359715e+02 3.50688866e-01 8.84762540e-01 1.03702669e+00 1.01858584e+00 1.01810437e+00
7.99523218e-01 4.08229000e+05 4.58771883e+02 2.19025808e+02 1.15642167e+00 -9.48991595e-01 2.16004313e+02 2.12123930e+02 -5.44645422e-01 3.60177903e-01 2.19437392e+02 -3.84528502e-01 4.92106245e-02 1.03447731e+00 1.01613828e+00 1.01804777e+00
8.02671068e-01 4.10313000e+05 4.57156676e+02 2.17410600e+02 2.26379765e-01 3.02172897e+00 2.15378306e+02 2.11497922e+02 -3.42852668e-01 9.24469823e-01 2.18645185e+02 -1.80744678e-01 9.99098038e-01 1.03379354e+00 1.01388175e+00 1.01963916e+00
8.05809930e-01 4.12687000e+05 4.54971134e+02 2.15225058e+02 3.10112062e-01 2.40170642e+00 2.14344349e+02 2.10463965e+02 -4.35630656e-01 -1.07907038e+00 2.17173123e+02 3.17610501e-01 1.15886527e-01 1.03187794e+00 1.01124769e+00 1.02040079e+00
8.08948799e-01 4.16589000e+05 4.53403120e+02 2.13657045e+02 1.37617689e+00 1.89945995e+00 2.13840317e+02 2.09959933e+02 1.51354627e+00 1.77646854e-01 2.16359394e+02 8.33755297e-01 1.12748749e+00 1.03047944e+00 1.00876591e+00 1.02152485e+00
8.12091618e-01 4.19941000e+05 4.53147291e+02 2.13401216e+02 5.09466703e-01 8.29544767e-01 2.12180778e+02 2.08300395e+02 -6.59275518e-01 -2.24235779e-01 2.15042086e+02 -7.55072443e-01 1.43900529e-01 1.03236524e+00 1.01216985e+00 1.01995256e+00
8.15232299e-01 4.22995000e+05 4.53679126e+02 2.13933051e+02 6.36163706e-01 1.80488786e+00 2.11493571e+02 2.07613187e+02 5.81113368e-01 3.93706591e-01 2.14663232e+02 5.39054068e-01 2.68829692e-01 1.03395760e+00 1.01510619e+00 1.01857088e+00
8.18374493e-01 4.26441000e+05 4.51251575e+02 2.11505499e+02 -4.45318994e-01 2.22364475e+00 2.11641059e+02 2.07760676e+02 -1.70653538e+00 -4.38432959e-01 2.14203050e+02 -1.22555987e+00 4.11918260e-01 1.03100863e+00 1.00897210e+00 1.02184057e+00
8.21515462e-01 4.29673000e+05 4.48711328e+02 2.08965253e+02 -2.91181136e-01 -2.36195122e+00 2.09664047e+02 2.05783663e+02 -9.83886219e-01 6.44262126e-01 2.12084727e+02 -4.30001133e-01 -2.73852079e-01 1.03061985e+00 1.00770077e+00 1.02274393e+00
8.24654588e-01 4.31967000e+05 4.47433336e+02 2.07687260e+02 1.04027258e+00 4.94692619e+00 2.09133850e+02 2.05253466e+02 8.43597204e-02 1.11702708e+00 2.11396466e+02 4.47745884e-01 2.05940986e+00 1.02992885e+00 1.00591128e+00 1.02387643e+00
8.27796817e-01 4.37509000e+05 4.45876284e+02 2.06130208e+02 -5.90187683e-01 -1.51799391e+00 2.08888624e+02 2.05008240e+02 -5.40995979e-01 3.15123618e-01 2.10809374e+02 -9.39461412e-01 3.96689448e-01 1.02829707e+00 1.00273266e+00 1.02549474e+00
8.30939786e-01 4.38705000e+05 4.44956338e+02 2.05210263e+02 7.99632818e-01 5.20226937e+00 2.07529669e+02 2.03649285e+02 -5.86732004e-01 2.58799320e+00 2.09550630e+02 -2.81103607e-01 3.02960548e+00 1.02897798e+00 1.00382520e+00 1.02505693e+00
8.34084681e-01 4.44553000e+05 4.44246586e+02 2.04500511e+02 -5.19029882e-01 -2.71739565e-01 2.06444478e+02 2.02564094e+02 -8.92506380e-01 -8.78683251e-01 2.08534358e+02 -8.65063807e-01 -6.66041877e-01 1.02947345e+00 1.00476839e+00 1.02458782e+00
8.37225076e-01 4.44391000e+05 4.42709478e+02 2.02963402e+02 -8.39555447e-01 -2.39995838e-01 2.05758027e+02 2.01877644e+02 -1.00678171e+00 -7.39153163e-02 2.07913574e+02 -1.02681594e+00 -4.67946699e-01 1.02989896e+00 1.00268554e+00 1.02714052e+00
8.40361359e-01 4.49733000e+05 4.40732565e+02 2.00986490e+02 -4.85349752e-01 -2.55538291e-01 2.04784697e+02 2.00904313e+02 -2.84756701e-01 -1.06066585e+00 2.06154439e+02 -9.13608879e-01 -3.71483458e-01 1.02613247e+00 1.00020450e+00 1.02592267e+00
8.43506946e-01 4.54129000e+05 4.38940399e+02 1.99194324e+02 -6.32293136e-01 2.85197102e+00 2.03994292e+02 2.00113909e+02 -8.21136626e-01 -2.87474922e-01 2.05182134e+02 -6.07140012e-01 3.67125743e-01 1.02532670e+00 9.97699700e-01 1.02769070e+00
8.46654492e-01 4.56903000e+05 4.39411570e+02 1.99665495e+02 2.49115442e+00 -1.68888257e+00 2.03341575e+02 1.99461191e+02 7.99169963e-01 4.51669426e-01 2.04833937e+02 9.86807877e-01 -4.16212770e-01 1.02693630e+00 1.00051201e+00 1.02641077e+00
8.49791074e-01 4.57537000e+05 4.37430957e+02 1.97684882e+02 4.79571662e-01 3.01668218e+00 2.03087623e+02 1.99207239e+02 -7.52904347e-01 1.26912253e+00 2.03968274e+02 -2.20195002e-01 2.18459397e+00 1.02389991e+00 9.96171632e-01 1.02783484e+00
8.52931874e-01 4.65217000e+05 4.36997118e+02 1.97251042e+02 -1.36010771e+00 1.38178027e+00 2.02173786e+02 1.98293402e+02 -8.98589148e-01 -3.59088401e-01 2.03527465e+02 -8.77753847e-01 8.43434318e-02 1.02639555e+00 9.97368211e-01 1.02910393e+00
8.56077217e-01 4.65525000e+05 4.35857092e+02 1.96111016e+02 -1.31934566e+00 2.15270778e+00 2.01340047e+02 1.97459664e+02 -1.24635784e+00 1.15973743e+00 2.02368522e+02 -1.21677312e+00 1.79323498e+00 1.02486006e+00 9.96579154e-01 1.02837798e+00
8.59219191e-01 4.71235000e+05 4.34062659e+02 1.94316584e+02 -1.18055725e+00 -2.81954312e+00 2.00319971e+02 1.96439588e+02 -9.66721132e-01 -1.20053402e+00 2.01186847e+02 -1.30650145e+00 -1.00075996e+00 1.02416651e+00 9.94581614e-01 1.02974607e+00
8.62360632e-01 4.72125000e+05 4.32599263e+02 1.92853187e+02 1.24031172e-02 3.14119294e+00 1.99692006e+02 1.95811622e+02 5.22874490e-01 -9.94902568e-02 2.00329463e+02 1.04850046e-01 8.02171646e-01 1.02307239e+00 9.92416961e-01 1.03088966e+00
8.65498721e-01 4.76941000e+05 4.32186191e+02 1.92440116e+02 3.75644506e-02 1.90370980e+00 1.99291515e+02 1.95411131e+02 -3.33758907e-01 -2.75069802e-01 1.99972715e+02 -3.32818442e-01 6.37419962e-01 1.02334352e+00 9.92368924e-01 1.03121279e+00
8.68643537e-01 4.81563000e+05 4.31231205e+02 1.91485130e+02 -2.35842199e+00 1.36074705e+00 1.98214257e+02 1.94333874e+02 -7.14066392e-01 4.49140764e-01 1.99080656e+02 -1.56747272e+00 1.11793498e+00 1.02442592e+00 9.92643431e-01 1.03201803e+00
8.71783996e-01 4.82041000e+05 4.28706950e+02 1.88960875e+02 1.65207264e-01 6.35389542e-01 1.96870737e+02 1.92990353e+02 5.30555611e-01 1.18408644e+00 1.97025287e+02 6.87816176e-01 4.88856581e-01 1.02090744e+00 9.89505348e-01 1.03173514e+00
8.74920340e-01 4.87669000e+05 4.27717913e+02 1.87971838e+02 -1.86326869e+00 8.39215452e-01 1.96869478e+02 1.92989094e+02 -9.61071647e-01 1.03422219e-01 1.96897312e+02 -1.08524330e+00 1.59590275e-01 1.02025098e+00 9.86915591e-01 1.03377735e+00
8.78064275e-01 4.91199000e+05 4.27114907e+02 1.87368832e+02 1.36694631e+00 2.07456944e+00 1.96589851e+02 1.92709468e+02 -5.51994558e-01 1.02324574e+00 1.96437809e+02 -5.19039484e-02 1.51446838e+00 1.01934695e+00 9.86045939e-01 1.03377228e+00
8.81206768e-01 4.94089000e+05 4.27043977e+02 1.87297902e+02 -8.20116366e-01 6.10967108e-01 1.95979920e+02 1.92099536e+02 -1.00403510e+00 -4.46628459e-01 1.95988478e+02 -8.34515684e-01 -7.02199449e-01 1.02024441e+00 9.87423135e-01 1.03323932e+00
8.84348094e-01 4.98309000e+05 4.26179986e+02 1.86433911e+02 2.60849339e+00 1.01322915e+00 1.94794282e+02 1.90913898e+02 2.59405620e-01 9.45176271e-02 1.95138860e+02 6.91816762e-01 -1.58850784e-01 1.02213019e+00 9.88197345e-01 1.03433813e+00
8.87489680e-01 5.00737000e+05 4.23834169e+02 1.84088093e+02 9.10645356e-01 -2.76027090e+00 1.93961215e+02 1.90080831e+02 -5.36499222e-01 -1.00518165e-01 1.93920626e+02 2.33129717e-03 -5.12211311e-01 1.02020085e+00 9.84110099e-01 1.03667349e+00
8.90632778e-01 5.06367000e+05 4.22720619e+02 1.82974543e+02 2.72443192e+00 2.40527439e+00 1.93196552e+02 1.89316168e+02 3.51995061e-01 5.16813922e-01 1.92842983e+02 6.22183948e-01 1.48861922e+00 1.01862923e+00 9.83108572e-01 1.03613096e+00
8.93774714e-01 5.07061000e+05 4.22049196e+02 1.82303121e+02 -1.72615794e+00 1.36745553e+00 1.92663283e+02 1.88782899e+02 -5.27747607e-01 1.05508637e-01 1.92134239e+02 -1.57026022e+00 1.54632018e-01 1.01775235e+00 9.82688166e-01 1.03568190e+00
8.96917060e-01 5.14057000e+05 4.21785686e+02 1.82039610e+02 1.86721595e-01 1.24654689e+00 1.92243986e+02 1.88363603e+02 -3.87521697e-02 1.43434604e+00 1.92067351e+02 -1.33802657e-01 1.27519661e+00 1.01966276e+00 9.83070025e-01 1.03722291e+00
9.00057526e-01 5.13543000e+05 4.18870836e+02 1.79124760e+02 9.22610602e-01 4.93900464e-01 1.90858314e+02 1.86977931e+02 -4.45042251e-01 -1.47970310e-01 1.89937872e+02 -4.04841287e-02 -4.94394530e-01 1.01583043e+00 9.78774479e-01 1.03785954e+00
9.03196952e-01 5.20501000e+05 4.18459153e+02 1.78713078e+02 -9.07306388e-01 -2.27637053e+00 1.90613624e+02 1.86733240e+02 -2.74676579e-01 -1.03833001e+00 1.89907669e+02 -4.71864664e-01 -8.75750866e-01 1.01699980e+00 9.78289406e-01 1.03956948e+00
9.06337045e-01 5.21529000e+05 4.18041580e+02 1.78295504e+02 -1.71435869e-01 -1.36990630e+00 1.90015408e+02 1.86135024e+02 -6.89299506e-01 -5.44613544e-01 1.89514765e+02 -3.62157098e-01 -5.25618397e-01 1.01815747e+00 9.78714779e-01 1.04030049e+00
9.09478460e-01 5.27689000e+05 4.17362544e+02 1.77616468e+02 -1.93076722e+00 5.44939351e-01 1.89179628e+02 1.85299244e+02 -3.00985306e-01 8.97577220e-01 1.88593390e+02 -1.03894283e+00 5.37280347e-01 1.01777743e+00 9.79049818e-01 1.03955633e+00
9.12622082e-01 5.30071000e+05 4.16161393e+02 1.76415318e+02 2.08151249e+00 -3.74193665e-01 1.88560171e+02 1.84679788e+02 1.16974323e+00 -6.26363445e-02 1.87761503e+02 1.74778295e+00 -4.30924917e-01 1.01668680e+00 9.77368781e-01 1.04022844e+00
9.15763628e-01 5.33913000e+05 4.13900555e+02 1.74154480e+02 6.64778136e-01 -8.30948255e-01 1.87611433e+02 1.83731050e+02 3.93577329e-01 1.25148734e+00 1.86621280e+02 3.09797528e-01 7.26665800e-01 1.01573077e+00 9.73589871e-01 1.04328403e+00
9.18905647e-01 5.37517000e+05 4.13828880e+02 1.74082805e+02 1.07695752e+00 4.88515336e+00 1.87549766e+02 1.83669383e+02 -4.80718469e-01 3.04698602e-01 1.86394441e+02 -3.16697400e-03 1.85779562e+00 1.01483676e+00 9.73552900e-01 1.04240536e+00
9.22050359e-01 5.42511000e+05 4.13380973e+02 1.73634898e+02 -3.24807008e-01 1.69033410e+00 1.87075402e+02 1.83195018e+02 -9.33255668e-01 1.93217938e+00 1.85989365e+02 -9.97649793e-01 1.29263890e+00 1.01525340e+00 9.73557660e-01 1.04282822e+00
9.25192408e-01 5.43889000e+05 4.12844845e+02 1.73098769e+02 -2.08521966e+00 3.48861317e-01 1.86603116e+02 1.82722732e+02 -4.54006001e-01 3.35471562e-01 1.85489246e+02 -1.14143621e+00 1.24507816e-01 1.01514050e+00 9.73308912e-01 1.04297874e+00
9.28333030e-01 5.49261000e+05 4.10094320e+02 1.70348245e+02 1.62875033e+00 -3.06393536e-03 1.84842523e+02 1.80962140e+02 1.57506885e-01 -1.40852623e+00 1.83217888e+02 1.00251117e+00 -1.31816277e+00 1.01246531e+00 9.70230606e-01 1.04353058e+00
9.31473864e-01 5.51341000e+05 4.10356279e+02 1.70610204e+02 -1.00246438e+00 2.68265641e+00 1.85001749e+02 1.81121366e+02 3.57609385e-01 2.19992889e-01 1.83624100e+02 -3.16547193e-01 7.63026155e-01 1.01381800e+00 9.70549430e-01 1.04458152e+00
9.34614662e-01 5.56963000e+05 4.08653159e+02 1.68907084e+02 6.55778769e-01 3.67963099e-01 1.84453034e+02 1.80572650e+02 -1.08200771e+00 -1.00405491e+00 1.82716840e+02 -8.87548295e-01 -5.72462095e-01 1.01187439e+00 9.67159152e-01 1.04623359e+00
9.37758808e-01 5.60037000e+05 4.09201400e+02 1.69455324e+02 2.34976320e+00 7.68154320e-01 1.83640072e+02 1.79759688e+02 9.51331398e-01 -4.04655268e-01 1.82478364e+02 1.27370433e+00 -4.41347574e-01 1.01512395e+00 9.70915550e-01 1.04553269e+00
9.40900385e-01 5.63137000e+05 4.07354138e+02 1.67608062e+02 1.20694303e+00 -4.83301433e-03 1.83012625e+02 1.79132241e+02 5.49951584e-01 1.95043274e-01 1.81241332e+02 9.14272778e-01 6.09832472e-01 1.01177393e+00 9.67298630e-01 1.04597887e+00
9.44039432e-01 5.66907000e+05 4.05973719e+02 1.66227643e+02 2.23879968e+00 4.06937507e+00 1.82686795e+02 1.78806411e+02 1.95140316e-01 2.31516907e+00 1.80605507e+02 6.50025672e-01 3.10948387e+00 1.01006170e+00 9.64184357e-01 1.04758150e+00
9.47176988e-01 5.70181000e+05 4.05897305e+02 1.66151230e+02 -1.27786087e-01 1.62873177e+00 1.82063830e+02 1.78183446e+02 -9.00672272e-01 -1.69857309e-01 1.80133753e+02 -6.76955815e-01 3.71658312e-01 1.01094550e+00 9.65646349e-01 1.04691071e+00
9.50321358e-01 5.77005000e+05 4.04360057e+02 1.64613982e+02 -3.54363949e-01 1.57818734e+00 1.80977879e+02 1.77097495e+02 -7.26086418e-01 4.71841855e-01 1.79328659e+02 -7.64997688e-01 1.00843498e+00 1.01259851e+00 9.64111251e-01 1.05029218e+00
9.53466747e-01 5.78011000e+05 4.04578902e+02 1.64832827e+02 1.09851971e+00 4.43814192e+00 1.80789417e+02 1.76909033e+02 -1.85771670e-01 1.12267056e+00 1.79218699e+02 1.21634261e-01 1.36753032e+00 1.01305567e+00 9.65265643e-01 1.04950971e+00
9.56603784e-01 5.81473000e+05 4.03140347e+02 1.63394272e+02 9.98049565e-01 4.17329977e+00 1.79787733e+02 1.75907349e+02 3.12001207e-01 8.06549492e-02 1.77698849e+02 6.32291345e-01 8.54287137e-01 1.01018434e+00 9.63776696e-01 1.04815186e+00
9.59745442e-01 5.87781000e+05 4.01596796e+02 1.61850720e+02 2.43659847e+00 -2.31035665e+00 1.79188172e+02 1.75307788e+02 -3.46641848e-01 1.02068877e+00 1.77213031e+02 3.42196962e-01 -7.18769015e-01 1.01086798e+00 9.60852474e-01 1.05205327e+00
9.62888428e-01 5.89177000e+05 4.00847474e+02 1.61101399e+02 8.87620955e-01 1.46109990e-01 1.78391488e+02 1.74511104e+02 -2.79812835e-01 9.18662488e-01 1.76438713e+02 -2.03988599e-02 1.12813271e+00 1.01104577e+00 9.60811346e-01 1.05228334e+00
9.66032226e-01 5.96139000e+05 4.00147410e+02 1.60401334e+02 4.36270297e-01 -1.80174516e+00 1.77786233e+02 1.73905849e+02 -6.33585923e-01 -4.45374192e-01 1.75608140e+02 -7.47333891e-02 -9.71897068e-01 1.00978858e+00 9.60388374e-01 1.05143774e+00
9.69171305e-01 5.94913000e+05 3.99116954e+02 1.59370879e+02 -1.79873433e+00 3.31759544e+00 1.77465257e+02 1.73584874e+02 6.69415866e-03 1.62440508e+00 1.75121226e+02 -2.88622265e-01 1.85689208e+00 1.00885072e+00 9.58183185e-01 1.05287876e+00
9.72309171e-01 6.03393000e+05 3.98408160e+02 1.58662085e+02 -1.64421149e-02 6.34129710e-01 1.76936643e+02 1.73056259e+02 -3.17759155e-01 2.95775092e-01 1.74792301e+02 -1.76626557e-01 5.34364819e-01 1.01003166e+00 9.57509129e-01 1.05485330e+00
9.75453130e-01 6.05371000e+05 3.98154075e+02 1.58408000e+02 -7.03260758e-01 9.75744860e-01 1.75983745e+02 1.72103361e+02 -4.51888349e-01 7.51974578e-01 1.73665098e+02 -6.27028439e-01 4.78205885e-01 1.00907441e+00 9.59387109e-01 1.05179067e+00
9.78597278e-01 6.10741000e+05 3.96448916e+02 1.56702841e+02 1.30450022e+00 6.54399846e-01 1.75781119e+02 1.71900735e+02 7.15598441e-01 -4.75075314e-01 1.73308125e+02 8.94188087e-01 -9.13135917e-02 1.00818722e+00 9.54771765e-01 1.05594579e+00
9.81739807e-01 6.13113000e+05 3.96615570e+02 1.56869494e+02 -3.91767172e-01 5.14479509e+00 1.75642891e+02 1.71762507e+02 -7.83306771e-01 7.86737452e-01 1.73064117e+02 -6.46379365e-01 1.48497222e+00 1.00757796e+00 9.55663640e-01 1.05432280e+00
9.84880181e-01 6.17281000e+05 3.95137264e+02 1.55391188e+02 -4.11082991e-01 1.93953744e+00 1.75197653e+02 1.71317270e+02 -1.76848441e-01 6.29253813e-01 1.72390020e+02 2.13129988e-01 2.43977301e-01 1.00626178e+00 9.52385165e-01 1.05657019e+00
9.88024184e-01 6.22779000e+05 3.94054648e+02 1.54308572e+02 -9.13003880e-01 -7.27913276e-01 1.74184233e+02 1.70303850e+02 -1.62979128e-01 1.57031900e-01 1.71330316e+02 -2.45222676e-01 -7.75835078e-01 1.00602726e+00 9.51881298e-01 1.05688311e+00
9.91168995e-01 6.25357000e+05 3.93457636e+02 1.53711561e+02 1.81524776e-01 3.29140451e+00 1.73623773e+02 1.69743389e+02 8.57839150e-02 1.65077545e+00 1.70732443e+02 -1.24970772e-01 1.45962369e+00 1.00582676e+00 9.51605254e-01 1.05697899e+00
9.94308745e-01 6.28669000e+05 3.92309757e+02 1.52563681e+02 1.89347776e-01 1.09523553e-01 1.72971746e+02 1.69091362e+02 2.41152500e-01 8.18136268e-01 1.70324842e+02 4.02054923e-01 6.80993232e-02 1.00729475e+00 9.49871525e-01 1.06045368e+00
9.97448160e-01 6.33435000e+05 3.92298626e+02 1.52552550e+02 1.95080877e+00 1.36093821e+00 1.72891473e+02 1.69011089e+02 -2.70670695e-01 1.09494771e+00 1.69808398e+02 7.21982729e-01 7.04054683e-01 1.00471750e+00 9.50062412e-01 1.05752789e+00
1.00058980e+00 6.37009000e+05 3.91385609e+02 1.51639533e+02 -3.90344251e-01 2.88631856e+00 1.72260954e+02 1.68380570e+02 -1.62634408e-01 2.95234225e-01 1.69245928e+02 -4.67287009e-01 1.11335945e+00 1.00513930e+00 9.48986932e-01 1.05917086e+00
1.00372988e+00 6.41409000e+05 3.90941286e+02 1.51195210e+02 -4.93249470e-01 3.90019310e+00 1.71571092e+02 1.67690708e+02 -6.41550070e-01 6.54809981e-01 1.68759248e+02 -7.73304526e-01 1.39814340e+00 1.00637209e+00 9.49542740e-01 1.05984917e+00
1.00686870e+00 6.44131000e+05 3.89814094e+02 1.50068019e+02 1.91288736e+00 2.80593331e+00 1.70938369e+02 1.67057985e+02 2.69191431e-01 -6.64243297e-01 1.68159482e+02 6.30159092e-01 -3.07792817e-01 1.00659350e+00 9.47786361e-01 1.06204683e+00
1.01000862e+00 6.49965000e+05 3.88761926e+02 1.49015851e+02 6.72149815e-01 2.12976856e+00 1.70334423e+02 1.66454040e+02 -3.34843898e-01 4.16954737e-01 1.67304351e+02 -6.68328933e-02 8.11188559e-01 1.00510839e+00 9.46169761e-01 1.06229181e+00
1.01315513e+00 6.54925000e+05 3.87559683e+02 1.47813608e+02 -1.95934087e+00 2.22118040e+00 1.69880689e+02 1.66000305e+02 -1.10279026e+00 9.81434470e-01 1.66456660e+02 -1.85443564e+00 1.20214677e+00 1.00274912e+00 9.43632229e-01 1.06264823e+00
1.01630027e+00 6.57601000e+05 3.87369630e+02 1.47623555e+02 2.44872509e+00 7.59787900e-01 1.69074640e+02 1.65194256e+02 -5.33204948e-01 9.22419552e-01 1.66037310e+02 1.82129999e-01 4.27296171e-01 1.00510341e+00 9.45323290e-01 1.06323775e+00
1.01943693e+00 6.59643000e+05 3.86728285e+02 1.46982209e+02 1.78594394e-01 3.53431121e+00 1.69059930e+02 1.65179546e+02 -3.86028403e-01 1.05302936e+00 1.65791953e+02 -3.16050033e-01 1.68845218e+00 1.00370752e+00 9.43309594e-01 1.06402769e+00
1.02257704e+00 6.66865000e+05 3.86391973e+02 1.46645898e+02 1.36449390e+00 2.58329852e+00 1.68455725e+02 1.64575341e+02 -1.66753743e-01 1.04600168e+00 1.65284541e+02 3.32157367e-01 1.37584429e+00 1.00430927e+00 9.43957796e-01 1.06393450e+00
1.02572235e+00 6.70137000e+05 3.84568604e+02 1.44822529e+02 7.91548054e-01 3.59087572e+00 1.67761605e+02 1.63881221e+02 -6.00788288e-01 6.44970289e-01 1.64194499e+02 -2.18723138e-01 1.09164051e+00 1.00191162e+00 9.40055443e-01 1.06580056e+00
1.02886522e+00 6.74263000e+05 3.84335197e+02 1.44589122e+02 2.05474169e+00 3.11767690e+00 1.67441533e+02 1.63561149e+02 3.25271350e-01 1.54104795e+00 1.64230612e+02 7.45217383e-01 1.45829434e+00 1.00409304e+00 9.40216206e-01 1.06793845e+00
1.03200697e+00 6.77697000e+05 3.84062757e+02 1.44316681e+02 5.94401147e-01 6.35555837e+00 1.66941145e+02 1.63060761e+02 -1.01851213e+00 9.95331037e-01 1.63687942e+02 -5.58361504e-01 2.17331754e+00 1.00384630e+00 9.40770159e-01 1.06704734e+00
1.03514995e+00 6.83137000e+05 3.82822708e+02 1.43076633e+02 4.99787715e-01 1.31961879e+00 1.66445635e+02 1.62565252e+02 4.03142491e-01 6.28524400e-02 1.62922462e+02 3.78551913e-01 4.28710741e-01 1.00219733e+00 9.38146138e-01 1.06827422e+00
1.03829486e+00 6.86581000e+05 3.82411252e+02 1.42665177e+02 2.50670260e-01 1.96524753e+00 1.65581050e+02 1.61700666e+02 -7.89808906e-01 1.08488545e-02 1.62110656e+02 -5.50584087e-01 3.43263040e-01 1.00253549e+00 9.39297325e-01 1.06732497e+00
1.04143274e+00 6.88695000e+05 3.82100022e+02 1.42353947e+02 2.53943546e-01 2.94138118e+00 1.65482691e+02 1.61602307e+02 -6.08867910e-01 -1.43214385e-01 1.61975097e+02 -3.59316993e-03 3.62491311e-01 1.00230684e+00 9.38557702e-01 1.06792245e+00
1.04456725e+00 6.93433000e+05 3.80528879e+02 1.40782803e+02 -2.10555678e-01 1.86170182e+00 1.65124803e+02 1.61244419e+02 -2.63020117e-01 6.88708319e-01 1.61505545e+02 -3.33901891e-01 3.17064433e-01 1.00161944e+00 9.34399201e-01 1.07193953e+00
1.04771211e+00 7.01157000e+05 3.79826066e+02 1.40079990e+02 7.87389283e-01 2.64302520e-01 1.64144991e+02 1.60264607e+02 -1.02920644e-01 4.60436244e-01 1.60600890e+02 3.92006036e-02 -5.27162556e-01 1.00209830e+00 9.34908782e-01 1.07186746e+00
1.05085356e+00 7.00783000e+05 3.79740207e+02 1.39994132e+02 -2.33190634e-01 5.11283135e+00 1.63907763e+02 1.60027379e+02 -4.16542093e-01 2.04167942e-03 1.60262269e+02 -4.01547111e-01 1.10323821e+00 1.00146781e+00 9.35314720e-01 1.07072816e+00
1.05399324e+00 7.08453000e+05 3.78604976e+02 1.38858900e+02 1.03047006e+00 3.10889711e+00 1.63185679e+02 1.59305295e+02 7.70119312e-01 1.52629857e+00 1.59541431e+02 1.17664592e+00 1.29083684e+00 1.00148229e+00 9.33623457e-01 1.07268329e+00
1.05713590e+00 7.11037000e+05 3.77918030e+02 1.38171955e+02 1.39044158e+00 4.37812948e-01 1.62748729e+02 1.58868345e+02 4.32284511e-02 -6.29100201e-02 1.59022420e+02 5.90124158e-01 -6.88446226e-01 1.00096982e+00 9.32591097e-01 1.07332123e+00
1.06027636e+00 7.15333000e+05 3.77786872e+02 1.38040797e+02 -1.73841159e+00 2.96306725e+00 1.62243092e+02 1.58362708e+02 -4.38219844e-01 5.72309432e-01 1.58815120e+02 -8.77311792e-01 4.31103247e-01 1.00285681e+00 9.33635311e-01 1.07414190e+00
1.06341847e+00 7.20351000e+05 3.77050469e+02 1.37304393e+02 5.32406378e-01 1.24907188e+00 1.62285780e+02 1.58405396e+02 -4.41428169e-03 8.85988885e-01 1.58543138e+02 2.89953507e-01 -7.24195388e-02 1.00086956e+00 9.31016186e-01 1.07502917e+00
1.06656102e+00 7.24525000e+05 3.76203256e+02 1.36457181e+02 2.39601261e+00 2.17858710e+00 1.61560120e+02 1.57679736e+02 4.31308650e-01 1.27672167e+00 1.57793031e+02 9.13226142e-01 7.47873926e-01 1.00071851e+00 9.30272654e-01 1.07572604e+00
1.06970586e+00 7.29321000e+05 3.75624584e+02 1.35878509e+02 1.26547820e+00 2.83085206e+00 1.60711334e+02 1.56830950e+02 -3.43245085e-01 1.34235301e+00 1.56751369e+02 2.79629716e-01 1.74478116e+00 9.99492572e-01 9.30806698e-01 1.07379177e+00
1.07284854e+00 7.32703000e+05 3.74743843e+02 1.34997768e+02 -1.23557621e+00 1.64867753e+00 1.60536208e+02 1.56655824e+02 -1.16384068e+00 1.63418263e+00 1.56641827e+02 -1.00215501e+00 7.33081924e-01 9.99910650e-01 9.28303571e-01 1.07713757e+00
1.07598677e+00 7.35241000e+05 3.74690084e+02 1.34944008e+02 2.42290801e-01 5.21159034e+00 1.60218940e+02 1.56338557e+02 3.92689660e-01 1.17336408e+00 1.56324022e+02 5.30408764e-01 1.97260173e+00 9.99907033e-01 9.29059982e-01 1.07625670e+00
1.07912996e+00 7.44081000e+05 3.73399582e+02 1.33653507e+02 1.04697234e+00 2.99990008e+00 1.59883320e+02 1.56002936e+02 -3.65653778e-01 5.50114765e-01 1.55874894e+02 -7.29654941e-02 9.41339828e-01 9.99179234e-01 9.25600952e-01 1.07949244e+00
1.08227270e+00 7.43575000e+05 3.73569000e+02 1.33822925e+02 -4.64650260e-01 4.23985925e+00 1.59084678e+02 1.55204295e+02 5.23557653e-01 5.16817625e-01 1.55203905e+02 2.37547507e-01 8.23364336e-01 9.99997491e-01 9.28567313e-01 1.07692515e+00
1.08541535e+00 7.52385000e+05 3.72665792e+02 1.32919716e+02 -1.48792206e+00 2.68330146e+00 1.58667770e+02 1.54787386e+02 -4.14179435e-01 5.55610317e-01 1.54849857e+02 -1.18766001e+00 8.95402909e-01 1.00040359e+00 9.26673874e-01 1.07956382e+00
1.08855707e+00 7.52329000e+05 3.72254786e+02 1.32508711e+02 -2.40989016e-01 1.53063202e+00 1.58259699e+02 1.54379315e+02 -6.65947122e-01 -2.14360895e-01 1.54074852e+02 -3.67179309e-01 -6.79669718e-03 9.98027827e-01 9.26462104e-01 1.07724625e+00
1.09169382e+00 7.58097000e+05 3.71252282e+02 1.31506207e+02 2.96344678e-01 5.40862929e+00 1.57550787e+02 1.53670403e+02 -3.24585640e-01 1.98693258e+00 1.53486379e+02 1.78983795e-02 2.38030496e+00 9.98802477e-01 9.25077270e-01 1.07969627e+00
1.09483514e+00 7.63951000e+05 3.70221644e+02 1.30475569e+02 -1.28138785e+00 2.16554240e+00 1.57461619e+02 1.53581236e+02 -6.88832048e-01 5.05421482e-01 1.53024619e+02 -5.42702836e-01 5.80742930e-01 9.96375750e-01 9.21712592e-01 1.08100482e+00
1.09798007e+00 7.68085000e+05 3.68982853e+02 1.29236778e+02 -7.48301274e-02 2.70820331e+00 1.56575889e+02 1.52695505e+02 -4.25025556e-01 1.62731637e+00 1.52181026e+02 -7.31861240e-01 1.36198205e+00 9.96630689e-01 9.19983280e-01 1.08331391e+00
1.10112128e+00 7.71045000e+05 3.69282867e+02 1.29536792e+02 2.77347703e-01 2.13480862e-01 1.56465099e+02 1.52584715e+02 -4.76670261e-01 6.97923667e-01 1.52384924e+02 -1.80790501e-01 2.57615965e-01 9.98690623e-01 9.21384820e-01 1.08390175e+00
1.10426083e+00 7.76155000e+05 3.68985742e+02 1.29239667e+02 1.22688478e+00 5.42596756e+00 1.56094632e+02 1.52214248e+02 4.06323033e-01 3.58110538e-01 1.52002253e+02 7.61989168e-01 1.34090527e+00 9.98607257e-01 9.21446791e-01 1.08373839e+00
1.10740232e+00 7.80693000e+05 3.68396509e+02 1.28650434e+02 9.02761984e-02 5.25177198e+00 1.55745523e+02 1.51865139e+02 -5.66053226e-02 1.30647701e+00 1.51694754e+02 -1.86047660e-01 1.66462354e+00 9.98878053e-01 9.20399940e-01 1.08526523e+00
1.11054629e+00 7.86517000e+05 3.67641387e+02 1.27895312e+02 1.52633192e+00 5.76564805e+00 1.54972058e+02 1.51091674e+02 -2.68085112e-01 1.46469924e+00 1.50811684e+02 2.60377157e-01 1.76976215e+00 9.98146888e-01 9.20040712e-01 1.08489426e+00
1.11368645e+00 7.87461000e+05 3.66770674e+02 1.27024599e+02 -1.38654093e+00 3.80506563e+00 1.54842270e+02 1.50961887e+02 -2.21311949e-01 1.37147051e+00 1.50478122e+02 -5.34063663e-01 1.02279529e+00 9.96795454e-01 9.17297603e-01 1.08666528e+00
1.11682858e+00 7.96423000e+05 3.67253765e+02 1.27507690e+02 -1.00077836e+00 5.40840098e+00 1.54426360e+02 1.50545976e+02 -8.83807427e-01 1.34223382e+00 1.50433700e+02 -9.57085994e-01 1.67319550e+00 9.99254206e-01 9.20308880e-01 1.08578134e+00
1.11997174e+00 7.97041000e+05 3.65516762e+02 1.25770686e+02 -8.16069707e-01 4.75275604e+00 1.53671378e+02 1.49790994e+02 -1.71712181e-01 1.56256079e+00 1.49335808e+02 -5.42159701e-01 1.53901499e+00 9.96961189e-01 9.16319362e-01 1.08800625e+00
1.12311209e+00 8.03769000e+05 3.66039127e+02 1.26293052e+02 -6.30293444e-02 5.79631073e+00 1.53654346e+02 1.49773962e+02 2.58760425e-01 9.27998685e-01 1.49461505e+02 -1.21315152e-02 1.15437786e+00 9.97913809e-01 9.18272481e-01 1.08672952e+00
1.12625319e+00 8.06731000e+05 3.64901123e+02 1.25155047e+02 4.36711449e-01 4.40862483e+00 1.53066348e+02 1.49185964e+02 -1.62521587e-01 5.20248512e-01 1.48854815e+02 -3.68620990e-01 7.28179948e-01 9.97780295e-01 9.15925609e-01 1.08936827e+00
1.12939171e+00 8.11005000e+05 3.64856589e+02 1.25110513e+02 9.91207703e-01 7.48712984e+00 1.53125160e+02 1.49244777e+02 -1.48182614e-01 1.50367517e+00 1.48848373e+02 -2.38339950e-01 2.56296087e+00 9.97343933e-01 9.15582183e-01 1.08930029e+00
1.13253454e+00 8.18221000e+05 3.64664931e+02 1.24918856e+02 7.66277720e-01 4.90588124e+00 1.52433777e+02 1.48553393e+02 -1.05406682e-01 1.27432190e+00 1.48318951e+02 1.81736350e-01 1.48940039e+00 9.98421831e-01 9.17007127e-01 1.08878307e+00
1.13567519e+00 8.19139000e+05 3.62929513e+02 1.23183437e+02 1.29161588e+00 8.33880080e+00 1.51674241e+02 1.47793857e+02 6.86679368e-01 1.60554261e+00 1.47340635e+02 8.14491990e-01 3.37089442e+00 9.96933415e-01 9.12952048e-01 1.09198880e+00
1.13881700e+00 8.27421000e+05 3.62873884e+02 1.23127808e+02 6.77604878e-01 2.57875187e+00 1.51452295e+02 1.47571911e+02 2.71948284e-01 2.62719469e-01 1.47125340e+02 7.49696265e-01 2.75096239e-01 9.96973877e-01 9.13432004e-01 1.09145932e+00
1.14196121e+00 8.30017000e+05 3.62204397e+02 1.22458321e+02 2.80899450e-01 5.11474919e+00 1.50958131e+02 1.47077748e+02 -8.01579987e-03 1.43344110e+00 1.46567376e+02 1.38819384e-01 1.66252297e+00 9.96529923e-01 9.12474352e-01 1.09211828e+00
1.14510144e+00 8.33901000e+05 3.61868370e+02 1.22122294e+02 -3.58600680e-01 4.76746189e+00 1.50330743e+02 1.46450359e+02 -4.44916622e-01 9.49272845e-01 1.46112098e+02 -6.05128416e-01 1.17801695e+00 9.97690269e-01 9.13171307e-01 1.09255543e+00
1.14824539e+00 8.41879000e+05 3.61469715e+02 1.21723640e+02 -1.29576151e+00 6.27783235e+00 1.50206716e+02 1.46326332e+02 -1.00302508e-02 8.48104224e-01 1.45747426e+02 -2.17915086e-01 1.25819090e+00 9.96043732e-01 9.12065907e-01 1.09207429e+00
1.15138588e+00 8.40657000e+05 3.60326669e+02 1.20580594e+02 9.94085148e-01 5.51792843e+00 1.49699682e+02 1.45819298e+02 -3.63260946e-02 1.21725724e+00 1.45167698e+02 2.50343831e-01 1.38724802e+00 9.95531455e-01 9.09350287e-01 1.09477224e+00
1.15452568e+00 8.50957000e+05 3.60395188e+02 1.20649113e+02 1.71470161e-01 4.65082997e+00 1.49659956e+02 1.45779573e+02 -4.44410312e-01 1.32016051e+00 1.45308114e+02 -5.94903625e-01 1.22270353e+00 9.96765950e-01 9.09732543e-01 1.09566922e+00
1.15766925e+00 8.51935000e+05 3.59132565e+02 1.19386490e+02 1.28379544e+00 4.08827883e+00 1.49058525e+02 1.45178141e+02 2.96539719e-01 1.84607450e+00 1.44456232e+02 1.34999463e-01 1.13195754e+00 9.95027429e-01 9.06832292e-01 1.09725628e+00
1.16081367e+00 8.60385000e+05 3.59375909e+02 1.19629833e+02 7.14713040e-02 6.81720287e+00 1.48787644e+02 1.44907260e+02 -3.73280093e-01 1.67387681e+00 1.44199616e+02 -3.83761204e-01 1.63519904e+00 9.95116573e-01 9.08604067e-01 1.09521475e+00
1.16395594e+00 8.60713000e+05 3.58583882e+02 1.18837807e+02 -4.65438325e-02 4.93341818e+00 1.48164889e+02 1.44284505e+02 1.08689251e-01 9.04766865e-01 1.43607448e+02 -8.82792253e-04 1.24089480e+00 9.95307480e-01 9.07543534e-01 1.09670494e+00
1.16709312e+00 8.66109000e+05 3.58758827e+02 1.19012751e+02 -2.16095417e-01 4.68733016e+00 1.48114373e+02 1.44233989e+02 3.35863854e-01 1.49908052e+00 1.43588196e+02 3.97703040e-01 9.13276204e-01 9.95522602e-01 9.08370330e-01 1.09594355e+00
1.17023399e+00 8.72659000e+05 3.57351069e+02 1.17604993e+02 -4.79314319e-01 6.24685780e+00 1.47054373e+02 1.43173989e+02 -4.88090353e-01 2.16118117e+00 1.42525639e+02 -3.22242214e-01 2.58846961e+00 9.95471596e-01 9.06318444e-01 1.09836846e+00
1.17337847e+00 8.77233000e+05 3.57567701e+02 1.17821626e+02 -4.13964137e-01 6.25110308e+00 1.47029045e+02 1.43148662e+02 -1.89161311e-01 1.78337218e+00 1.42569365e+02 -3.33544663e-01 2.35066305e+00 9.95953180e-01 9.07233042e-01 1.09779200e+00
1.17652222e+00 8.81593000e+05 3.56199429e+02 1.16453354e+02 8.71444984e-01 6.14635086e+00 1.46400833e+02 1.42520449e+02 -5.62047938e-01 1.99949629e+00 1.41770092e+02 2.56316927e-01 2.01122516e+00 9.94735095e-01 9.03935431e-01 1.10044928e+00
1.17966383e+00 8.85799000e+05 3.56668460e+02 1.16922385e+02 4.92042993e-01 9.07953782e+00 1.46495275e+02 1.42614891e+02 -4.61107306e-01 2.58198965e+00 1.42093575e+02 -5.59780912e-02 3.28031727e+00 9.96344588e-01 9.05454007e-01 1.10038122e+00
1.18280152e+00 8.88213000e+05 3.55754818e+02 1.16008743e+02 -1.80118800e+00 8.30654823e+00 1.45701893e+02 1.41821509e+02 -1.29570022e-02 2.84701942e+00 1.41249354e+02 -6.90383371e-01 3.27221981e+00 9.95965669e-01 9.04428644e-01 1.10120978e+00
1.18594296e+00 8.98033000e+05 3.56374379e+02 1.16628304e+02 3.27708157e-01 6.05286934e+00 1.45882265e+02 1.42001882e+02 -5.99139237e-01 1.53363264e+00 1.41555131e+02 -3.49310411e-01 1.27284210e+00 9.96853908e-01 9.06264419e-01 1.09995922e+00
1.18908665e+00 8.98515000e+05 3.56634008e+02 1.16887932e+02 -1.59002655e+00 9.01500581e+00 1.45702700e+02 1.41822317e+02 -2.83826135e-01 2.17269506e+00 1.41463881e+02 -2.44090038e-01 2.45680680e+00 9.97472646e-01 9.07846765e-01 1.09872358e+00
1.19222701e+00 9.05881000e+05 3.54929129e+02 1.15183053e+02 -1.39386661e+00 7.58536241e+00 1.45026778e+02 1.41146395e+02 -3.96729198e-01 1.54619133e+00 1.40541914e+02 -2.97787049e-01 1.74581039e+00 9.95717352e-01 9.03356968e-01 1.10224129e+00
1.19536822e+00 9.08613000e+05 3.54374984e+02 1.14628909e+02 -1.04168434e+00 6.49881025e+00 1.44484358e+02 1.40603974e+02 -2.39833063e-01 2.06582554e+00 1.39930601e+02 -7.77043582e-01 2.42354389e+00 9.95210849e-01 9.02917938e-01 1.10221628e+00
1.19850707e+00 9.13465000e+05 3.52894286e+02 1.13148211e+02 3.14172173e-01 7.20610700e+00 1.44027065e+02 1.40146682e+02 -2.90967814e-01 1.71518818e+00 1.39241110e+02 -1.39907177e-01 2.18060297e+00 9.93538401e-01 8.98529697e-01 1.10573797e+00
1.20164775e+00 9.20011000e+05 3.53808099e+02 1.14062024e+02 2.87736826e-01 8.22080444e+00 1.43721361e+02 1.39840977e+02 -2.41110826e-01 2.51613241e+00 1.39336130e+02 -5.62647546e-02 2.54339799e+00 9.96389851e-01 9.03136328e-01 1.10325520e+00
1.20479252e+00 9.25173000e+05 3.53377594e+02 1.13631519e+02 1.20009005e+00 7.77711865e+00 1.43530639e+02 1.39650255e+02 -1.30757600e-01 2.19136488e+00 1.39197466e+02 1.38021705e-01 2.14267468e+00 9.96757694e-01 9.02045698e-01 1.10499689e+00
1.20793585e+00 9.28789000e+05 3.52379060e+02 1.12632985e+02 8.68541269e-01 6.62112592e+00 1.43162811e+02 1.39282428e+02 -1.96850033e-01 2.37969311e+00 1.38404748e+02 2.51276624e-01 1.93542115e+00 9.93698561e-01 8.99258668e-01 1.10501972e+00
1.21108033e+00 9.35571000e+05 3.52348654e+02 1.12602578e+02 7.61217543e-03 8.96639791e+00 1.42837797e+02 1.38957413e+02 -2.56037865e-01 2.30889735e+00 1.38318299e+02 7.23917656e-02 3.07656787e+00 9.95400648e-01 9.00188184e-01 1.10576951e+00
1.21422008e+00 9.35521000e+05 3.52586045e+02 1.12839969e+02 -6.11033610e-01 9.79909254e+00 1.42479298e+02 1.38598915e+02 5.33586794e-02 3.67296679e+00 1.38050318e+02 6.90925446e-02 3.67958578e+00 9.96041839e-01 9.02301263e-01 1.10389055e+00
1.21735874e+00 9.45049000e+05 3.51017220e+02 1.11271145e+02 1.03474912e-01 1.02920578e+01 1.42010907e+02 1.38130523e+02 -1.54754606e-01 2.34397675e+00 1.37329526e+02 2.63867908e-01 3.23359767e+00 9.94201153e-01 8.97524784e-01 1.10771443e+00
1.22050123e+00 9.47025000e+05 3.51499424e+02 1.11753349e+02 8.19738277e-03 1.05105061e+01 1.41627421e+02 1.37747038e+02 3.13204988e-01 3.46392933e+00 1.37341276e+02 3.03766493e-01 3.28111233e+00 9.97054297e-01 9.00718617e-01 1.10695425e+00
1.22364499e+00 9.55735000e+05 3.50717051e+02 1.10970976e+02 1.03648083e+00 8.62670215e+00 1.41190551e+02 1.37310168e+02 1.16245798e-02 2.57184848e+00 1.36643963e+02 6.33092226e-02 2.59715090e+00 9.95148174e-01 8.98986881e-01 1.10696629e+00
1.22678592e+00 9.55521000e+05 3.50487458e+02 1.10741383e+02 6.96240488e-01 1.13775698e+01 1.40908687e+02 1.37028303e+02 -1.25885931e-01 3.94747205e+00 1.36499064e+02 1.27694702e-01 4.16936498e+00 9.96137740e-01 8.98979588e-01 1.10807604e+00
1.22992635e+00 9.64621000e+05 3.50179379e+02 1.10433304e+02 7.46024254e-01 8.85892647e+00 1.40772002e+02 1.36891619e+02 6.09815355e-02 2.27466997e+00 1.36304070e+02 1.30179815e-01 2.76566560e+00 9.95707932e-01 8.98176325e-01 1.10858849e+00
1.23306962e+00 9.67719000e+05 3.50123920e+02 1.10377845e+02 1.01331635e+00 1.02824771e+01 1.40476796e+02 1.36596412e+02 -2.24733541e-02 2.86336864e+00 1.36049568e+02 1.32182984e-01 3.12317800e+00 9.95996647e-01 8.98920550e-01 1.10799185e+00
1.23621098e+00 9.72481000e+05 3.49585425e+02 1.09839350e+02 -1.22920731e+00 8.22144035e+00 1.40018817e+02 1.36138433e+02 -4.49445936e-01 3.07935624e+00 1.35567496e+02 -6.37956525e-01 3.03104439e+00 9.95806202e-01 8.98232164e-01 1.10862897e+00
1.23934926e+00 9.76537000e+05 3.49222456e+02 1.09476381e+02 4.29247755e-01 9.33773210e+00 1.39705414e+02 1.35825031e+02 7.97984522e-02 2.28115633e+00 1.35340584e+02 -4.52115062e-02 2.38383333e+00 9.96433304e-01 8.97780793e-01 1.10988485e+00
1.24249042e+00 9.83853000e+05 3.48803849e+02 1.09057774e+02 -1.21097124e-01 1.02636448e+01 1.39530570e+02 1.35650186e+02 1.36573442e-01 3.02164406e+00 1.35007374e+02 2.64974001e-01 3.04463294e+00 9.95261256e-01 8.96640018e-01 1.10998978e+00
1.24563466e+00 9.88291000e+05 3.48148012e+02 1.08401937e+02 9.40049330e-01 1.09565061e+01 1.39176767e+02 1.35296383e+02 -2.35135834e-02 3.15922725e+00 1.34747761e+02 4.13970227e-01 3.34698653e+00 9.95945032e-01 8.95107976e-01 1.11265351e+00
1.24877425e+00 9.91113000e+05 3.48043335e+02 1.08297260e+02 1.45724045e-01 1.10060636e+01 1.38627835e+02 1.34747452e+02 -4.14566675e-01 3.68235901e+00 1.34097609e+02 -3.81251142e-01 3.52254139e+00 9.95177331e-01 8.96496202e-01 1.11007423e+00
1.25191583e+00 9.99061000e+05 3.47566179e+02 1.07820104e+02 -2.00241530e-01 1.09369713e+01 1.38512817e+02 1.34632433e+02 -1.96515320e-01 3.87072999e+00 1.33982154e+02 1.41763054e-01 3.69991628e+00 9.95169968e-01 8.94901064e-01 1.11204468e+00
1.25505897e+00 1.00302300e+06 3.47226064e+02 1.07479989e+02 1.77974623e+00 9.70633281e+00 1.38083710e+02 1.34203327e+02 4.43262984e-01 3.11581155e+00 1.33559051e+02 9.70589768e-01 3.11982709e+00 9.95199257e-01 8.94915779e-01 1.11205912e+00
1.25820037e+00 1.00701700e+06 3.47899519e+02 1.08153444e+02 4.30321878e-01 1.35650523e+01 1.37861735e+02 1.33981351e+02 -2.31682535e-01 4.02662851e+00 1.33609817e+02 -1.59511593e-01 4.24750307e+00 9.97226975e-01 8.98458456e-01 1.10993109e+00
1.26134411e+00 1.01518900e+06 3.46402166e+02 1.06656091e+02 5.89716221e-01 1.22997223e+01 1.37290851e+02 1.33410467e+02 -2.12479016e-01 3.38973800e+00 1.32886233e+02 4.83071474e-02 3.64420103e+00 9.96070519e-01 8.94124260e-01 1.11401800e+00
1.26448585e+00 1.01565900e+06 3.46434177e+02 1.06688102e+02 4.40620903e-01 1.31885101e+01 1.37010373e+02 1.33129990e+02 -5.50367136e-02 4.29687071e+00 1.32667392e+02 1.46649110e-01 4.28497871e+00 9.96525219e-01 8.95199941e-01 1.11318732e+00
1.26762602e+00 1.02429700e+06 3.45666209e+02 1.05920133e+02 1.52116352e+00 1.40662362e+01 1.36849490e+02 1.32969106e+02 -2.27594928e-01 3.63101179e+00 1.32240643e+02 5.71964590e-01 4.35450386e+00 9.94521560e-01 8.92511632e-01 1.11429535e+00
1.27076876e+00 1.02754500e+06 3.46068725e+02 1.06322650e+02 1.27802860e-01 1.52619055e+01 1.36376962e+02 1.32496579e+02 2.00576739e-01 4.47678331e+00 1.31987328e+02 1.76999388e-01 4.55427971e+00 9.96156500e-01 8.95798979e-01 1.11203130e+00
1.27391150e+00 1.03417300e+06 3.45715628e+02 1.05969552e+02 -4.69046441e-01 1.15190158e+01 1.35951463e+02 1.32071080e+02 -1.10387456e-01 3.99538048e+00 1.31565785e+02 3.69782590e-02 3.88901096e+00 9.96174073e-01 8.95749730e-01 1.11211205e+00
1.27705033e+00 1.03563900e+06 3.44872878e+02 1.05126803e+02 -3.87270181e-02 1.51913579e+01 1.35998546e+02 1.32118162e+02 -3.56480105e-01 4.25638689e+00 1.31492642e+02 -4.12334051e-01 4.42519175e+00 9.95265451e-01 8.92021796e-01 1.11574118e+00
1.28018839e+00 1.04337700e+06 3.45221432e+02 1.05475357e+02 -1.47537925e-01 1.53189867e+01 1.35700249e+02 1.31819865e+02 -1.77164288e-01 3.28340963e+00 1.31460381e+02 -2.05748279e-01 3.78846419e+00 9.97272917e-01 8.94509732e-01 1.11488213e+00
1.28333376e+00 1.05110500e+06 3.44341150e+02 1.04595075e+02 -4.04754406e-01 1.22341299e+01 1.35124479e+02 1.31244095e+02 -6.40599563e-01 3.73369692e+00 1.30779952e+02 -5.72682895e-01 3.43095425e+00 9.96463511e-01 8.92720960e-01 1.11620938e+00
1.28647753e+00 1.05248700e+06 3.44505805e+02 1.04759730e+02 8.84300134e-02 1.42332537e+01 1.35117450e+02 1.31237066e+02 -4.20886774e-01 3.86809673e+00 1.30724298e+02 -8.62030946e-02 3.90396956e+00 9.96092807e-01 8.93447274e-01 1.11488706e+00
1.28961689e+00 1.05825700e+06 3.44907130e+02 1.05161054e+02 -4.96168806e-02 1.63791346e+01 1.34986470e+02 1.31106087e+02 -2.30313410e-01 5.20987463e+00 1.30835290e+02 3.16172766e-01 5.60643550e+00 9.97934521e-01 8.95604029e-01 1.11425863e+00
1.29276008e+00 1.06563300e+06 3.43994336e+02 1.04248261e+02 3.47474272e-01 1.37898072e+01 1.34303047e+02 1.30422664e+02 2.07177522e-01 4.24223146e+00 1.30007969e+02 3.69559610e-01 3.94410788e+00 9.96820376e-01 8.94041906e-01 1.11495934e+00
1.29590257e+00 1.06786900e+06 3.43371194e+02 1.03625119e+02 8.86236311e-01 1.41676481e+01 1.34143104e+02 1.30262720e+02 3.90843077e-01 4.20292791e+00 1.29878635e+02 5.05814404e-01 3.67304460e+00 9.97051458e-01 8.91912908e-01 1.11787984e+00
1.29904204e+00 1.07423500e+06 3.43426719e+02 1.03680643e+02 1.77725539e+00 1.57894270e+01 1.33999697e+02 1.30119313e+02 7.61035325e-03 5.02543024e+00 1.29663773e+02 7.55598727e-01 4.78770579e+00 9.96499063e-01 8.92643324e-01 1.11634629e+00
1.30218020e+00 1.07739300e+06 3.42563944e+02 1.02817868e+02 -8.94565916e-01 1.60120205e+01 1.33653918e+02 1.29773534e+02 -2.42711297e-01 4.95251674e+00 1.29231171e+02 -2.51117179e-01 4.81881296e+00 9.95820692e-01 8.90104982e-01 1.11876769e+00
1.30532359e+00 1.08762100e+06 3.42723695e+02 1.02977620e+02 1.01786939e+00 1.75281885e+01 1.33279929e+02 1.29399546e+02 -1.17637981e-01 4.72070550e+00 1.28967371e+02 5.71219473e-01 5.31894493e+00 9.96660156e-01 8.92082560e-01 1.11722861e+00
1.30846593e+00 1.08792300e+06 3.42759778e+02 1.03013703e+02 -4.31783613e-02 1.70376825e+01 1.33140097e+02 1.29259713e+02 -2.62674398e-01 5.00265746e+00 1.28773287e+02 -2.12112188e-01 5.02479529e+00 9.96236826e-01 8.92721317e-01 1.11595501e+00
1.31160305e+00 1.09394500e+06 3.43218848e+02 1.03472773e+02 1.35446449e+00 1.92996789e+01 1.32913247e+02 1.29032863e+02 -1.62146571e-01 5.46164863e+00 1.28945428e+02 4.81744613e-01 5.95084925e+00 9.99322384e-01 8.95494406e-01 1.11594486e+00
1.31474581e+00 1.10262900e+06 3.42034197e+02 1.02288122e+02 8.09555406e-01 1.68037067e+01 1.32341755e+02 1.28461372e+02 -4.37949337e-01 5.14766827e+00 1.28073666e+02 7.06354760e-02 5.24049552e+00 9.96981926e-01 8.92331706e-01 1.11727726e+00
1.31788925e+00 1.10461900e+06 3.42213798e+02 1.02467723e+02 8.80578821e-01 1.94082880e+01 1.32451868e+02 1.28571484e+02 -2.06448405e-02 6.22344921e+00 1.28256995e+02 4.60429051e-01 6.49600753e+00 9.97553974e-01 8.92732231e-01 1.11741678e+00
1.32103052e+00 1.11166900e+06 3.42131813e+02 1.02385738e+02 1.96970099e+00 2.04136362e+01 1.32373871e+02 1.28493487e+02 -1.81280956e-01 6.27354343e+00 1.27994409e+02 8.92003381e-01 6.63990215e+00 9.96115921e-01 8.92645817e-01 1.11591395e+00
1.32417192e+00 1.11602100e+06 3.41453231e+02 1.01707156e+02 1.75989181e+00 1.97649458e+01 1.31679926e+02 1.27799543e+02 5.06859082e-01 6.74140169e+00 1.27364179e+02 8.94132506e-01 6.27038012e+00 9.96593384e-01 8.92094998e-01 1.11713818e+00
1.32731592e+00 1.12297300e+06 3.42130924e+02 1.02384849e+02 -5.88595424e-01 2.05619410e+01 1.31636646e+02 1.27756262e+02 -5.39966400e-01 6.25836906e+00 1.27555324e+02 -5.34241551e-01 6.27735915e+00 9.98427182e-01 8.95213760e-01 1.11529472e+00
1.33045950e+00 1.12717500e+06 3.41064679e+02 1.01318603e+02 -4.95014359e-01 2.12355683e+01 1.31116915e+02 1.27236531e+02 -2.52969519e-01 5.74942149e+00 1.26976365e+02 -2.50196820e-01 6.52808364e+00 9.97955257e-01 8.92357108e-01 1.11833620e+00
1.33359926e+00 1.13037700e+06 3.41037736e+02 1.01291660e+02 -2.82675280e-01 2.19025919e+01 1.30879999e+02 1.26999615e+02 7.24399632e-02 7.17304512e+00 1.26725567e+02 8.42786870e-02 6.78282076e+00 9.97842131e-01 8.93070291e-01 1.11731645e+00
1.33674215e+00 1.14066900e+06 3.41133130e+02 1.01387055e+02 -1.14617181e+00 2.11171855e+01 1.30803467e+02 1.26923083e+02 -4.63764963e-01 7.27825083e+00 1.26697751e+02 -6.71161633e-01 6.97157372e+00 9.98224653e-01 8.93760068e-01 1.11688213e+00
1.33988669e+00 1.14202300e+06 3.41134164e+02 1.01388088e+02 4.92704786e-01 2.26990086e+01 1.30607963e+02 1.26727579e+02 -4.76542518e-01 6.52746015e+00 1.26566020e+02 -1.34119622e-01 6.53116017e+00 9.98725152e-01 8.94453769e-01 1.11657549e+00
1.34302911e+00 1.14927700e+06 3.41260926e+02 1.01514851e+02 -2.95394584e-01 2.27440271e+01 1.30322051e+02 1.26441667e+02 -1.45946369e-01 6.88503016e+00 1.26373736e+02 -5.84746452e-01 6.80469049e+00 9.99462745e-01 8.96024084e-01 1.11544183e+00
1.34616937e+00 1.15221300e+06 3.40750342e+02 1.01004266e+02 -1.44277100e-01 2.53807971e+01 1.30009370e+02 1.26128986e+02 -3.50830831e-01 7.28989065e+00 1.26105587e+02 1.52526780e-01 7.98001429e+00 9.99814484e-01 8.94875066e-01 1.11726712e+00
1.34930901e+00 1.15878100e+06 3.40845864e+02 1.01099789e+02 -2.27767266e-01 2.37676326e+01 1.29895904e+02 1.26015520e+02 -3.17518123e-01 7.18882569e+00 1.25834026e+02 -1.29388798e-01 7.39615387e+00 9.98559752e-01 8.95701096e-01 1.11483592e+00
1.35244773e+00 1.16287500e+06 3.40224424e+02 1.00478348e+02 1.12404552e+00 2.57622672e+01 1.29432384e+02 1.25552000e+02 -3.13610379e-01 7.43202402e+00 1.25298835e+02 3.11983681e-01 7.84796273e+00 9.97983582e-01 8.94590796e-01 1.11557551e+00
1.35558784e+00 1.16998900e+06 3.41054929e+02 1.01308854e+02 2.79755632e-01 2.39533014e+01 1.29579897e+02 1.25699513e+02 -2.51084960e-01 7.48570842e+00 1.25739349e+02 -2.54204819e-01 7.39332278e+00 1.00031691e+00 8.97753078e-01 1.11424504e+00
1.35872992e+00 1.17557700e+06 3.40500903e+02 1.00754828e+02 -5.77411716e-02 2.57481135e+01 1.29025238e+02 1.25144854e+02 -4.29840808e-01 8.06451561e+00 1.25069814e+02 -3.82865243e-01 8.20136463e+00 9.99400373e-01 8.97276792e-01 1.11381503e+00
1.36187287e+00 1.18175500e+06 3.40144749e+02 1.00398673e+02 9.81788107e-01 2.78853646e+01 1.28813287e+02 1.24932904e+02 -1.73612217e-01 7.73499719e+00 1.24828011e+02 2.67280520e-01 8.42218434e+00 9.99160410e-01 8.96448965e-01 1.11457590e+00
1.36501921e+00 1.18843300e+06 3.40579969e+02 1.00833894e+02 -7.77243857e-02 2.68591786e+01 1.28673298e+02 1.24792914e+02 -5.81072446e-01 8.09586232e+00 1.24866408e+02 -7.41994274e-01 7.93340331e+00 1.00058893e+00 8.98893637e-01 1.11313384e+00
1.36815899e+00 1.18829700e+06 3.39766540e+02 1.00020465e+02 1.14746763e+00 2.81144686e+01 1.28490748e+02 1.24610365e+02 -2.30048318e-02 8.87598023e+00 1.24458860e+02 6.10977884e-01 8.99471280e+00 9.98784173e-01 8.95916121e-01 1.11481884e+00
1.37129593e+00 1.19676100e+06 3.40044339e+02 1.00298263e+02 -5.67125005e-01 2.77319030e+01 1.28289895e+02 1.24409512e+02 -1.90557880e-01 8.86430194e+00 1.24304828e+02 -5.05109312e-01 8.76412140e+00 9.99158558e-01 8.97883340e-01 1.11279329e+00
1.37443987e+00 1.20493500e+06 3.40238107e+02 1.00492032e+02 3.56508686e-01 2.75546262e+01 1.28310429e+02 1.24430045e+02 1.22654373e-01 8.38713117e+00 1.24313031e+02 4.81127296e-01 8.12992180e+00 9.99059603e-01 8.98676086e-01 1.11170156e+00
1.37758170e+00 1.20606100e+06 3.40139153e+02 1.00393078e+02 -5.99818409e-01 2.80139157e+01 1.27942502e+02 1.24062118e+02 -1.32490428e-02 8.97745766e+00 1.24142706e+02 6.54376061e-02 8.93760526e+00 1.00064958e+00 8.99564461e-01 1.11237118e+00
1.38072348e+00 1.21561300e+06 3.39868868e+02 1.00122792e+02 -4.01417698e-01 2.93901102e+01 1.27624342e+02 1.23743958e+02 -3.32645803e-01 9.69295384e+00 1.23785078e+02 -3.32377989e-01 9.46270130e+00 1.00033230e+00 8.99506849e-01 1.11208970e+00
1.38386604e+00 1.21826700e+06 3.40267558e+02 1.00521483e+02 -3.78133309e-01 3.07156026e+01 1.27652158e+02 1.23771774e+02 -5.10239677e-01 9.25973667e+00 1.23801487e+02 -1.87441581e-01 8.82921292e+00 1.00024006e+00 9.01194713e-01 1.10990449e+00
1.38700773e+00 1.22550100e+06 3.39939903e+02 1.00193828e+02 2.29679732e+00 3.15130155e+01 1.27182667e+02 1.23302283e+02 -1.10742180e-01 9.52163852e+00 1.23263813e+02 4.81484754e-01 9.66520503e+00 9.99688000e-01 9.01436056e-01 1.10899491e+00
1.39014932e+00 1.22956500e+06 3.39979491e+02 1.00233416e+02 -1.43113799e-01 3.14862151e+01 1.27067441e+02 1.23187057e+02 -5.61346554e-02 9.37865122e+00 1.23213716e+02 2.57465612e-01 9.47620707e+00 1.00021641e+00 9.02035699e-01 1.10884349e+00
1.39328874e+00 1.23503500e+06 3.40567928e+02 1.00821853e+02 1.61409145e+00 3.16947262e+01 1.27016114e+02 1.23135730e+02 5.97302590e-01 1.07900720e+01 1.23488341e+02 9.21296930e-01 1.03345005e+01 1.00286360e+00 9.04868128e-01 1.10829806e+00
1.39642899e+00 1.24068900e+06 3.39555358e+02 9.98092826e+01 1.39868468e+00 3.39523444e+01 1.26693838e+02 1.22813454e+02 -2.42999094e-01 1.05952523e+01 1.22874572e+02 1.18131520e-01 1.10110506e+01 1.00049765e+00 9.01493281e-01 1.10982263e+00
1.39957190e+00 1.24924900e+06 3.39967516e+02 1.00221441e+02 -9.34267013e-02 3.59831257e+01 1.26681849e+02 1.22801465e+02 5.11636608e-03 1.12930376e+01 1.22919958e+02 -4.37289522e-01 1.16085211e+01 1.00096492e+00 9.03396799e-01 1.10800140e+00
1.40271503e+00 1.25124100e+06 3.39766932e+02 1.00020857e+02 -6.64088550e-02 3.61764673e+01 1.26528624e+02 1.22648240e+02 -2.27745130e-01 1.09912588e+01 1.22675256e+02 -8.76171667e-02 1.11606092e+01 1.00022027e+00 9.03055880e-01 1.10759510e+00
1.40585753e+00 1.26072300e+06 3.40145093e+02 1.00399018e+02 -6.27357777e-02 3.59908988e+01 1.26371986e+02 1.22491603e+02 -3.89524525e-01 1.11578078e+01 1.22668222e+02 4.38459755e-02 1.12566367e+01 1.00144189e+00 9.05339719e-01 1.10615040e+00
1.40899464e+00 1.25763700e+06 3.39931202e+02 1.00185127e+02 6.48350900e-01 3.80929124e+01 1.26022618e+02 1.22142234e+02 6.62393690e-02 1.19942333e+01 1.22396928e+02 3.78980665e-01 1.20902732e+01 1.00208522e+00 9.05667318e-01 1.10646062e+00
1.41213459e+00 1.27403700e+06 3.39918660e+02 1.00172584e+02 2.84001811e-01 3.78034717e+01 1.25830607e+02 1.21950223e+02 -1.10184363e-02 1.12258540e+01 1.22077564e+02 -2.43670659e-02 1.15042352e+01 1.00104420e+00 9.06323288e-01 1.10451118e+00
1.41528151e+00 1.27547500e+06 3.40095015e+02 1.00348939e+02 -9.12687116e-03 3.96603593e+01 1.25721630e+02 1.21841247e+02 -5.00931594e-02 1.27113362e+01 1.22010516e+02 1.21315738e-01 1.25889749e+01 1.00138926e+00 9.07526314e-01 1.10342725e+00
1.41842438e+00 1.28110500e+06 3.40387104e+02 1.00641028e+02 -3.58347964e-01 3.99346335e+01 1.25582494e+02 1.21702110e+02 -2.16914120e-01 1.27743031e+01 1.22080658e+02 -4.63564010e-01 1.22826396e+01 1.00311044e+00 9.09365509e-01 1.10308829e+00
1.42156501e+00 1.28596900e+06 3.40260170e+02 1.00514095e+02 7.23099535e-01 4.19364231e+01 1.25387774e+02 1.21507391e+02 -1.32865185e-02 1.28684484e+01 1.21718297e+02 5.61047117e-01 1.35049132e+01 1.00173575e+00 9.09519755e-01 1.10138977e+00
1.42470695e+00 1.29246100e+06 3.39955419e+02 1.00209343e+02 -2.55557019e-01 4.21620901e+01 1.25319152e+02 1.21438769e+02 -1.56660934e-01 1.33834790e+01 1.21646788e+02 -1.54039816e-01 1.32071688e+01 1.00171296e+00 9.08396454e-01 1.10272663e+00
1.42784873e+00 1.29806700e+06 3.40572072e+02 1.00825996e+02 -1.05292732e+00 4.10679144e+01 1.25142221e+02 1.21261837e+02 -4.03465313e-02 1.29997923e+01 1.21672708e+02 -2.17195198e-01 1.23212007e+01 1.00338830e+00 9.11851654e-01 1.10038546e+00
1.43098940e+00 1.30299700e+06 3.40940388e+02 1.01194313e+02 1.73899083e-01 4.56496804e+01 1.24989943e+02 1.21109559e+02 -2.13460871e-01 1.43117800e+01 1.21646925e+02 1.67741574e-01 1.44886429e+01 1.00443703e+00 9.14089756e-01 1.09883851e+00
1.43413123e+00 1.30960500e+06 3.40672968e+02 1.00926893e+02 -1.03133182e+00 4.43457077e+01 1.24718171e+02 1.20837787e+02 2.13585842e-02 1.35170097e+01 1.21268387e+02 -1.00000608e-01 1.35805830e+01 1.00356345e+00 9.13907140e-01 1.09810221e+00
1.43727368e+00 1.31599900e+06 3.40704758e+02 1.00958683e+02 7.05224124e-01 4.76492115e+01 1.24642790e+02 1.20762406e+02 8.78764641e-02 1.54726305e+01 1.21116140e+02 4.32170807e-01 1.55805198e+01 1.00292917e+00 9.14336292e-01 1.09689310e+00
1.44041556e+00 1.31986900e+06 3.40885022e+02 1.01138946e+02 -3.56681512e-01 4.91534205e+01 1.24595944e+02 1.20715560e+02 -3.29569082e-01 1.52377070e+01 1.20925390e+02 -3.13240161e-01 1.56495026e+01 1.00173822e+00 9.15329765e-01 1.09440145e+00
1.44355661e+00 1.32764100e+06 3.41811834e+02 1.02065758e+02 9.60323887e-01 4.96996106e+01 1.24559336e+02 1.20678952e+02 1.99336520e-01 1.54784182e+01 1.21402805e+02 7.37068376e-01 1.58930628e+01 1.00599817e+00 9.19653586e-01 1.09388816e+00
1.44669725e+00 1.33025500e+06 3.41732229e+02 1.01986154e+02 1.22943304e-01 5.02747226e+01 1.24354230e+02 1.20473846e+02 -4.63553544e-01 1.61456917e+01 1.21058472e+02 -3.10751451e-01 1.57841386e+01 1.00485272e+00 9.20077094e-01 1.09213970e+00
1.44983683e+00 1.33845300e+06 3.41994008e+02 1.02247933e+02 -1.75919269e-01 4.92351875e+01 1.24215865e+02 1.20335481e+02 -3.82588402e-01 1.58624051e+01 1.21009814e+02 -2.49786907e-01 1.56696862e+01 1.00560378e+00 9.21786660e-01 1.09092898e+00
1.45297698e+00 1.34284900e+06 3.42304741e+02 1.02558666e+02 7.68608058e-01 5.34489190e+01 1.24335573e+02 1.20455190e+02 2.15720015e-02 1.73131508e+01 1.21025973e+02 1.74170273e-01 1.72628738e+01 1.00473856e+00 9.22727414e-01 1.08887906e+00
1.45612056e+00 1.35236100e+06 3.42412914e+02 1.02666839e+02 -4.09926961e-01 5.44036273e+01 1.23975666e+02 1.20095282e+02 -1.60070370e-01 1.75320741e+01 1.20847902e+02 -1.14763323e-01 1.75304078e+01 1.00626686e+00 9.24596237e-01 1.08833112e+00
1.45926300e+00 1.35414700e+06 3.41975070e+02 1.02228995e+02 -9.54273084e-01 5.45669271e+01 1.23806188e+02 1.19925804e+02 -5.34498916e-01 1.73250557e+01 1.20587213e+02 -5.81364969e-01 1.66649714e+01 1.00551515e+00 9.23274255e-01 1.08907526e+00
1.46240452e+00 1.36261300e+06 3.43206256e+02 1.03460181e+02 6.80614220e-01 5.56551401e+01 1.23979358e+02 1.20098974e+02 -2.21345174e-01 1.76836619e+01 1.20736335e+02 -8.85839430e-02 1.74244349e+01 1.00530696e+00 9.28147430e-01 1.08313284e+00
1.46554796e+00 1.36806900e+06 3.43174145e+02 1.03428070e+02 5.35341249e-01 5.78008233e+01 1.23573694e+02 1.19693311e+02 9.69357086e-02 1.79391801e+01 1.20362102e+02 3.81780088e-01 1.84440459e+01 1.00558754e+00 9.29574646e-01 1.08177170e+00
1.46868909e+00 1.37208700e+06 3.43708415e+02 1.03962340e+02 -1.14466884e+00 6.06042512e+01 1.23738797e+02 1.19858414e+02 -5.36388073e-01 1.87820208e+01 1.20661599e+02 -8.64439174e-01 1.90203849e+01 1.00670112e+00 9.31330359e-01 1.08092806e+00
1.47182999e+00 1.37948100e+06 3.43623425e+02 1.03877350e+02 1.01248832e+00 5.97560984e+01 1.23717858e+02 1.19837475e+02 3.80387639e-01 1.93791562e+01 1.20612594e+02 5.74470868e-01 1.89554079e+01 1.00646809e+00 9.31030923e-01 1.08102542e+00
1.47497323e+00 1.38622900e+06 3.44063704e+02 1.04317629e+02 2.72689487e-01 5.95914594e+01 1.23590660e+02 1.19710276e+02 1.31969383e-02 1.95634319e+01 1.20417554e+02 5.35537365e-02 1.86742056e+01 1.00590825e+00 9.33497453e-01 1.07756936e+00
1.47811383e+00 1.38851700e+06 3.44228792e+02 1.04482717e+02 1.39909526e+00 6.35578929e+01 1.23358793e+02 1.19478410e+02 -6.37247346e-03 2.05582630e+01 1.20206728e+02 6.98437365e-01 2.06496858e+01 1.00609581e+00 9.35141891e-01 1.07587503e+00
1.48125524e+00 1.39926700e+06 3.44816671e+02 1.05070596e+02 -2.60862982e-01 6.61556597e+01 1.23280730e+02 1.19400346e+02 -1.73385557e-01 2.10311297e+01 1.20287394e+02 -1.52596340e-01 2.12369129e+01 1.00742919e+00 9.38075523e-01 1.07393186e+00
1.48439827e+00 1.40173300e+06 3.45186038e+02 1.05439963e+02 -3.97773977e-01 6.52538584e+01 1.23299893e+02 1.19419510e+02 -2.10183540e-01 2.07224343e+01 1.20349177e+02 -4.44944625e-01 2.04670251e+01 1.00778489e+00 9.39647539e-01 1.07251373e+00
1.48753883e+00 1.40837700e+06 3.45079881e+02 1.05333806e+02 1.67049177e+00 6.87379611e+01 1.23349855e+02 1.19469471e+02 2.71319902e-01 2.22158149e+01 1.20105564e+02 8.03596963e-01 2.20588938e+01 1.00532431e+00 9.38978002e-01 1.07065800e+00
1.49067993e+00 1.41485500e+06 3.45597941e+02 1.05851866e+02 3.26374417e-01 6.89016802e+01 1.23147183e+02 1.19266799e+02 2.94674211e-01 2.23209604e+01 1.20107549e+02 4.03761638e-01 2.21976409e+01 1.00704932e+00 9.42083671e-01 1.06895953e+00
1.49382338e+00 1.42175700e+06 3.46280576e+02 1.06534501e+02 -1.43954668e-01 7.00475622e+01 1.23126155e+02 1.19245771e+02 -6.25626978e-01 2.22486381e+01 1.20138759e+02 -6.45171611e-01 2.16154785e+01 1.00748864e+00 9.45199850e-01 1.06590012e+00
1.49696452e+00 1.42549300e+06 3.46754051e+02 1.07007975e+02 4.64174562e-01 7.21625282e+01 1.23240168e+02 1.19359785e+02 -1.33169232e-01 2.36618181e+01 1.20319161e+02 -4.80723275e-02 2.32391633e+01 1.00803768e+00 9.46845370e-01 1.06462757e+00
1.50010311e+00 1.43085900e+06 3.46615719e+02 1.06869644e+02 -1.98652630e+00 7.48100353e+01 1.23062275e+02 1.19181891e+02 -7.77598872e-01 2.44587924e+01 1.19944052e+02 -1.01297025e+00 2.42545865e+01 1.00639494e+00 9.46939090e-01 1.06278741e+00
1.50324309e+00 1.43852500e+06 3.47738160e+02 1.07992085e+02 1.46385842e+00 7.46074421e+01 1.23031040e+02 1.19150656e+02 -9.89347365e-03 2.40922934e+01 1.20317079e+02 4.41283229e-01 2.36968590e+01 1.00978948e+00 9.52023664e-01 1.06067687e+00
1.50638491e+00 1.44529300e+06 3.47845089e+02 1.08099014e+02 -8.38103170e-01 7.78440450e+01 1.23083504e+02 1.19203121e+02 -2.22186160e-01 2.53216710e+01 1.20275656e+02 -5.43428166e-01 2.49148710e+01 1.00899754e+00 9.52285242e-01 1.05955390e+00
1.50952657e+00 1.44956100e+06 3.49122220e+02 1.09376145e+02 8.35232565e-01 8.21539263e+01 1.23320884e+02 1.19440500e+02 -1.61896691e-01 2.62960346e+01 1.20663676e+02 4.64607430e-01 2.66622311e+01 1.01024088e+00 9.56941742e-01 1.05569737e+00
1.51266870e+00 1.45891900e+06 3.48979879e+02 1.09233804e+02 6.52672161e-01 8.03785118e+01 1.23107996e+02 1.19227612e+02 1.81799234e-01 2.64485549e+01 1.20317755e+02 4.55315950e-01 2.57388650e+01 1.00914337e+00 9.57172266e-01 1.05429650e+00
1.51581187e+00 1.46127300e+06 3.49715629e+02 1.09969553e+02 -5.71187731e-01 8.53596360e+01 1.23086603e+02 1.19206219e+02 -6.17672922e-01 2.75864043e+01 1.20332298e+02 -4.89351300e-01 2.75494781e+01 1.00944648e+00 9.60476567e-01 1.05098502e+00
1.51895448e+00 1.47164500e+06 3.49641300e+02 1.09895224e+02 -1.14024721e+00 8.60659806e+01 1.23066463e+02 1.19186079e+02 -9.75548212e-02 2.72457072e+01 1.20268557e+02 -3.91034625e-01 2.69701400e+01 1.00908225e+00 9.60233036e-01 1.05087225e+00
1.52209753e+00 1.47364300e+06 3.50598871e+02 1.10852795e+02 -9.42242050e-01 8.81728218e+01 1.23126093e+02 1.19245710e+02 -2.40429781e-01 2.91728445e+01 1.20448803e+02 -4.07187593e-01 2.83730520e+01 1.01008919e+00 9.64166291e-01 1.04762965e+00
1.52523777e+00 1.48065300e+06 3.50748442e+02 1.11002366e+02 6.07679610e-01 8.95520043e+01 1.22980109e+02 1.19099725e+02 7.26703544e-02 2.92336841e+01 1.20268064e+02 5.48130077e-01 2.90817133e+01 1.00980975e+00 9.65407656e-01 1.04599310e+00
1.52837748e+00 1.48590100e+06 3.51969253e+02 1.12223178e+02 -1.12357558e+00 9.22551664e+01 1.23119794e+02 1.19239410e+02 4.19931519e-02 3.03943779e+01 1.20544426e+02 -3.08152307e-01 2.99083835e+01 1.01094451e+00 9.70133212e-01 1.04206772e+00
1.53152027e+00 1.49508900e+06 3.53076205e+02 1.13330129e+02 -1.45670014e-01 9.59239861e+01 1.23465009e+02 1.19584626e+02 -1.88944605e-01 3.09761298e+01 1.20847389e+02 -2.15224962e-01 3.06870570e+01 1.01055958e+00 9.73497897e-01 1.03807063e+00
1.53466185e+00 1.49809900e+06 3.53214068e+02 1.13467993e+02 -3.42267144e-01 9.65575083e+01 1.23259512e+02 1.19379129e+02 -2.19980554e-01 3.17688287e+01 1.20707948e+02 -7.82376839e-02 3.12881357e+01 1.01113109e+00 9.74927865e-01 1.03713426e+00
1.53780535e+00 1.50837300e+06 3.54409411e+02 1.14663335e+02 6.06126718e-01 1.00261619e+02 1.23316098e+02 1.19435715e+02 -1.97477161e-01 3.25622766e+01 1.20837169e+02 -1.00097465e-01 3.24038236e+01 1.01173396e+00 9.79817471e-01 1.03257392e+00
1.54094690e+00 1.50861700e+06 3.55152739e+02 1.15406663e+02 -1.92179195e-01 1.01058506e+02 1.23596515e+02 1.19716131e+02 -1.93967165e-01 3.27709384e+01 1.21124535e+02 -5.61668072e-02 3.29066784e+01 1.01176453e+00 9.81836348e-01 1.03048184e+00
1.54408727e+00 1.51992700e+06 3.55139206e+02 1.15393130e+02 -1.37342915e+00 1.02616072e+02 1.23540377e+02 1.19659994e+02 -3.03256262e-01 3.43676654e+01 1.21035684e+02 -4.34146608e-01 3.38818426e+01 1.01149666e+00 9.82009049e-01 1.03002784e+00
1.54722932e+00 1.52212500e+06 3.56373097e+02 1.16627022e+02 9.13821831e-01 1.06398888e+02 1.23643579e+02 1.19763195e+02 -1.59986926e-01 3.53805551e+01 1.21114600e+02 1.98644019e-01 3.44997576e+01 1.01128398e+00 9.86819918e-01 1.02479081e+00
1.55037199e+00 1.53333700e+06 3.56701341e+02 1.16955266e+02 -6.14795720e-01 1.09837344e+02 1.23738424e+02 1.19858040e+02 -3.61279099e-01 3.61847615e+01 1.21167631e+02 -6.29993465e-01 3.58726109e+01 1.01092619e+00 9.87816563e-01 1.02339465e+00
1.55351406e+00 1.53359700e+06 3.57449346e+02 1.17703271e+02 7.35649521e-01 1.11140399e+02 1.23851865e+02 1.19971481e+02 -1.94002000e-01 3.59729409e+01 1.21323994e+02 1.10733492e-01 3.56819931e+01 1.01127361e+00 9.90501769e-01 1.02097103e+00
1.55665465e+00 1.54450300e+06 3.59308775e+02 1.19562699e+02 -6.27854069e-02 1.15690592e+02 1.24028307e+02 1.20147923e+02 -1.90606418e-01 3.78093371e+01 1.21830253e+02 -6.45884469e-02 3.77216325e+01 1.01400216e+00 9.97561596e-01 1.01648075e+00
1.55979533e+00 1.54630500e+06 3.59069563e+02 1.19323487e+02 -1.22393181e+00 1.16498350e+02 1.24001859e+02 1.20121475e+02 -5.99292400e-01 3.89062078e+01 1.21540139e+02 -7.54935631e-01 3.82457238e+01 1.01181025e+00 9.96672879e-01 1.01518790e+00
1.56293700e+00 1.55760100e+06 3.60656330e+02 1.20910255e+02 -7.62610183e-01 1.20800301e+02 1.24196578e+02 1.20316194e+02 -1.42435278e-01 3.94846384e+01 1.22064810e+02 -4.71039818e-01 3.93004442e+01 1.01453351e+00 1.00246571e+00 1.01203811e+00
1.56607963e+00 1.55995900e+06 3.61336351e+02 1.21590276e+02 -4.72199983e-01 1.23688398e+02 1.24368672e+02 1.20488288e+02 -3.41429975e-01 4.06304495e+01 1.21975225e+02 -4.30914502e-01 4.01209327e+01 1.01234092e+00 1.00456260e+00 1.00774299e+00
1.56921959e+00 1.56730500e+06 3.62181608e+02 1.22435532e+02 6.79997217e-01 1.24903524e+02 1.24445005e+02 1.20564621e+02 -1.71862606e-01 4.19808345e+01 1.22174280e+02 4.07738942e-03 4.09483086e+01 1.01335100e+00 1.00772909e+00 1.00557880e+00
1.57236193e+00 1.57524100e+06 3.62899051e+02 1.23152976e+02 -7.87462918e-02 1.28672878e+02 1.24699514e+02 1.20819130e+02 -4.65079958e-03 4.25388470e+01 1.22323548e+02 1.98517064e-02 4.18565170e+01 1.01245182e+00 1.00961223e+00 1.00281256e+00
1.57550198e+00 1.57736700e+06 3.64178840e+02 1.24432764e+02 3.54550430e-01 1.32454359e+02 1.24938624e+02 1.21058240e+02 -7.20017336e-02 4.45542305e+01 1.22647154e+02 -8.56194190e-02 4.39128502e+01 1.01312520e+00 1.01384181e+00 9.99293180e-01
1.57864183e+00 1.58738500e+06 3.65503434e+02 1.25757359e+02 4.67779568e-01 1.35265050e+02 1.24872453e+02 1.20992069e+02 9.11829917e-02 4.45843294e+01 1.22765107e+02 3.43296446e-01 4.39347354e+01 1.01465416e+00 1.01950240e+00 9.95244509e-01
1.58178466e+00 1.59359700e+06 3.66452313e+02 1.26706238e+02 1.40775398e+00 1.39938777e+02 1.25143311e+02 1.21262927e+02 -2.69056795e-03 4.58859637e+01 1.22981973e+02 3.53168442e-01 4.56253455e+01 1.01417618e+00 1.02219788e+00 9.92152503e-01
1.58492583e+00 1.59747700e+06 3.67711126e+02 1.27965051e+02 5.46922640e-01 1.40904214e+02 1.25448269e+02 1.21567886e+02 -3.00765679e-01 4.70712244e+01 1.23514994e+02 2.57471262e-01 4.66538658e+01 1.01601663e+00 1.02597376e+00 9.90294945e-01
1.58806885e+00 1.60902700e+06 3.68393930e+02 1.28647855e+02 5.84274525e-01 1.45153260e+02 1.25496486e+02 1.21616102e+02 -7.15201287e-02 4.82594552e+01 1.23415713e+02 3.29339021e-02 4.78406418e+01 1.01479747e+00 1.02850341e+00 9.86673906e-01
1.59121046e+00 1.60840500e+06 3.69872394e+02 1.30126319e+02 8.76848740e-01 1.50475322e+02 1.25915043e+02 1.22034659e+02 -2.43399946e-01 4.99620742e+01 1.23844561e+02 -1.91343496e-01 4.96197540e+01 1.01483105e+00 1.03262105e+00 9.82771992e-01
1.59435141e+00 1.62108100e+06 3.70828988e+02 1.31082913e+02 -5.17185860e-01 1.51437399e+02 1.26067606e+02 1.22187222e+02 -1.72700849e-01 5.08560646e+01 1.24056662e+02 -4.63159669e-01 5.03633785e+01 1.01529980e+00 1.03576241e+00 9.80243916e-01
1.59749526e+00 1.62423900e+06 3.72328345e+02 1.32582270e+02 -2.72364056e-01 1.55791527e+02 1.26409327e+02 1.22528943e+02 -1.30944642e-01 5.17425943e+01 1.24393455e+02 -4.53940159e-02 5.10553799e+01 1.01521691e+00 1.04021564e+00 9.75967738e-01
1.60063766e+00 1.63184500e+06 3.73620573e+02 1.33874498e+02 5.67375993e-01 1.60653860e+02 1.26500857e+02 1.22620473e+02 -3.09225869e-01 5.33001291e+01 1.24527231e+02 4.67956365e-02 5.30653854e+01 1.01555008e+00 1.04488245e+00 9.71927589e-01
1.60377568e+00 1.63372900e+06 3.75086111e+02 1.35340036e+02 7.51739827e-01 1.62727970e+02 1.26921227e+02 1.23040843e+02 -3.31215322e-01 5.46293518e+01 1.25006117e+02 -2.72873517e-01 5.34984028e+01 1.01597253e+00 1.04878989e+00 9.68709304e-01
1.60691761e+00 1.64716500e+06 3.75961546e+02 1.36215470e+02 -1.29536596e+00 1.68577976e+02 1.27195804e+02 1.23315420e+02 -3.10583154e-01 5.63518837e+01 1.25271521e+02 -1.41004142e-01 5.53245505e+01 1.01586258e+00 1.05100437e+00 9.66563607e-01
1.61006129e+00 1.64475100e+06 3.76925143e+02 1.37179067e+02 8.60018067e-01 1.61051035e+02 1.27384127e+02 1.23503743e+02 3.50086775e-01 5.41246322e+01 1.25697043e+02 2.31942507e-01 5.35161525e+01 1.01775897e+00 1.05391082e+00 9.65697434e-01
1.61320330e+00 1.64334000e+06 3.76649300e+02 1.36903225e+02 2.69333884e-01 1.48902989e+02 1.26986742e+02 1.23106359e+02 -4.48486080e-02 5.03387971e+01 1.25042825e+02 -1.61193226e-01 4.89849557e+01 1.01573003e+00 1.05454859e+00 9.63189399e-01
1.61634370e+00 1.63670800e+06 3.76770974e+02 1.37024898e+02 5.66159948e-01 1.34951567e+02 1.26842879e+02 1.22962496e+02 5.20598655e-01 4.49131934e+01 1.25075597e+02 6.16776062e-01 4.45959521e+01 1.01718493e+00 1.05563410e+00 9.63577181e-01
1.61948456e+00 1.63747800e+06 3.76769344e+02 1.37023268e+02 8.26028078e-01 1.21073691e+02 1.26771431e+02 1.22891047e+02 -3.49272153e-01 4.04630630e+01 1.24939426e+02 -6.39278385e-02 3.97293999e+01 1.01666826e+00 1.05593464e+00 9.62813618e-01
1.62262738e+00 1.63118200e+06 3.77189744e+02 1.37443668e+02 6.22353708e-01 1.07800238e+02 1.26530245e+02 1.22649862e+02 -3.68766134e-01 3.60850511e+01 1.25034064e+02 1.13657912e-02 3.54293045e+01 1.01943910e+00 1.05859256e+00 9.63013662e-01
1.62576725e+00 1.62901000e+06 3.76918389e+02 1.37172314e+02 2.90192792e-01 9.50842120e+01 1.26249297e+02 1.22368913e+02 2.53826740e-01 3.16245975e+01 1.24554457e+02 9.83415247e-02 3.09823809e+01 1.01786028e+00 1.05876038e+00 9.61369828e-01
1.62890889e+00 1.62552600e+06 3.77072553e+02 1.37326478e+02 4.15716739e-02 8.44263563e+01 1.26206437e+02 1.22326054e+02 -3.49289402e-02 2.80639376e+01 1.24615281e+02 -2.62959673e-02 2.79126536e+01 1.01871415e+00 1.05954073e+00 9.61467656e-01
1.63205108e+00 1.62316600e+06 3.76864689e+02 1.37118614e+02 5.42898424e-01 7.10618238e+01 1.26150646e+02 1.22270263e+02 7.43920526e-03 2.33504015e+01 1.24620050e+02 -1.72410668e-01 2.31954548e+01 1.01921798e+00 1.05898007e+00 9.62452469e-01
1.63519208e+00 1.61727000e+06 3.77183125e+02 1.37437050e+02 1.60970639e-01 5.69890108e+01 1.25746983e+02 1.21866599e+02 -3.89919114e-01 1.87294990e+01 1.24248891e+02 -3.67132271e-01 1.83301949e+01 1.01954835e+00 1.06196344e+00 9.60059749e-01
1.63833471e+00 1.61774200e+06 3.76917156e+02 1.37171081e+02 8.28499615e-01 4.58789657e+01 1.25597398e+02 1.21717014e+02 3.37185348e-02 1.44467470e+01 1.24068011e+02 -1.13799783e-01 1.42488595e+01 1.01931527e+00 1.06158711e+00 9.60180532e-01
1.64147734e+00 1.61133000e+06 3.77094649e+02 1.37348573e+02 7.66666688e-01 3.30569565e+01 1.25381931e+02 1.21501547e+02 -2.09223383e-01 1.09238726e+01 1.23898072e+02 1.88467518e-01 1.03985244e+01 1.01972423e+00 1.06321519e+00 9.59094869e-01
1.64461860e+00 1.60827400e+06 3.76868543e+02 1.37122467e+02 2.05766004e-01 1.94616924e+01 1.25280744e+02 1.21400360e+02 -1.37904572e-01 6.91770355e+00 1.23884583e+02 4.43198169e-02 6.45232603e+00 1.02046306e+00 1.06278232e+00 9.60180688e-01
1.64775979e+00 1.60474000e+06 3.77528742e+02 1.37782666e+02 -2.33281159e-01 8.74469149e+00 1.25221017e+02 1.21340634e+02 -1.25972981e-01 2.91085815e+00 1.24005590e+02 -2.73298047e-01 2.69046719e+00 1.02196260e+00 1.06559988e+00 9.59049095e-01
1.65090299e+00 1.60329000e+06 3.76852025e+02 1.37105949e+02 -1.11638148e+00 -2.48303799e+00 1.24857241e+02 1.20976857e+02 -7.46854349e-01 -1.03476010e+00 1.23489239e+02 -6.82996699e-01 -1.42104298e+00 1.02076746e+00 1.06457681e+00 9.58848107e-01
1.65404374e+00 1.59506800e+06 3.77149585e+02 1.37403510e+02 -6.25980526e-04 -1.37787136e+01 1.24518334e+02 1.20637950e+02 -1.44467596e-01 -5.01232376e+00 1.23260827e+02 -5.16890013e-01 -4.93696037e+00 1.02174173e+00 1.06722733e+00 9.57379649e-01
1.65718382e+00 1.59555600e+06 3.77166230e+02 1.37420154e+02 8.99658548e-01 -2.83889162e+01 1.24483708e+02 1.20603324e+02 -4.79527322e-03 -9.32212359e+00 1.23260674e+02 2.61887040e-01 -9.54494931e+00 1.02203380e+00 1.06744517e+00 9.57457889e-01
1.66032595e+00 1.58947000e+06 3.77213634e+02 1.37467559e+02 -1.95931768e-02 -3.67533914e+01 1.24574208e+02 1.20693824e+02 -2.54602287e-01 -1.26923470e+01 1.23293897e+02 -1.01411703e-01 -1.25158019e+01 1.02154272e+00 1.06722892e+00 9.57191749e-01
1.66346563e+00 1.58637000e+06 3.77143521e+02 1.37397445e+02 6.94296787e-02 -4.93534607e+01 1.24193735e+02 1.20313352e+02 6.61654079e-02 -1.63374996e+01 1.23080113e+02 -1.21061315e-01 -1.58924138e+01 1.02299629e+00 1.06864244e+00 9.57285859e-01
1.66660826e+00 1.58502400e+06 3.77657036e+02 1.37910961e+02 -3.97675067e-01 -5.86551259e+01 1.24077239e+02 1.20196856e+02 -3.12077253e-01 -1.96036506e+01 1.23115730e+02 -1.27233002e-01 -1.91200359e+01 1.02428412e+00 1.07115628e+00 9.56241525e-01
1.66975224e+00 1.57998400e+06 3.77969765e+02 1.38223689e+02 1.38560940e+00 -7.01667641e+01 1.24037126e+02 1.20156742e+02 3.98155153e-01 -2.28853474e+01 1.23201008e+02 6.92884530e-01 -2.26568460e+01 1.02533578e+00 1.07254906e+00 9.55980308e-01
1.67289340e+00 1.57554000e+06 3.77255225e+02 1.37509149e+02 -8.37872863e-01 -8.24805965e+01 1.23762120e+02 1.19881736e+02 -5.81192377e-03 -2.64973697e+01 1.22658548e+02 -8.99757180e-02 -2.69639132e+01 1.02316293e+00 1.07099954e+00 9.55334607e-01
1.67603557e+00 1.57250200e+06 3.77655904e+02 1.37909829e+02 8.88356104e-01 -9.32266977e+01 1.23527662e+02 1.19647279e+02 1.23529332e-01 -3.06854069e+01 1.22602067e+02 1.77461334e-01 -3.04991011e+01 1.02469583e+00 1.07360913e+00 9.54440303e-01
1.67917575e+00 1.56695400e+06 3.77629482e+02 1.37883407e+02 9.30320877e-01 -1.06062677e+02 1.23558942e+02 1.19678558e+02 1.19964890e-01 -3.43434162e+01 1.22707194e+02 4.86301700e-01 -3.46883408e+01 1.02530642e+00 1.07336598e+00 9.55225373e-01
1.68231530e+00 1.56376600e+06 3.77497836e+02 1.37751761e+02 8.56102367e-01 -1.14728729e+02 1.23190918e+02 1.19310534e+02 -2.71734037e-01 -3.78453734e+01 1.22377811e+02 8.97795287e-02 -3.75216127e+01 1.02570835e+00 1.07450684e+00 9.54585222e-01
1.68545815e+00 1.56273400e+06 3.77655537e+02 1.37909462e+02 4.69396366e-01 -1.25276421e+02 1.23153420e+02 1.19273037e+02 7.17769477e-02 -4.07550520e+01 1.22350698e+02 4.69836585e-01 -4.09496646e+01 1.02580350e+00 1.07529071e+00 9.53977833e-01
1.68859898e+00 1.55454600e+06 3.78087327e+02 1.38341252e+02 9.92512758e-01 -1.34723550e+02 1.23005349e+02 1.19124965e+02 -5.88781062e-02 -4.42175856e+01 1.22274504e+02 1.59472527e-01 -4.40081767e+01 1.02643895e+00 1.07764187e+00 9.52486141e-01
1.69174153e+00 1.55576200e+06 3.77585615e+02 1.37839539e+02 1.63111364e+00 -1.46232150e+02 1.22826415e+02 1.18946032e+02 3.38578800e-01 -4.70113859e+01 1.22132461e+02 6.19070943e-01 -4.67060438e+01 1.02678886e+00 1.07649478e+00 9.53826145e-01
1.69488500e+00 1.54890600e+06 3.78028002e+02 1.38281926e+02 1.23683014e+00 -1.55890186e+02 1.22723155e+02 1.18842771e+02 -5.46844219e-02 -5.04057573e+01 1.22031718e+02 4.60348983e-01 -5.04163142e+01 1.02683332e+00 1.07868919e+00 9.51926965e-01
1.69802567e+00 1.54388800e+06 3.79022533e+02 1.39276458e+02 3.32342622e-01 -1.65940618e+02 1.22479539e+02 1.18599155e+02 3.69733408e-02 -5.33897501e+01 1.22121689e+02 -9.08229875e-02 -5.29842587e+01 1.02970117e+00 1.08367251e+00 9.50195891e-01
1.70116544e+00 1.54142400e+06 3.78246812e+02 1.38500737e+02 2.52671089e-01 -1.74680714e+02 1.22374923e+02 1.18494539e+02 2.25244364e-01 -5.65116809e+01 1.21766447e+02 9.64518094e-02 -5.64777225e+01 1.02761231e+00 1.08112740e+00 9.50500662e-01
1.70430524e+00 1.53500200e+06 3.78218913e+02 1.38472838e+02 3.33596575e-01 -1.83820314e+02 1.22172577e+02 1.18292194e+02 3.00643021e-01 -5.95073512e+01 1.21680804e+02 4.61213508e-01 -5.93820426e+01 1.02864610e+00 1.08194268e+00 9.50739921e-01
1.70744892e+00 1.53750400e+06 3.78969621e+02 1.39223545e+02 1.91512608e-01 -1.94743443e+02 1.22086595e+02 1.18206212e+02 -9.45368612e-02 -6.26182310e+01 1.21752086e+02 8.78618493e-02 -6.21818563e+01 1.02999736e+00 1.08526599e+00 9.49073655e-01
1.71059024e+00 1.52541000e+06 3.78815392e+02 1.39069317e+02 7.74735640e-01 -2.04813312e+02 1.21960591e+02 1.18080207e+02 -4.50302786e-02 -6.61569218e+01 1.21528982e+02 2.42569986e-02 -6.61049283e+01 1.02920705e+00 1.08524328e+00 9.48365279e-01
1.71373082e+00 1.52753200e+06 3.78540918e+02 1.38794843e+02 2.94935050e-01 -2.16111362e+02 1.21982351e+02 1.18101968e+02 -3.15219449e-01 -6.95609951e+01 1.21619492e+02 -2.11349304e-01 -6.97542641e+01 1.02978379e+00 1.08407193e+00 9.49922020e-01
1.71687458e+00 1.52127000e+06 3.79285317e+02 1.39539241e+02 1.04766472e+00 -2.23397430e+02 1.21576303e+02 1.17695920e+02 -5.96797187e-02 -7.17801857e+01 1.21281705e+02 3.85752906e-01 -7.14756408e+01 1.03046652e+00 1.08884855e+00 9.46381870e-01
1.72001632e+00 1.51691200e+06 3.79534658e+02 1.39788583e+02 8.46250041e-01 -2.32819576e+02 1.21774647e+02 1.17894264e+02 3.06813796e-01 -7.44999696e+01 1.21609266e+02 7.98348129e-01 -7.42205518e+01 1.03151131e+00 1.08890380e+00 9.47293327e-01
1.72315668e+00 1.51224000e+06 3.78742742e+02 1.38996666e+02 8.78449992e-01 -2.41735961e+02 1.21337802e+02 1.17457419e+02 -1.20505151e-02 -7.71879443e+01 1.21035249e+02 6.19744194e-02 -7.72265594e+01 1.03046066e+00 1.08783234e+00 9.47260546e-01
1.72630007e+00 1.51114000e+06 3.79619794e+02 1.39873718e+02 2.10048722e-01 -2.52519185e+02 1.21280820e+02 1.17400436e+02 -5.92887744e-02 -8.00634827e+01 1.21133983e+02 -1.47968376e-01 -8.06062493e+01 1.03180181e+00 1.09152379e+00 9.45285687e-01
1.72944158e+00 1.50184600e+06 3.78684455e+02 1.38938380e+02 -6.23906450e-02 -2.61139912e+02 1.21122367e+02 1.17241984e+02 1.01734879e-01 -8.28568339e+01 1.20743033e+02 -1.41542954e-01 -8.28574078e+01 1.02986174e+00 1.08860302e+00 9.46039756e-01
1.73258192e+00 1.50236400e+06 3.79404059e+02 1.39657984e+02 1.31176305e+00 -2.69949537e+02 1.20973933e+02 1.17093549e+02 -1.56033726e-01 -8.54732310e+01 1.20916054e+02 1.62353512e-01 -8.56772562e+01 1.03264488e+00 1.09211004e+00 9.45550214e-01
1.73572466e+00 1.49533000e+06 3.79641047e+02 1.39894971e+02 5.61682705e-01 -2.78634078e+02 1.20943699e+02 1.17063316e+02 1.71948139e-01 -8.84488549e+01 1.20835972e+02 4.97897051e-01 -8.84706174e+01 1.03222749e+00 1.09317739e+00 9.44245184e-01
1.73886724e+00 1.49373000e+06 3.79887488e+02 1.40141413e+02 1.57753330e+00 -2.88326067e+02 1.20679232e+02 1.16798848e+02 1.11484245e-01 -9.07768268e+01 1.20671366e+02 4.06172889e-01 -9.13494899e+01 1.03315544e+00 1.09537788e+00 9.43195461e-01
1.74200983e+00 1.48685200e+06 3.79987743e+02 1.40241668e+02 2.49523632e-01 -2.97017623e+02 1.20666405e+02 1.16786021e+02 -4.10610277e-01 -9.32839917e+01 1.20732335e+02 -2.27921814e-01 -9.40055938e+01 1.03379098e+00 1.09582979e+00 9.43386448e-01
1.74514851e+00 1.48129000e+06 3.80453943e+02 1.40707868e+02 3.55548176e-01 -3.03952022e+02 1.20503756e+02 1.16623372e+02 -3.71427466e-01 -9.59993623e+01 1.20497658e+02 -9.72252149e-02 -9.63801219e+01 1.03322049e+00 1.09841484e+00 9.40646875e-01
1.74829124e+00 1.48267800e+06 3.81050588e+02 1.41304513e+02 9.95053129e-01 -3.13475990e+02 1.20496285e+02 1.16615901e+02 -1.33302898e-01 -9.87671253e+01 1.20783168e+02 2.46162425e-01 -9.93268914e+01 1.03573498e+00 1.10077645e+00 9.40913100e-01
1.75143402e+00 1.47190000e+06 3.81320744e+02 1.41574669e+02 1.53922679e+00 -3.23122633e+02 1.20220351e+02 1.16339967e+02 3.81411771e-01 -1.01291213e+02 1.20568684e+02 6.34924194e-01 -1.02165363e+02 1.03634793e+00 1.10313410e+00 9.39457801e-01
1.75457232e+00 1.47016800e+06 3.80105613e+02 1.40359537e+02 3.31057187e-01 -3.30846107e+02 1.20126428e+02 1.16246045e+02 4.96845243e-02 -1.04188076e+02 1.20211498e+02 1.52466595e-01 -1.04529267e+02 1.03411259e+00 1.09883345e+00 9.41100392e-01
1.75771404e+00 1.46620000e+06 3.81279279e+02 1.41533204e+02 4.72497173e-01 -3.37873033e+02 1.20169046e+02 1.16288663e+02 -9.04860035e-03 -1.06125464e+02 1.20475943e+02 4.26339954e-01 -1.06983775e+02 1.03600764e+00 1.10321582e+00 9.39079756e-01
1.76085552e+00 1.46112000e+06 3.81309332e+02 1.41563257e+02 2.75013947e-01 -3.45919752e+02 1.19856485e+02 1.15976101e+02 2.54122207e-01 -1.08668219e+02 1.20197191e+02 -8.58269529e-03 -1.09363673e+02 1.03639620e+00 1.10481871e+00 9.38069021e-01
1.76399593e+00 1.45675600e+06 3.80903015e+02 1.41156940e+02 -7.09777317e-01 -3.54272219e+02 1.19699211e+02 1.15818828e+02 -2.26876064e-01 -1.11056489e+02 1.19926519e+02 -1.98129802e-01 -1.11389527e+02 1.03546652e+00 1.10398084e+00 9.37938856e-01
1.76713777e+00 1.45255600e+06 3.81332896e+02 1.41586821e+02 1.02841532e+00 -3.62306668e+02 1.19750172e+02 1.15869788e+02 -7.70736604e-02 -1.13500094e+02 1.19973097e+02 1.96133931e-01 -1.13788644e+02 1.03541310e+00 1.10541743e+00 9.36671590e-01
1.77028132e+00 1.45045200e+06 3.81701925e+02 1.41955849e+02 6.51968125e-01 -3.70521650e+02 1.19588355e+02 1.15707972e+02 -6.81553535e-02 -1.15437040e+02 1.19949361e+02 1.76119737e-01 -1.16317528e+02 1.03665598e+00 1.10763075e+00 9.35921991e-01
1.77342221e+00 1.44031600e+06 3.82171438e+02 1.42425363e+02 1.32519251e-01 -3.77981110e+02 1.19487752e+02 1.15607368e+02 3.51356039e-03 -1.17881248e+02 1.19914572e+02 1.89935013e-01 -1.18639074e+02 1.03725717e+00 1.10994360e+00 9.34513410e-01
1.77656569e+00 1.44416400e+06 3.81802946e+02 1.42056871e+02 5.74011506e-01 -3.85320821e+02 1.19335544e+02 1.15455160e+02 1.01429202e-01 -1.20432369e+02 1.19785023e+02 2.57348957e-01 -1.21386782e+02 1.03750255e+00 1.10923725e+00 9.35329703e-01
1.77970960e+00 1.43153200e+06 3.82631614e+02 1.42885538e+02 -2.76132136e-01 -3.93469871e+02 1.19235559e+02 1.15355175e+02 5.10472232e-02 -1.22113731e+02 1.19855750e+02 -2.51970642e-01 -1.22363232e+02 1.03901494e+00 1.11294985e+00 9.33568513e-01
1.78284899e+00 1.43034000e+06 3.82924212e+02 1.43178137e+02 1.35449057e-01 -4.01297839e+02 1.19225739e+02 1.15345356e+02 -2.49160306e-01 -1.24440717e+02 1.19998110e+02 9.65493123e-02 -1.25653027e+02 1.04033760e+00 1.11413623e+00 9.33761573e-01
1.78598978e+00 1.42463200e+06 3.83228442e+02 1.43482366e+02 5.55722894e-01 -4.07107997e+02 1.18962773e+02 1.15082389e+02 8.34063733e-02 -1.26709129e+02 1.19749077e+02 1.00349638e-01 -1.27505875e+02 1.04055085e+00 1.11659282e+00 9.31898207e-01
1.78913289e+00 1.42199800e+06 3.83569323e+02 1.43823248e+02 6.39848807e-01 -4.17459336e+02 1.18783798e+02 1.14903415e+02 -3.17655219e-01 -1.28610913e+02 1.19780044e+02 8.63312068e-03 -1.30036049e+02 1.04244112e+00 1.11878872e+00 9.31758700e-01
1.79227415e+00 1.41469800e+06 3.83592636e+02 1.43846561e+02 -5.19234196e-01 -4.22327055e+02 1.19019239e+02 1.15138855e+02 -4.07630816e-02 -1.30720270e+02 1.19863358e+02 -1.05689444e-01 -1.32041943e+02 1.04103309e+00 1.11773484e+00 9.31377508e-01
1.79541342e+00 1.40998000e+06 3.83664955e+02 1.43918880e+02 1.13548171e+00 -4.32005374e+02 1.18859527e+02 1.14979144e+02 1.85728303e-01 -1.33634033e+02 1.19624220e+02 3.52454092e-01 -1.34840525e+02 1.04039929e+00 1.11879199e+00 9.29930941e-01
1.79855365e+00 1.40653200e+06 3.84483994e+02 1.44737919e+02 -6.63079824e-04 -4.37431845e+02 1.18629319e+02 1.14748936e+02 1.71645132e-01 -1.35097098e+02 1.19654356e+02 3.04619026e-01 -1.36522750e+02 1.04274916e+00 1.12309587e+00 9.28459616e-01
1.80169642e+00 1.40294800e+06 3.84834852e+02 1.45088777e+02 2.97986712e-01 -4.46347905e+02 1.18705024e+02 1.14824640e+02 -2.36712320e-01 -1.37015318e+02 1.19860994e+02 6.10151689e-02 -1.38477498e+02 1.04386127e+00 1.12408554e+00 9.28631518e-01
1.80483660e+00 1.39421400e+06 3.84417061e+02 1.44670986e+02 8.30495148e-01 -4.52998597e+02 1.18527026e+02 1.14646642e+02 2.27408463e-01 -1.39518369e+02 1.19569813e+02 2.93010628e-01 -1.41278858e+02 1.04294212e+00 1.12333697e+00 9.28432123e-01
1.80797771e+00 1.39487200e+06 3.85026750e+02 1.45280674e+02 4.91809704e-01 -4.59512853e+02 1.18606442e+02 1.14726058e+02 -2.23976146e-01 -1.41158902e+02 1.19803932e+02 -5.34030728e-01 -1.42575259e+02 1.04426085e+00 1.12531184e+00 9.27974646e-01
1.81112080e+00 1.38546400e+06 3.85442239e+02 1.45696163e+02 -3.13943370e-02 -4.68122477e+02 1.18403085e+02 1.14522701e+02 7.29023813e-02 -1.43558768e+02 1.19574510e+02 -1.06633441e-02 -1.45186259e+02 1.04411185e+00 1.12791992e+00 9.25696793e-01
1.81426013e+00 1.38263400e+06 3.85483126e+02 1.45737051e+02 9.68520966e-01 -4.74884788e+02 1.18188019e+02 1.14307635e+02 -8.34061174e-03 -1.44761629e+02 1.19421903e+02 6.37282874e-01 -1.47056485e+02 1.04474126e+00 1.12913890e+00 9.25254866e-01
1.81740241e+00 1.37815000e+06 3.85200023e+02 1.45453948e+02 3.99406478e-01 -4.81163687e+02 1.17983009e+02 1.14102626e+02 -1.95644926e-02 -1.46833373e+02 1.19175321e+02 3.75273595e-01 -1.48860526e+02 1.04445730e+00 1.12905458e+00 9.25072461e-01
1.82054749e+00 1.37494800e+06 3.86054971e+02 1.46308896e+02 -2.95181700e-01 -4.88276355e+02 1.18053607e+02 1.14173223e+02 -1.50778629e-02 -1.48799747e+02 1.19352610e+02 2.45354517e-01 -1.51133885e+02 1.04536428e+00 1.13201775e+00 9.23452203e-01
1.82369176e+00 1.36820800e+06 3.86427524e+02 1.46681448e+02 1.02948147e+00 -4.94479218e+02 1.17848360e+02 1.13967976e+02 2.70062906e-01 -1.50275438e+02 1.19235006e+02 6.86354389e-01 -1.52205055e+02 1.04621499e+00 1.13447826e+00 9.22199247e-01
1.82683164e+00 1.36062400e+06 3.86459541e+02 1.46713466e+02 7.02180381e-01 -5.01314336e+02 1.17754255e+02 1.13873871e+02 4.39541155e-02 -1.52141534e+02 1.19178638e+02 9.48398926e-02 -1.54067433e+02 1.04658458e+00 1.13507079e+00 9.22043446e-01
1.82997175e+00 1.35897000e+06 3.87090003e+02 1.47343928e+02 6.90776287e-01 -5.08409723e+02 1.17698733e+02 1.13818349e+02 -2.69280813e-02 -1.54565689e+02 1.19106955e+02 1.23898218e-01 -1.56507796e+02 1.04646531e+00 1.13778442e+00 9.19739540e-01
1.83311600e+00 1.35404200e+06 3.87463430e+02 1.47717354e+02 -1.37111788e-01 -5.13969256e+02 1.17518853e+02 1.13638470e+02 -1.65204765e-01 -1.55678838e+02 1.19201627e+02 1.82641912e-02 -1.58464627e+02 1.04895488e+00 1.14012658e+00 9.20033700e-01
1.83625711e+00 1.34592600e+06 3.87507011e+02 1.47760935e+02 3.01182032e-01 -5.21768764e+02 1.17481317e+02 1.13600934e+02 1.22044322e-01 -1.57843685e+02 1.19160207e+02 2.31173652e-03 -1.60113665e+02 1.04893686e+00 1.14048313e+00 9.19730275e-01
1.83939708e+00 1.34369800e+06 3.87990163e+02 1.48244087e+02 2.17968843e-01 -5.27625489e+02 1.17366885e+02 1.13486501e+02 -7.06132090e-02 -1.58984291e+02 1.19187804e+02 -1.35254100e-01 -1.61766152e+02 1.05023772e+00 1.14292199e+00 9.18905867e-01
1.84253931e+00 1.33693800e+06 3.88196760e+02 1.48450685e+02 -4.57856450e-02 -5.34432603e+02 1.17569877e+02 1.13689494e+02 3.82772999e-02 -1.61327161e+02 1.19258992e+02 4.28917242e-02 -1.64002641e+02 1.04898868e+00 1.14269660e+00 9.17994049e-01
1.84567961e+00 1.33241800e+06 3.88517575e+02 1.48771500e+02 1.00076930e+00 -5.42440169e+02 1.17325312e+02 1.13444928e+02 -1.01955927e-01 -1.63133140e+02 1.19123008e+02 -3.23381183e-02 -1.66158141e+02 1.05005142e+00 1.14516305e+00 9.16944896e-01
1.84882118e+00 1.32773200e+06 3.89021793e+02 1.49275718e+02 7.49891879e-02 -5.46418540e+02 1.17489907e+02 1.13609524e+02 6.62962518e-02 -1.65130740e+02 1.19174469e+02 2.14675106e-01 -1.67500783e+02 1.04898308e+00 1.14627076e+00 9.15126793e-01
1.85196290e+00 1.32187800e+06 3.88709165e+02 1.48963089e+02 6.22291637e-01 -5.52355334e+02 1.17180496e+02 1.13300112e+02 2.90536540e-02 -1.65984504e+02 1.18882447e+02 2.73317684e-01 -1.68605287e+02 1.04927034e+00 1.14663228e+00 9.15088784e-01
1.85510412e+00 1.31770600e+06 3.89623340e+02 1.49877265e+02 4.78622547e-02 -5.58822954e+02 1.17067891e+02 1.13187507e+02 -2.10890569e-01 -1.67576008e+02 1.18993484e+02 -1.54457031e-01 -1.70341672e+02 1.05129521e+00 1.15071727e+00 9.13599919e-01
1.85824730e+00 1.31208600e+06 3.90053278e+02 1.50307202e+02 1.01576693e+00 -5.65915886e+02 1.17155723e+02 1.13275340e+02 -6.36014574e-02 -1.69353644e+02 1.19280002e+02 2.77774023e-01 -1.72716315e+02 1.05300944e+00 1.15191971e+00 9.14134405e-01
1.86138769e+00 1.30613200e+06 3.90792689e+02 1.51046614e+02 3.17598960e-01 -5.72222750e+02 1.17108759e+02 1.13228375e+02 2.93772856e-01 -1.71138077e+02 1.19232646e+02 1.83698074e-01 -1.74354376e+02 1.05302797e+00 1.15498903e+00 9.11721188e-01
1.86452920e+00 1.30165200e+06 3.91100520e+02 1.51354445e+02 2.86971877e-01 -5.77700512e+02 1.17143565e+02 1.13263181e+02 3.13986455e-01 -1.73441985e+02 1.19227764e+02 5.42527211e-01 -1.76533928e+02 1.05266126e+00 1.15598770e+00 9.10616320e-01
1.86766987e+00 1.29526000e+06 3.91405208e+02 1.51659133e+02 5.40778273e-01 -5.84842232e+02 1.16880364e+02 1.12999981e+02 1.05660721e-01 -1.74171753e+02 1.19167492e+02 2.46001009e-01 -1.77701666e+02 1.05457976e+00 1.15849750e+00 9.10299557e-01
1.87081039e+00 1.29112000e+06 3.91844608e+02 1.52098532e+02 3.94627703e-01 -5.91309492e+02 1.16712204e+02 1.12831821e+02 4.55102115e-02 -1.75464430e+02 1.19078331e+02 3.47931239e-01 -1.79257796e+02 1.05536124e+00 1.16103875e+00 9.08980210e-01
1.87395240e+00 1.28523000e+06 3.92502265e+02 1.52756190e+02 6.03785797e-01 -5.97781218e+02 1.16849618e+02 1.12969234e+02 1.52985071e-01 -1.77296285e+02 1.19115269e+02 1.94029435e-01 -1.81132436e+02 1.05440450e+00 1.16283827e+00 9.06750770e-01
1.87709532e+00 1.28220400e+06 3.92599617e+02 1.52853542e+02 2.40517407e-02 -6.01524473e+02 1.16638757e+02 1.12758374e+02 2.74153253e-01 -1.78916063e+02 1.18950736e+02 2.54545917e-01 -1.82182772e+02 1.05491709e+00 1.16429586e+00 9.06055871e-01
1.88023910e+00 1.27392000e+06 3.92808247e+02 1.53062172e+02 2.75515960e-01 -6.09002468e+02 1.16661446e+02 1.12781062e+02 -1.90534738e-01 -1.80154241e+02 1.19130923e+02 -4.42846312e-02 -1.84531358e+02 1.05630255e+00 1.16497296e+00 9.06718509e-01
1.88337777e+00 1.26841000e+06 3.93656755e+02 1.53910679e+02 3.80840314e-01 -6.14211345e+02 1.16608921e+02 1.12728537e+02 -1.67175676e-01 -1.81566211e+02 1.19097514e+02 1.85783418e-02 -1.85631699e+02 1.05649835e+00 1.16846966e+00 9.04172686e-01
1.88651605e+00 1.26227400e+06 3.93682729e+02 1.53936654e+02 -5.40621289e-01 -6.19331818e+02 1.16667414e+02 1.12787031e+02 2.12152666e-01 -1.83231719e+02 1.19031970e+02 3.92871941e-02 -1.87080750e+02 1.05536931e+00 1.16826520e+00 9.03364501e-01
1.88966128e+00 1.26292000e+06 3.95034165e+02 1.55288090e+02 8.72208438e-01 -6.27293767e+02 1.16596363e+02 1.12715979e+02 -2.67699019e-01 -1.84492414e+02 1.19268615e+02 1.65097591e-01 -1.89288187e+02 1.05813405e+00 1.17375196e+00 9.01497152e-01
1.89280455e+00 1.25019400e+06 3.94961091e+02 1.55215016e+02 1.28120324e-01 -6.32289838e+02 1.16519199e+02 1.12638815e+02 -2.21938189e-01 -1.85934585e+02 1.19057959e+02 9.39340115e-02 -1.90455975e+02 1.05698873e+00 1.17387764e+00 9.00424965e-01
1.89594491e+00 1.24922400e+06 3.96290046e+02 1.56543970e+02 1.13225488e-01 -6.39392591e+02 1.16498696e+02 1.12618312e+02 1.12543672e-01 -1.87694487e+02 1.19326050e+02 2.42794252e-01 -1.92377359e+02 1.05956170e+00 1.17899962e+00 8.98695540e-01
1.89908741e+00 1.24150600e+06 3.95854727e+02 1.56108652e+02 1.73538080e-01 -6.42723646e+02 1.16427930e+02 1.12547546e+02 8.74952479e-02 -1.89209542e+02 1.19191402e+02 1.97055673e-01 -1.93560612e+02 1.05903155e+00 1.17772928e+00 8.99214761e-01
1.90222933e+00 1.23678600e+06 3.95915662e+02 1.56169587e+02 3.81043538e-01 -6.49849845e+02 1.16559440e+02 1.12679056e+02 4.09392221e-02 -1.90867888e+02 1.19395444e+02 2.55573070e-01 -1.95775627e+02 1.05960635e+00 1.17727150e+00 9.00052668e-01
1.90536922e+00 1.22938000e+06 3.97712899e+02 1.57966823e+02 1.57205908e-01 -6.56393491e+02 1.16600062e+02 1.12719679e+02 -3.54283751e-02 -1.91774718e+02 1.19537215e+02 9.29147187e-02 -1.96759665e+02 1.06048222e+00 1.18381291e+00 8.95819104e-01
1.90850943e+00 1.22575600e+06 3.96733370e+02 1.56987295e+02 1.00294659e+00 -6.60174951e+02 1.16109904e+02 1.12229521e+02 -4.27011729e-02 -1.93003416e+02 1.18909694e+02 -5.25583490e-02 -1.97619600e+02 1.05952242e+00 1.18271117e+00 8.95842070e-01
1.91165266e+00 1.22037000e+06 3.98113725e+02 1.58367649e+02 3.01491049e-01 -6.68158830e+02 1.16341649e+02 1.12461266e+02 -1.25135299e-01 -1.94640473e+02 1.19298324e+02 6.15823556e-02 -2.00146456e+02 1.06079478e+00 1.18667489e+00 8.93921993e-01
1.91479565e+00 1.21442800e+06 3.98477246e+02 1.58731171e+02 1.16499905e-01 -6.71571531e+02 1.16358741e+02 1.12478358e+02 8.14163704e-02 -1.96022176e+02 1.19359272e+02 2.11359894e-01 -2.01153039e+02 1.06117545e+00 1.18794580e+00 8.93286085e-01
1.91793615e+00 1.20682800e+06 3.98975634e+02 1.59229559e+02 2.84010753e-01 -6.77611361e+02 1.16196193e+02 1.12315809e+02 -1.60787701e-01 -1.97254394e+02 1.19356276e+02 -2.31312006e-01 -2.02647514e+02 1.06268456e+00 1.19066997e+00 8.92509748e-01
1.92107814e+00 1.20474400e+06 3.99962631e+02 1.60216556e+02 4.22323851e-01 -6.83330663e+02 1.16153499e+02 1.12273116e+02 -2.88189852e-01 -1.98146095e+02 1.19382632e+02 3.06562209e-02 -2.03797623e+02 1.06332341e+00 1.19458156e+00 8.90122062e-01
1.92422076e+00 1.19551200e+06 4.00032208e+02 1.60286132e+02 4.69363505e-01 -6.89129930e+02 1.16327293e+02 1.12446909e+02 -1.11413660e-01 -1.99740864e+02 1.19521202e+02 6.43120857e-02 -2.05678530e+02 1.06291229e+00 1.19391721e+00 8.90273025e-01
1.92736167e+00 1.19159800e+06 4.00522639e+02 1.60776563e+02 -5.55944981e-01 -6.93747214e+02 1.16166615e+02 1.12286231e+02 -3.13951752e-03 -2.01082436e+02 1.19368789e+02 -1.44081550e-01 -2.06704605e+02 1.06307592e+00 1.19659757e+00 8.88415578e-01
1.93050237e+00 1.18456600e+06 4.01444804e+02 1.61698729e+02 5.88811622e-01 -7.00927196e+02 1.16170124e+02 1.12289740e+02 4.93839048e-02 -2.02326681e+02 1.19544887e+02 2.76056307e-01 -2.08509837e+02 1.06461095e+00 1.20000558e+00 8.87171672e-01
1.93364217e+00 1.17869400e+06 4.02051329e+02 1.62305253e+02 2.92695832e-01 -7.05016155e+02 1.16250585e+02 1.12370201e+02 2.00223822e-01 -2.04136085e+02 1.19608668e+02 1.07001102e-01 -2.09637755e+02 1.06441625e+00 1.20182355e+00 8.85667657e-01
1.93678368e+00 1.17476800e+06 4.02744295e+02 1.62998219e+02 -1.68734296e-01 -7.11658873e+02 1.16385484e+02 1.12505100e+02 -4.55436367e-02 -2.05296346e+02 1.19855033e+02 3.64538158e-02 -2.11683351e+02 1.06532978e+00 1.20366415e+00 8.85072286e-01
1.93992533e+00 1.16665800e+06 4.03069214e+02 1.63323139e+02 5.24380986e-01 -7.17206070e+02 1.16380872e+02 1.12500488e+02 -4.68088684e-02 -2.06850601e+02 1.19761556e+02 -9.62047924e-02 -2.12729210e+02 1.06454254e+00 1.20488794e+00 8.83519963e-01
1.94306853e+00 1.16420200e+06 4.03908420e+02 1.64162345e+02 -7.00329533e-01 -7.21139439e+02 1.16440384e+02 1.12560000e+02 -1.11482074e-01 -2.07928797e+02 1.19965504e+02 -4.28467039e-01 -2.13960912e+02 1.06579161e+00 1.20766014e+00 8.82526119e-01
1.94620973e+00 1.15420200e+06 4.05083294e+02 1.65337219e+02 4.05027228e-01 -7.29117202e+02 1.16223548e+02 1.12343165e+02 1.19259473e-01 -2.09063742e+02 1.19908323e+02 6.83511879e-03 -2.15681146e+02 1.06733973e+00 1.21314297e+00 8.79813638e-01
1.94935187e+00 1.15154800e+06 4.05026896e+02 1.65280820e+02 4.21942762e-01 -7.34052579e+02 1.16093165e+02 1.12212781e+02 1.93374950e-01 -2.09642522e+02 1.19770334e+02 4.24713499e-01 -2.17012666e+02 1.06735019e+00 1.21364052e+00 8.79461569e-01
1.95249573e+00 1.14506200e+06 4.06540635e+02 1.66794560e+02 7.27211420e-01 -7.40956369e+02 1.16211671e+02 1.12331287e+02 2.13176783e-01 -2.11661842e+02 1.20181682e+02 3.63713038e-01 -2.19112192e+02 1.06988609e+00 1.21854220e+00 8.78004958e-01
1.95563542e+00 1.13551800e+06 4.06040133e+02 1.66294057e+02 5.40219362e-01 -7.43504385e+02 1.16219985e+02 1.12339601e+02 -4.55444366e-02 -2.12506784e+02 1.20014430e+02 1.93898041e-01 -2.19808637e+02 1.06831811e+00 1.21666755e+00 8.78069036e-01
1.95877490e+00 1.13372200e+06 4.08282888e+02 1.68536813e+02 1.06087101e+00 -7.51615667e+02 1.16347680e+02 1.12467297e+02 4.49308629e-01 -2.13938612e+02 1.20310114e+02 5.59283541e-01 -2.21521010e+02 1.06973421e+00 1.22414894e+00 8.73859523e-01
1.96191800e+00 1.12557000e+06 4.07767087e+02 1.68021012e+02 1.11007185e+00 -7.55555478e+02 1.16366794e+02 1.12486410e+02 3.26621059e-01 -2.15583224e+02 1.20277578e+02 5.98246873e-01 -2.23071620e+02 1.06926319e+00 1.22217042e+00 8.74888782e-01
1.96506073e+00 1.12103200e+06 4.09913439e+02 1.70167363e+02 -2.54750807e-01 -7.62212633e+02 1.16526708e+02 1.12646324e+02 1.72783371e-02 -2.16516087e+02 1.20891745e+02 -2.85996687e-01 -2.24458627e+02 1.07319742e+00 1.22907850e+00 8.73172397e-01
1.96819909e+00 1.11157800e+06 4.09728923e+02 1.69982847e+02 -1.86109432e-01 -7.65893820e+02 1.16290642e+02 1.12410258e+02 8.15799928e-02 -2.17005661e+02 1.20413243e+02 -2.36958028e-02 -2.24755748e+02 1.07119443e+00 1.22970114e+00 8.71101434e-01
1.97134152e+00 1.11037000e+06 4.10542456e+02 1.70796381e+02 -2.35541899e-01 -7.70570915e+02 1.16358647e+02 1.12478264e+02 -1.01366955e-01 -2.18662168e+02 1.20637416e+02 -5.11964058e-01 -2.26349411e+02 1.07253982e+00 1.23226760e+00 8.70378980e-01
1.97448738e+00 1.10259400e+06 4.11458364e+02 1.71712289e+02 -8.24779168e-01 -7.75680446e+02 1.16431409e+02 1.12551026e+02 -2.05228205e-01 -2.19684880e+02 1.20848039e+02 -2.63831080e-01 -2.27727089e+02 1.07371779e+00 1.23516780e+00 8.69289011e-01
1.97762961e+00 1.09512000e+06 4.12194969e+02 1.72448893e+02 9.48307109e-01 -7.82648551e+02 1.16572754e+02 1.12692370e+02 -5.10298381e-02 -2.21189919e+02 1.20987382e+02 -2.67988117e-04 -2.29431324e+02 1.07360758e+00 1.23703774e+00 8.67885871e-01
1.98076859e+00 1.08818200e+06 4.12705092e+02 1.72959016e+02 -6.27569954e-03 -7.87509760e+02 1.16370470e+02 1.12490087e+02 2.92537960e-02 -2.21940271e+02 1.20988183e+02 -1.00034671e-01 -2.30912400e+02 1.07554529e+00 1.23997942e+00 8.67389632e-01
1.98391011e+00 1.08468600e+06 4.13497062e+02 1.73750987e+02 1.43897452e+00 -7.94814002e+02 1.16646606e+02 1.12766223e+02 1.56782268e-01 -2.23398854e+02 1.21103341e+02 4.57176826e-01 -2.32671697e+02 1.07393276e+00 1.24129248e+00 8.65173021e-01
1.98705278e+00 1.07560600e+06 4.14664514e+02 1.74918439e+02 1.37848079e+00 -8.00813930e+02 1.16681684e+02 1.12801301e+02 -1.13887023e-01 -2.24526311e+02 1.21170510e+02 1.18317933e-01 -2.33540761e+02 1.07419426e+00 1.24526202e+00 8.62625091e-01
1.99019236e+00 1.07137000e+06 4.15560125e+02 1.75814050e+02 -8.95123696e-01 -8.03155433e+02 1.16774165e+02 1.12893782e+02 -1.01430284e-02 -2.25966046e+02 1.21493316e+02 -2.16252340e-01 -2.34791689e+02 1.07617368e+00 1.24793446e+00 8.62363939e-01
1.99333230e+00 1.06249200e+06 4.16570739e+02 1.76824663e+02 -5.56563201e-01 -8.09546599e+02 1.16962728e+02 1.13082344e+02 -1.24248330e-01 -2.27172021e+02 1.21755587e+02 -2.12758297e-01 -2.36259232e+02 1.07669847e+00 1.25047214e+00 8.61033560e-01
1.99647481e+00 1.06070200e+06 4.17564944e+02 1.77818869e+02 -5.26983295e-01 -8.14796058e+02 1.16879876e+02 1.12999492e+02 2.30837278e-01 -2.28329798e+02 1.21760633e+02 4.45149826e-02 -2.37772185e+02 1.07753257e+00 1.25444226e+00 8.58973427e-01
1.99961754e+00 1.05017400e+06 4.17683194e+02 1.77937119e+02 1.49578075e+00 -8.20504768e+02 1.16901080e+02 1.13020697e+02 3.11827676e-01 -2.29529258e+02 1.21698598e+02 5.05489143e-01 -2.38987199e+02 1.07678152e+00 1.25474157e+00 8.58169958e-01
2.00275786e+00 1.04591800e+06 4.18906870e+02 1.79160795e+02 -2.32312389e-01 -8.25439428e+02 1.16952439e+02 1.13072055e+02 -2.19142271e-01 -2.30206244e+02 1.22046163e+02 -4.35152894e-01 -2.39874591e+02 1.07936628e+00 1.25876265e+00 8.57481973e-01
2.00589922e+00 1.03902600e+06 4.19862459e+02 1.80116384e+02 1.25422180e+00 -8.32065671e+02 1.16936339e+02 1.13055956e+02 3.09928905e-01 -2.31477828e+02 1.21996502e+02 5.49883205e-01 -2.41681210e+02 1.07908072e+00 1.26220497e+00 8.54917182e-01
2.00904186e+00 1.03286200e+06 4.21604647e+02 1.81858572e+02 -1.85454567e-01 -8.37334476e+02 1.17107753e+02 1.13227369e+02 -5.11502594e-02 -2.32710083e+02 1.22196774e+02 -8.57762596e-02 -2.42879452e+02 1.07921587e+00 1.26733427e+00 8.51563705e-01
2.01218285e+00 1.02586000e+06 4.22351342e+02 1.82605267e+02 1.54475579e+00 -8.44381534e+02 1.17242409e+02 1.13362025e+02 4.04980711e-01 -2.34167229e+02 1.22570398e+02 5.98939995e-01 -2.45152280e+02 1.08122978e+00 1.26917892e+00 8.51912811e-01
2.01532198e+00 1.01871000e+06 4.23123635e+02 1.83377559e+02 1.69884638e-01 -8.47158575e+02 1.17319948e+02 1.13439564e+02 -7.10483936e-02 -2.35006475e+02 1.22593144e+02 1.34630634e-01 -2.45472971e+02 1.08069125e+00 1.27142521e+00 8.49984128e-01
2.01846435e+00 1.01456800e+06 4.24298277e+02 1.84552201e+02 9.34510253e-01 -8.55453235e+02 1.17447721e+02 1.13567337e+02 3.52389358e-01 -2.36658705e+02 1.22810175e+02 3.42282698e-01 -2.47668368e+02 1.08138641e+00 1.27477311e+00 8.48297161e-01
2.02160908e+00 1.00779600e+06 4.25223749e+02 1.85477674e+02 1.24476231e-01 -8.59238374e+02 1.17465320e+02 1.13584936e+02 -3.28576447e-01 -2.37072256e+02 1.22958882e+02 -2.11004955e-01 -2.48435174e+02 1.08252807e+00 1.27786640e+00 8.47137126e-01
2.02475151e+00 9.99340000e+05 4.26304291e+02 1.86558215e+02 3.58982371e-01 -8.64705429e+02 1.17627102e+02 1.13746718e+02 2.80257743e-01 -2.39182388e+02 1.23330943e+02 2.40348217e-01 -2.50366518e+02 1.08425935e+00 1.28067152e+00 8.46633452e-01
2.02789095e+00 9.93780000e+05 4.27342537e+02 1.87596462e+02 9.92566831e-01 -8.71434918e+02 1.17693753e+02 1.13813369e+02 2.19809512e-01 -2.40064877e+02 1.23347047e+02 2.91591985e-01 -2.51757920e+02 1.08376589e+00 1.28385413e+00 8.44150335e-01
2.03103040e+00 9.85300000e+05 4.27511448e+02 1.87765372e+02 -1.21207506e-01 -8.74293395e+02 1.17969475e+02 1.14089091e+02 1.34206757e-01 -2.41599986e+02 1.23619848e+02 7.36514478e-02 -2.52872538e+02 1.08353785e+00 1.28287899e+00 8.44614228e-01
2.03417393e+00 9.83464000e+05 4.29380483e+02 1.89634408e+02 -3.17885990e-01 -8.79764163e+02 1.18171672e+02 1.14291288e+02 1.07257278e-02 -2.42466660e+02 1.24024365e+02 2.03576225e-01 -2.54661303e+02 1.08516027e+00 1.28810720e+00 8.42445624e-01
2.03731551e+00 9.71214000e+05 4.30458596e+02 1.90712520e+02 3.85906520e-01 -8.86501290e+02 1.18086737e+02 1.14206353e+02 -9.36967945e-02 -2.43138252e+02 1.23813638e+02 1.88588671e-01 -2.55054719e+02 1.08412216e+00 1.29224384e+00 8.38945500e-01
2.04045542e+00 9.68356000e+05 4.30857968e+02 1.91111893e+02 -8.69930994e-01 -8.89745057e+02 1.18102945e+02 1.14222562e+02 -1.35785240e-01 -2.44210958e+02 1.23969303e+02 -7.58153804e-02 -2.56231876e+02 1.08533114e+00 1.29350440e+00 8.39062584e-01
2.04360060e+00 9.62040000e+05 4.33499278e+02 1.93753202e+02 7.17487079e-01 -9.00775007e+02 1.18228596e+02 1.14348212e+02 4.07985474e-02 -2.45574005e+02 1.24434061e+02 4.03586227e-01 -2.59012077e+02 1.08820294e+00 1.30169655e+00 8.35988184e-01
2.04674341e+00 9.52462000e+05 4.33192520e+02 1.93446445e+02 7.38738290e-01 -9.04077545e+02 1.18496583e+02 1.14616200e+02 1.57373592e-01 -2.47124438e+02 1.24351980e+02 9.93351973e-02 -2.59567965e+02 1.08494245e+00 1.29914425e+00 8.35120850e-01
2.04988219e+00 9.47110000e+05 4.34509526e+02 1.94763451e+02 -5.02433808e-01 -9.07288505e+02 1.18673843e+02 1.14793460e+02 4.25477219e-02 -2.47825823e+02 1.24794090e+02 1.98927669e-01 -2.60861077e+02 1.08711847e+00 1.30255226e+00 8.34606408e-01
2.05302458e+00 9.40842000e+05 4.36211739e+02 1.96465664e+02 3.00831475e-01 -9.15892883e+02 1.18764874e+02 1.14884490e+02 7.20829855e-03 -2.48992286e+02 1.25019898e+02 8.71843729e-02 -2.62161215e+02 1.08822259e+00 1.30771357e+00 8.32156688e-01
2.05616728e+00 9.33076000e+05 4.36940225e+02 1.97194150e+02 6.98950936e-01 -9.21192588e+02 1.18777681e+02 1.14897297e+02 1.11215517e-01 -2.50362825e+02 1.24789849e+02 3.85252308e-01 -2.63440470e+02 1.08609908e+00 1.31006278e+00 8.29043536e-01
2.05930946e+00 9.28062000e+05 4.37699395e+02 1.97953320e+02 6.86032160e-01 -9.25480199e+02 1.18963583e+02 1.15083199e+02 9.98851390e-02 -2.51469538e+02 1.25032558e+02 2.64474614e-01 -2.64551226e+02 1.08645362e+00 1.31152155e+00 8.28391740e-01
2.06244947e+00 9.17152000e+05 4.39843230e+02 2.00097155e+02 -4.21324510e-01 -9.31670077e+02 1.19034268e+02 1.15153885e+02 -2.50569193e-01 -2.51993564e+02 1.25459740e+02 -1.30825782e-01 -2.65500221e+02 1.08949638e+00 1.31819956e+00 8.26503371e-01
2.06558772e+00 9.14124000e+05 4.40666117e+02 2.00920042e+02 -2.25829249e-01 -9.37423935e+02 1.19446787e+02 1.15566403e+02 8.90296835e-02 -2.54007543e+02 1.25768044e+02 1.40459263e-01 -2.67582858e+02 1.08827514e+00 1.31854766e+00 8.25358973e-01
2.06873078e+00 9.05692000e+05 4.42513780e+02 2.02767704e+02 6.06219097e-01 -9.46774080e+02 1.19647450e+02 1.15767066e+02 -4.78722152e-02 -2.55303380e+02 1.26157619e+02 1.62566720e-01 -2.69676149e+02 1.08975397e+00 1.32344799e+00 8.23420318e-01
2.07187300e+00 8.99860000e+05 4.44411283e+02 2.04665208e+02 9.05155570e-01 -9.52541479e+02 1.19598401e+02 1.15718017e+02 -3.92861079e-02 -2.55820132e+02 1.26351893e+02 1.12947802e-01 -2.70398792e+02 1.09189473e+00 1.32990776e+00 8.21030427e-01
2.07501490e+00 8.92248000e+05 4.45095131e+02 2.05349056e+02 -5.02125954e-01 -9.55435569e+02 1.20054845e+02 1.16174461e+02 -3.21606701e-01 -2.57616224e+02 1.26653476e+02 -3.07886558e-01 -2.71855882e+02 1.09020068e+00 1.32950820e+00 8.20002971e-01
2.07815670e+00 8.84902000e+05 4.46680675e+02 2.06934599e+02 1.37300777e+00 -9.64492338e+02 1.20132902e+02 1.16252518e+02 3.38070129e-01 -2.59453890e+02 1.27246832e+02 4.20566148e-01 -2.74801159e+02 1.09457269e+00 1.33418290e+00 8.20406776e-01
2.08129805e+00 8.79078000e+05 4.48030302e+02 2.08284227e+02 2.49163901e-01 -9.68505539e+02 1.20352407e+02 1.16472023e+02 -3.11365042e-01 -2.59825981e+02 1.27124163e+02 -2.59182543e-01 -2.74481081e+02 1.09145664e+00 1.33726470e+00 8.16185931e-01
2.08444092e+00 8.70886000e+05 4.49802491e+02 2.10056415e+02 4.13504249e-01 -9.76715469e+02 1.20450962e+02 1.16570579e+02 1.77438345e-02 -2.61359315e+02 1.27644163e+02 2.21546188e-03 -2.76945811e+02 1.09499467e+00 1.34237390e+00 8.15715110e-01
2.08758106e+00 8.64246000e+05 4.50703861e+02 2.10957785e+02 9.40584701e-01 -9.81432592e+02 1.20342565e+02 1.16462181e+02 1.39769422e-01 -2.61834362e+02 1.27420097e+02 4.63874703e-01 -2.77655992e+02 1.09408990e+00 1.34587684e+00 8.12919782e-01
2.09072429e+00 8.58064000e+05 4.52028677e+02 2.12282602e+02 1.13602609e+00 -9.89171561e+02 1.21005072e+02 1.17124688e+02 -3.26414067e-01 -2.63900716e+02 1.27986327e+02 2.61620421e-01 -2.80051401e+02 1.09273569e+00 1.34627251e+00 8.11674963e-01
2.09386939e+00 8.50816000e+05 4.54233183e+02 2.14487108e+02 1.24006543e+00 -9.95582251e+02 1.21330154e+02 1.17449771e+02 2.23467664e-01 -2.65759662e+02 1.28719825e+02 2.53148064e-01 -2.81714294e+02 1.09595638e+00 1.35137074e+00 8.10996086e-01
2.09700872e+00 8.41644000e+05 4.54862301e+02 2.15116226e+02 1.05713298e+00 -1.00011471e+03 1.21471420e+02 1.17591037e+02 1.59941449e-01 -2.67258061e+02 1.28698906e+02 3.20992235e-01 -2.83208575e+02 1.09446187e+00 1.35253800e+00 8.09191219e-01
2.10014679e+00 8.34970000e+05 4.56913571e+02 2.17167495e+02 3.79538571e-01 -1.00766992e+03 1.21657233e+02 1.17776849e+02 -5.70764409e-02 -2.68215817e+02 1.29118706e+02 8.88480709e-02 -2.84884621e+02 1.09629954e+00 1.35789893e+00 8.07349883e-01
2.10329010e+00 8.30718000e+05 4.57956215e+02 2.18210140e+02 5.03091017e-01 -1.01138357e+03 1.21861456e+02 1.17981073e+02 3.30480842e-02 -2.69107243e+02 1.29173921e+02 2.43167482e-01 -2.85463854e+02 1.09486987e+00 1.35997615e+00 8.05065490e-01
2.10643032e+00 8.18782000e+05 4.59916519e+02 2.20170444e+02 -6.23455617e-01 -1.01888510e+03 1.22052837e+02 1.18172453e+02 1.91525686e-01 -2.71339029e+02 1.29596757e+02 3.40233337e-01 -2.88237558e+02 1.09667484e+00 1.36496458e+00 8.03445641e-01
2.10956908e+00 8.15484000e+05 4.62143017e+02 2.22396942e+02 3.33248727e-01 -1.02640612e+03 1.22242467e+02 1.18362083e+02 -8.60982721e-02 -2.71174517e+02 1.29853428e+02 -3.78960705e-02 -2.88225085e+02 1.09708637e+00 1.37074953e+00 8.00355094e-01
2.11271308e+00 8.07460000e+05 4.63368642e+02 2.23622567e+02 1.18502842e+00 -1.03524937e+03 1.22375118e+02 1.18494734e+02 2.09250526e-01 -2.73238861e+02 1.29972902e+02 4.53656475e-01 -2.90528162e+02 1.09686648e+00 1.37375184e+00 7.98445862e-01
2.11585675e+00 7.99936000e+05 4.65050324e+02 2.25304249e+02 -1.20264580e-01 -1.03909738e+03 1.22942240e+02 1.19061856e+02 -4.83558300e-01 -2.73880671e+02 1.30761073e+02 -1.64368381e-01 -2.91960948e+02 1.09826167e+00 1.37561963e+00 7.98375976e-01
2.11899503e+00 7.91196000e+05 4.66420203e+02 2.26674128e+02 1.05272199e+00 -1.04699882e+03 1.22981429e+02 1.19101046e+02 3.69575037e-02 -2.75767229e+02 1.30914758e+02 3.32551150e-01 -2.94142933e+02 1.09919067e+00 1.37956825e+00 7.96764256e-01
2.12213389e+00 7.85128000e+05 4.68285585e+02 2.28539510e+02 6.94856441e-01 -1.05689690e+03 1.23151139e+02 1.19270755e+02 4.10405695e-02 -2.77344981e+02 1.31287293e+02 -4.40725627e-02 -2.96140207e+02 1.10075007e+00 1.38424722e+00 7.95197604e-01
2.12528033e+00 7.80168000e+05 4.70533462e+02 2.30787387e+02 -1.42490557e-01 -1.06014045e+03 1.23581065e+02 1.19700681e+02 7.80115548e-02 -2.78480810e+02 1.31746560e+02 2.12827919e-02 -2.97016591e+02 1.10063334e+00 1.38853785e+00 7.92656342e-01
2.12842387e+00 7.69432000e+05 4.71394199e+02 2.31648123e+02 -3.54145537e-01 -1.06669359e+03 1.23801563e+02 1.19921179e+02 2.79390301e-01 -2.80647227e+02 1.31999727e+02 2.46246419e-01 -2.99444605e+02 1.10072072e+00 1.38984525e+00 7.91973579e-01
2.13156355e+00 7.62898000e+05 4.74267735e+02 2.34521660e+02 -3.96809438e-01 -1.07478656e+03 1.24159010e+02 1.20278627e+02 6.39623620e-02 -2.81548813e+02 1.32602244e+02 1.46738420e-02 -3.00678399e+02 1.10245891e+00 1.39635952e+00 7.89523683e-01
2.13470343e+00 7.55670000e+05 4.75503225e+02 2.35757150e+02 -7.75325956e-01 -1.07979577e+03 1.24570768e+02 1.20690384e+02 1.20320059e-01 -2.83338072e+02 1.32997286e+02 1.73615312e-01 -3.02369802e+02 1.10197085e+00 1.39764251e+00 7.88449725e-01
2.13784584e+00 7.48084000e+05 4.77849478e+02 2.38103403e+02 1.21254203e+00 -1.09223760e+03 1.24783936e+02 1.20903552e+02 1.43652690e-01 -2.84976923e+02 1.33516260e+02 1.92701122e-01 -3.04862532e+02 1.10432041e+00 1.40334119e+00 7.86922255e-01
2.14098621e+00 7.40802000e+05 4.79092704e+02 2.39346629e+02 1.64251496e+00 -1.09714221e+03 1.25105275e+02 1.21224891e+02 3.78923421e-01 -2.86423844e+02 1.33502303e+02 8.37366633e-01 -3.06311355e+02 1.10127798e+00 1.40513404e+00 7.83752969e-01
2.14412676e+00 7.32814000e+05 4.81397782e+02 2.41651706e+02 7.28379255e-01 -1.10448394e+03 1.25426340e+02 1.21545956e+02 -7.47379672e-02 -2.87621631e+02 1.34303676e+02 6.79215384e-02 -3.07836425e+02 1.10496211e+00 1.41001806e+00 7.83651033e-01
2.14727026e+00 7.26930000e+05 4.83836997e+02 2.44090921e+02 1.41489557e+00 -1.11568822e+03 1.25761265e+02 1.21880882e+02 -1.85032058e-01 -2.89112881e+02 1.34881616e+02 8.06613096e-02 -3.10685637e+02 1.10666755e+00 1.41516807e+00 7.82004324e-01
2.15041287e+00 7.17988000e+05 4.84761464e+02 2.45015388e+02 -1.19233271e+00 -1.11646590e+03 1.25902166e+02 1.22021782e+02 -6.93072883e-02 -2.90148195e+02 1.34805415e+02 -3.34359265e-01 -3.10311964e+02 1.10476517e+00 1.41702659e+00 7.79636162e-01
2.15355492e+00 7.10638000e+05 4.87734036e+02 2.47987961e+02 -6.00100297e-01 -1.12756201e+03 1.26335589e+02 1.22455205e+02 -2.47274746e-01 -2.91929875e+02 1.35555631e+02 -1.71222641e-01 -3.13499118e+02 1.10698138e+00 1.42307134e+00 7.77881854e-01
2.15669546e+00 7.03290000e+05 4.89266830e+02 2.49520755e+02 8.66772726e-01 -1.13473944e+03 1.26822602e+02 1.22942218e+02 3.16607792e-01 -2.94548211e+02 1.36023727e+02 6.45864311e-01 -3.16375692e+02 1.10640372e+00 1.42463239e+00 7.76624006e-01
2.15983399e+00 6.93670000e+05 4.90778841e+02 2.51032766e+02 9.05680236e-01 -1.14542160e+03 1.26801406e+02 1.22921022e+02 2.43461142e-01 -2.95891606e+02 1.36159729e+02 6.13454680e-01 -3.18592506e+02 1.10770092e+00 1.42906547e+00 7.75122585e-01
2.16297630e+00 6.89790000e+05 4.93736702e+02 2.53990627e+02 -5.18325683e-01 -1.14916476e+03 1.27453009e+02 1.23572626e+02 4.98586723e-01 -2.97289177e+02 1.36961742e+02 3.39884685e-01 -3.19217579e+02 1.10835018e+00 1.43366508e+00 7.73088632e-01
2.16612082e+00 6.79972000e+05 4.95513948e+02 2.55767872e+02 2.59293843e-01 -1.15950812e+03 1.27478253e+02 1.23597870e+02 5.23732888e-01 -2.99076516e+02 1.37076627e+02 4.16292208e-01 -3.21301734e+02 1.10905332e+00 1.43852530e+00 7.70965462e-01
2.16926222e+00 6.72132000e+05 4.96789603e+02 2.57043528e+02 1.08072444e+00 -1.16806313e+03 1.27668635e+02 1.23788251e+02 4.49392625e-02 -2.99589750e+02 1.37249619e+02 4.47075614e-01 -3.22898977e+02 1.10874511e+00 1.44099881e+00 7.69428194e-01
2.17240467e+00 6.65974000e+05 4.99203945e+02 2.59457869e+02 -9.71879461e-01 -1.17262100e+03 1.28379470e+02 1.24499086e+02 -1.35510802e-01 -3.01942267e+02 1.38186431e+02 -4.16499448e-01 -3.24507653e+02 1.10993932e+00 1.44361153e+00 7.68862880e-01
2.17554535e+00 6.54988000e+05 5.02213833e+02 2.62467758e+02 9.56358289e-02 -1.18699926e+03 1.28396208e+02 1.24515825e+02 3.43355789e-01 -3.03816729e+02 1.38647411e+02 2.79786487e-01 -3.27846866e+02 1.11349229e+00 1.45186323e+00 7.66940211e-01
2.17868486e+00 6.50784000e+05 5.03727397e+02 2.63981322e+02 -7.30132113e-03 -1.19067825e+03 1.29257005e+02 1.25376621e+02 -3.02008008e-01 -3.04813307e+02 1.39114222e+02 -1.59841318e-01 -3.28528666e+02 1.10957067e+00 1.45103644e+00 7.64674574e-01
2.18182967e+00 6.41398000e+05 5.05570655e+02 2.65824580e+02 1.78701933e-01 -1.20218135e+03 1.29515435e+02 1.25635051e+02 1.23406711e-01 -3.07713629e+02 1.39610756e+02 -1.34486044e-01 -3.31314983e+02 1.11124049e+00 1.45459522e+00 7.63951695e-01
2.18497371e+00 6.34296000e+05 5.08443378e+02 2.68697303e+02 1.69026471e-01 -1.21130010e+03 1.29934380e+02 1.26053996e+02 1.91878903e-01 -3.09551705e+02 1.40278437e+02 6.48144119e-01 -3.34957294e+02 1.11284403e+00 1.46000164e+00 7.62221079e-01
2.18811328e+00 6.24736000e+05 5.09565927e+02 2.69819852e+02 1.09713646e+00 -1.21879415e+03 1.30199205e+02 1.26318821e+02 1.29761725e-02 -3.10718191e+02 1.40559920e+02 2.42059960e-01 -3.36013599e+02 1.11273932e+00 1.46151379e+00 7.61360810e-01
2.19124968e+00 6.16776000e+05 5.10350375e+02 2.70604300e+02 1.21379701e+00 -1.22593322e+03 1.30165860e+02 1.26285476e+02 4.55982338e-01 -3.12687020e+02 1.40278223e+02 8.23495935e-01 -3.37811366e+02 1.11080251e+00 1.46383000e+00 7.58832997e-01
2.19439249e+00 6.11902000e+05 5.12875181e+02 2.73129105e+02 6.71900554e-01 -1.23381994e+03 1.30746882e+02 1.26866498e+02 -3.40723615e-01 -3.13716248e+02 1.40974470e+02 -2.09630188e-01 -3.38362242e+02 1.11120329e+00 1.46727161e+00 7.57326237e-01
2.19753435e+00 6.00382000e+05 5.15229772e+02 2.75483697e+02 -5.31019097e-01 -1.24544820e+03 1.30869827e+02 1.26989444e+02 -5.04535492e-02 -3.16361362e+02 1.41706584e+02 -2.39304718e-01 -3.42455593e+02 1.11589262e+00 1.47286907e+00 7.57631924e-01
2.20067398e+00 5.94930000e+05 5.17751905e+02 2.78005830e+02 1.93331145e+00 -1.25509254e+03 1.31683994e+02 1.27803610e+02 2.58825331e-01 -3.18540028e+02 1.42268904e+02 5.82745884e-01 -3.45066198e+02 1.11318376e+00 1.47487560e+00 7.54764513e-01
2.20381420e+00 5.85712000e+05 5.19702924e+02 2.79956849e+02 2.23696279e-01 -1.26267675e+03 1.31651753e+02 1.27771369e+02 1.73581826e-01 -3.19730619e+02 1.42426672e+02 -5.06966499e-02 -3.45724190e+02 1.11469943e+00 1.48022854e+00 7.53059000e-01
2.20695793e+00 5.78778000e+05 5.21383250e+02 2.81637174e+02 2.17034398e+00 -1.27555592e+03 1.32163964e+02 1.28283580e+02 3.14610110e-01 -3.22670809e+02 1.43030953e+02 7.49101499e-01 -3.49938101e+02 1.11495916e+00 1.48169717e+00 7.52487876e-01
2.21010158e+00 5.71066000e+05 5.24320625e+02 2.84574550e+02 -2.34732279e+00 -1.27844367e+03 1.32161014e+02 1.28280631e+02 -2.77597740e-01 -3.22335075e+02 1.43367463e+02 -3.77176052e-01 -3.49560972e+02 1.11760803e+00 1.48942104e+00 7.50364068e-01
2.21324016e+00 5.59918000e+05 5.25420770e+02 2.85674694e+02 -6.77242543e-01 -1.29253980e+03 1.32108498e+02 1.28228114e+02 -1.83853334e-01 -3.24630779e+02 1.43442757e+02 -2.17283524e-01 -3.52710470e+02 1.11865294e+00 1.49260282e+00 7.49464574e-01
2.21638299e+00 5.57052000e+05 5.28683338e+02 2.88937262e+02 -6.09892038e-02 -1.29889385e+03 1.33438575e+02 1.29558191e+02 -1.84205917e-01 -3.27551586e+02 1.44608163e+02 1.81244188e-01 -3.55645687e+02 1.11616380e+00 1.49337659e+00 7.47409468e-01
2.21952670e+00 5.43940000e+05 5.29177338e+02 2.89431263e+02 -4.10747164e-02 -1.31191185e+03 1.33040568e+02 1.29160184e+02 3.06830491e-01 -3.30026675e+02 1.44497834e+02 1.78270335e-01 -3.58437205e+02 1.11874906e+00 1.49695378e+00 7.47350434e-01
2.22266807e+00 5.39346000e+05 5.32140476e+02 2.92394401e+02 1.35738598e+00 -1.32331009e+03 1.33688683e+02 1.29808299e+02 8.31635905e-02 -3.31496876e+02 1.45077297e+02 6.87115647e-01 -3.61066732e+02 1.11762729e+00 1.50083620e+00 7.44669731e-01
2.22580862e+00 5.28796000e+05 5.32154057e+02 2.92407982e+02 -3.33810188e-01 -1.32749725e+03 1.33679862e+02 1.29799478e+02 2.42907694e-01 -3.33472957e+02 1.45076860e+02 3.97045160e-01 -3.62259083e+02 1.11769987e+00 1.50092205e+00 7.44675493e-01
2.22895075e+00 5.22078000e+05 5.34044414e+02 2.94298339e+02 -1.00713925e+00 -1.33990996e+03 1.34091804e+02 1.30211421e+02 -2.71744275e-01 -3.35711559e+02 1.45714771e+02 -6.57461679e-02 -3.65656487e+02 1.11906290e+00 1.50338207e+00 7.44363610e-01
2.23209475e+00 5.14198000e+05 5.36394328e+02 2.96648253e+02 -3.66655877e-01 -1.34668910e+03 1.34220700e+02 1.30340316e+02 -9.32424356e-02 -3.36515496e+02 1.45838394e+02 3.65018864e-02 -3.65995206e+02 1.11890472e+00 1.50862574e+00 7.41671501e-01
2.23523510e+00 5.03710000e+05 5.36991906e+02 2.97245830e+02 5.13021076e-01 -1.36204230e+03 1.34557331e+02 1.30676948e+02 2.41876763e-01 -3.40687344e+02 1.46374987e+02 1.37882450e-01 -3.70643436e+02 1.12012860e+00 1.50819812e+00 7.42693276e-01
2.23837402e+00 4.97652000e+05 5.41478881e+02 3.01732805e+02 -1.60057056e-01 -1.37159498e+03 1.34958418e+02 1.31078035e+02 1.92122502e-01 -3.41614377e+02 1.47296416e+02 2.80821842e-01 -3.73291277e+02 1.12373073e+00 1.51721213e+00 7.40654990e-01
2.24151800e+00 4.88908000e+05 5.40936742e+02 3.01190666e+02 8.25684746e-01 -1.38361720e+03 1.34676404e+02 1.30796021e+02 1.70919020e-01 -3.43798136e+02 1.46500616e+02 1.59762851e-01 -3.74229255e+02 1.12006937e+00 1.51748179e+00 7.38110581e-01
2.24466167e+00 4.80288000e+05 5.41099572e+02 3.01353497e+02 -1.55724927e+00 -1.38553836e+03 1.34926592e+02 1.31046209e+02 -5.26778844e-01 -3.44645794e+02 1.46893254e+02 -1.07985079e+00 -3.74508785e+02 1.12092716e+00 1.51644229e+00 7.39182207e-01
2.24779956e+00 4.71538000e+05 5.42830848e+02 3.03084772e+02 -1.34750290e-01 -1.40219774e+03 1.35148927e+02 1.31268543e+02 2.14126561e-01 -3.48794253e+02 1.47539083e+02 3.98806355e-01 -3.81343654e+02 1.12394851e+00 1.51950357e+00 7.39681386e-01
2.25093546e+00 4.62360000e+05 5.42783351e+02 3.03037275e+02 1.72209680e-01 -1.41174210e+03 1.34798150e+02 1.30917766e+02 -2.93326020e-02 -3.49722452e+02 1.47115096e+02 4.03636231e-01 -3.82681601e+02 1.12372140e+00 1.52141864e+00 7.38601049e-01
2.25407758e+00 4.56976000e+05 5.45662652e+02 3.05916577e+02 8.22797068e-01 -1.42340668e+03 1.35223856e+02 1.31343473e+02 5.23601957e-01 -3.52563055e+02 1.47604396e+02 1.12371978e+00 -3.85989207e+02 1.12380458e+00 1.52615013e+00 7.36365679e-01
2.25722323e+00 4.46398000e+05 5.44081555e+02 3.04335480e+02 2.20515624e+00 -1.43387157e+03 1.35021876e+02 1.31141492e+02 5.24461492e-02 -3.54552826e+02 1.47378491e+02 9.22098330e-01 -3.88277191e+02 1.12381282e+00 1.52337292e+00 7.37713533e-01
2.26036195e+00 4.38312000e+05 5.45838311e+02 3.06092235e+02 -2.19879755e-01 -1.44036610e+03 1.34880546e+02 1.31000162e+02 1.52833860e-01 -3.55697678e+02 1.47106494e+02 3.22404347e-01 -3.88305593e+02 1.12294894e+00 1.52858727e+00 7.34631881e-01
2.26350189e+00 4.30156000e+05 5.45489381e+02 3.05743306e+02 -5.71376263e-01 -1.45378751e+03 1.34458579e+02 1.30578196e+02 -4.29659913e-01 -3.57417061e+02 1.47072326e+02 -2.82387872e-01 -3.91536756e+02 1.12631612e+00 1.53018221e+00 7.36066667e-01
2.26664654e+00 4.22088000e+05 5.43604230e+02 3.03858155e+02 -6.96483136e-01 -1.45863174e+03 1.34458642e+02 1.30578258e+02 -5.93407971e-01 -3.59323011e+02 1.46524520e+02 -3.07835553e-01 -3.92436003e+02 1.12212034e+00 1.52545715e+00 7.35596107e-01
2.26978949e+00 4.13146000e+05 5.45524141e+02 3.05778066e+02 -5.50234114e-01 -1.47514717e+03 1.34342437e+02 1.30462054e+02 -2.65758177e-01 -3.61940308e+02 1.47196781e+02 -3.22505598e-01 -3.97215417e+02 1.12827275e+00 1.53095018e+00 7.36975485e-01
2.27292858e+00 4.04056000e+05 5.44785876e+02 3.05039800e+02 6.32446377e-01 -1.48772130e+03 1.33490628e+02 1.29610244e+02 -1.65163909e-01 -3.63561297e+02 1.46497761e+02 9.31582212e-02 -3.99948839e+02 1.13029462e+00 1.53411738e+00 7.36771926e-01
2.27606948e+00 3.96645000e+05 5.43832945e+02 3.04086870e+02 3.90521809e-01 -1.49478501e+03 1.32930516e+02 1.29050133e+02 -3.06438840e-02 -3.65005451e+02 1.46012934e+02 -3.05508599e-01 -4.00460647e+02 1.13144350e+00 1.53503968e+00 7.37077688e-01
2.27921602e+00 3.89290000e+05 5.42239799e+02 3.02493724e+02 3.34928410e-02 -1.50275171e+03 1.32845237e+02 1.28964853e+02 6.92117305e-02 -3.67838833e+02 1.45734323e+02 2.69564145e-01 -4.03951013e+02 1.13003131e+00 1.53151939e+00 7.37849824e-01
2.28235673e+00 3.80277000e+05 5.44831113e+02 3.05085038e+02 9.35779840e-02 -1.51841167e+03 1.32596371e+02 1.28715987e+02 1.43215792e-01 -3.69335345e+02 1.45886911e+02 2.20648812e-01 -4.06566095e+02 1.13340164e+00 1.53955146e+00 7.36189517e-01
2.28549364e+00 3.74080000e+05 5.42343782e+02 3.02597706e+02 2.30767199e-01 -1.52198226e+03 1.32479081e+02 1.28598697e+02 7.67074284e-02 -3.71057183e+02 1.45523943e+02 4.23986563e-01 -4.08357745e+02 1.13161288e+00 1.53396175e+00 7.37706062e-01
2.28863741e+00 3.67857000e+05 5.44733082e+02 3.04987006e+02 1.26900392e+00 -1.53916773e+03 1.32533718e+02 1.28653335e+02 3.38104460e-01 -3.74060183e+02 1.45741291e+02 5.25805249e-01 -4.11701691e+02 1.13282171e+00 1.53967885e+00 7.35751947e-01
2.29178163e+00 3.60598000e+05 5.43989901e+02 3.04243825e+02 6.09122944e-01 -1.54352093e+03 1.32739829e+02 1.28859445e+02 9.55508681e-02 -3.76188749e+02 1.46022719e+02 3.67405572e-01 -4.14503216e+02 1.13319376e+00 1.53657144e+00 7.37481984e-01
2.29492246e+00 3.54154000e+05 5.45282193e+02 3.05536118e+02 -1.33215218e-01 -1.55394103e+03 1.32514808e+02 1.28634424e+02 -1.69987042e-01 -3.76660931e+02 1.46330536e+02 -9.85582611e-02 -4.16496786e+02 1.13756902e+00 1.54117755e+00 7.38116784e-01
2.29806313e+00 3.47835000e+05 5.44461331e+02 3.04715256e+02 9.71367397e-01 -1.56270901e+03 1.32074039e+02 1.28193655e+02 5.04969036e-01 -3.78960505e+02 1.45496991e+02 5.35445077e-01 -4.17977344e+02 1.13497810e+00 1.54174956e+00 7.36162426e-01
2.30120454e+00 3.41587000e+05 5.45203356e+02 3.05457280e+02 -6.29065027e-01 -1.56914870e+03 1.32301492e+02 1.28421109e+02 2.21944725e-01 -3.80994720e+02 1.45532599e+02 2.53399447e-01 -4.19237435e+02 1.13324515e+00 1.54225800e+00 7.34796092e-01
2.30434832e+00 3.36276000e+05 5.46276943e+02 3.06530868e+02 5.43793820e-03 -1.57896764e+03 1.31810902e+02 1.27930518e+02 9.39365916e-02 -3.80606083e+02 1.45459374e+02 2.87706470e-01 -4.20735081e+02 1.13701857e+00 1.54792540e+00 7.34543514e-01
2.30748882e+00 3.28984000e+05 5.45792336e+02 3.06046261e+02 -1.63420054e-01 -1.58641416e+03 1.32265925e+02 1.28385542e+02 -3.41469663e-01 -3.83596957e+02 1.45832466e+02 -4.69459228e-02 -4.23886737e+02 1.13589478e+00 1.54395799e+00 7.35703162e-01
2.31062948e+00 3.24597000e+05 5.47581780e+02 3.07835705e+02 7.77860243e-01 -1.59869095e+03 1.32080425e+02 1.28200042e+02 -1.23115390e-01 -3.84481405e+02 1.45634750e+02 3.96886806e-01 -4.25011102e+02 1.13599612e+00 1.54958503e+00 7.33096989e-01
2.31377400e+00 3.18196000e+05 5.48359063e+02 3.08612988e+02 -3.93820722e-01 -1.60756456e+03 1.31835806e+02 1.27955423e+02 -8.88572914e-02 -3.85810103e+02 1.45363858e+02 3.22400017e-01 -4.26575282e+02 1.13605078e+00 1.55302251e+00 7.31509539e-01
2.31691508e+00 3.12661000e+05 5.49768317e+02 3.10022242e+02 3.96805395e-01 -1.61861025e+03 1.32230586e+02 1.28350203e+02 3.34371174e-02 -3.88940035e+02 1.46032613e+02 2.41946401e-01 -4.30011161e+02 1.13776690e+00 1.55416866e+00 7.32074281e-01
2.32005200e+00 3.06501000e+05 5.52487221e+02 3.12741146e+02 1.39985142e+00 -1.63267536e+03 1.32697377e+02 1.28816993e+02 -1.25457485e-01 -3.91010045e+02 1.46832635e+02 -4.90421116e-02 -4.32886079e+02 1.13985454e+00 1.55813805e+00 7.31549134e-01
2.32319103e+00 3.02161000e+05 5.52755042e+02 3.13008967e+02 6.51857215e-01 -1.63970565e+03 1.32295158e+02 1.28414774e+02 6.75818799e-02 -3.92054631e+02 1.46739588e+02 2.15800023e-01 -4.35299136e+02 1.14270020e+00 1.56124440e+00 7.31916284e-01
2.32633711e+00 2.97021000e+05 5.53636057e+02 3.13889982e+02 -6.40183821e-01 -1.64883375e+03 1.32236868e+02 1.28356484e+02 -1.99044225e-01 -3.93309700e+02 1.46724216e+02 -2.24436246e-01 -4.36732463e+02 1.14309937e+00 1.56379500e+00 7.30977759e-01
2.32947915e+00 2.91061000e+05 5.56732147e+02 3.16986071e+02 -1.01166647e+00 -1.65944517e+03 1.32849376e+02 1.28968992e+02 -3.03547351e-01 -3.95550626e+02 1.47327293e+02 -7.66874386e-01 -4.38070137e+02 1.14234663e+00 1.56775226e+00 7.28652514e-01
2.33261681e+00 2.86110000e+05 5.52998712e+02 3.13252637e+02 9.25092686e-01 -1.65939272e+03 1.32735537e+02 1.28855154e+02 2.46227866e-01 -3.98045440e+02 1.46952860e+02 2.04445421e-01 -4.40745718e+02 1.14045000e+00 1.55918077e+00 7.31441804e-01
2.33576034e+00 2.81689000e+05 5.57097985e+02 3.17351909e+02 -1.07753255e-01 -1.67611458e+03 1.32725865e+02 1.28845481e+02 1.11550928e-01 -3.98988476e+02 1.47496815e+02 2.32007655e-01 -4.43733222e+02 1.14475738e+00 1.56940836e+00 7.29419703e-01
2.33890718e+00 2.76766000e+05 5.58547776e+02 3.18801700e+02 1.83427184e-01 -1.68651047e+03 1.32891534e+02 1.29011151e+02 4.67431477e-01 -4.01481860e+02 1.47808677e+02 5.00640140e-01 -4.46712581e+02 1.14570466e+00 1.57197882e+00 7.28829581e-01
2.34204685e+00 2.70774000e+05 5.59227804e+02 3.19481729e+02 1.19400966e+00 -1.69574423e+03 1.32788543e+02 1.28908159e+02 1.15469288e-01 -4.02005999e+02 1.47249870e+02 3.15384866e-01 -4.46264203e+02 1.14228511e+00 1.57428302e+00 7.25590694e-01
2.34518433e+00 2.66794000e+05 5.61119069e+02 3.21372994e+02 1.08969673e+00 -1.70683626e+03 1.32936175e+02 1.29055792e+02 -1.12456057e-01 -4.03416495e+02 1.47824893e+02 1.53151273e-01 -4.49052639e+02 1.14543401e+00 1.57803249e+00 7.25862123e-01
2.34833164e+00 2.62662000e+05 5.62213556e+02 3.22467481e+02 3.68760271e-01 -1.71374644e+03 1.32761192e+02 1.28880809e+02 -3.74140287e-02 -4.04206949e+02 1.47841524e+02 2.45882410e-01 -4.50440045e+02 1.14711822e+00 1.58179004e+00 7.25202585e-01
2.35147273e+00 2.56522000e+05 5.62270496e+02 3.22524420e+02 5.56079872e-01 -1.72096142e+03 1.33099938e+02 1.29219555e+02 -4.08110456e-02 -4.06617153e+02 1.48055221e+02 6.61261099e-02 -4.52878277e+02 1.14576483e+00 1.57985483e+00 7.25234247e-01
2.35460459e+00 2.52106000e+05 5.65181801e+02 3.25435726e+02 9.50366066e-01 -1.73475841e+03 1.33788931e+02 1.29908547e+02 8.67199999e-02 -4.10078637e+02 1.49118025e+02 4.66189754e-01 -4.57839112e+02 1.14786924e+00 1.58275521e+00 7.25234852e-01
2.35774582e+00 2.48910000e+05 5.67436919e+02 3.27690844e+02 1.51736488e+00 -1.74741290e+03 1.33651343e+02 1.29770959e+02 8.67480064e-02 -4.10938943e+02 1.49136280e+02 3.62120682e-01 -4.59026849e+02 1.14922692e+00 1.58907134e+00 7.23206624e-01
2.36089216e+00 2.43778000e+05 5.67160483e+02 3.27414408e+02 9.90949187e-01 -1.75166128e+03 1.33778194e+02 1.29897810e+02 -1.86502516e-01 -4.12243440e+02 1.49156837e+02 -1.81250839e-02 -4.60196037e+02 1.14826291e+00 1.58762518e+00 7.23258184e-01
2.36403153e+00 2.39211000e+05 5.69847166e+02 3.30101091e+02 -9.03951076e-01 -1.76146353e+03 1.33872979e+02 1.29992595e+02 -1.28981022e-02 -4.13687605e+02 1.49676340e+02 2.33552716e-01 -4.62992396e+02 1.15142205e+00 1.59354442e+00 7.22554097e-01
2.36716871e+00 2.34862000e+05 5.71796502e+02 3.32050427e+02 6.24969843e-01 -1.77417057e+03 1.34330026e+02 1.30449642e+02 1.65318456e-01 -4.16362719e+02 1.50024788e+02 1.38020532e-01 -4.65135738e+02 1.15005902e+00 1.59544036e+00 7.20841121e-01
2.37031351e+00 2.31615000e+05 5.71533252e+02 3.31787176e+02 3.47510843e-01 -1.77978020e+03 1.34610691e+02 1.30730307e+02 -3.18254368e-02 -4.18160411e+02 1.50147520e+02 -3.16883704e-01 -4.66486773e+02 1.14852878e+00 1.59309494e+00 7.20941829e-01
2.37345750e+00 2.26318000e+05 5.76264262e+02 3.36518187e+02 -1.34041022e+00 -1.79595168e+03 1.34181741e+02 1.30301358e+02 1.97047914e-03 -4.18270756e+02 1.51000321e+02 -3.42014135e-01 -4.70464096e+02 1.15885455e+00 1.60705152e+00 7.21106034e-01
2.37659737e+00 2.22763000e+05 5.76696997e+02 3.36950922e+02 1.11315285e+00 -1.80499160e+03 1.34620387e+02 1.30740004e+02 2.13471079e-01 -4.20887434e+02 1.50547246e+02 8.48195513e-01 -4.71748551e+02 1.15150101e+00 1.60538455e+00 7.17274259e-01
2.37973945e+00 2.18586000e+05 5.77162553e+02 3.37416478e+02 -4.08511077e-01 -1.80910112e+03 1.34529137e+02 1.30648753e+02 1.04014073e-01 -4.21692744e+02 1.50857132e+02 1.38929670e-01 -4.73103508e+02 1.15467717e+00 1.60705414e+00 7.18505453e-01
2.38288120e+00 2.14399000e+05 5.81094271e+02 3.41348195e+02 -5.33774846e-01 -1.82604309e+03 1.34555322e+02 1.30674939e+02 1.54594309e-01 -4.22927626e+02 1.51338369e+02 -2.58888496e-01 -4.75283393e+02 1.15812849e+00 1.61622810e+00 7.16562526e-01
2.38602474e+00 2.10915000e+05 5.81402600e+02 3.41656524e+02 -7.31951919e-02 -1.83183847e+03 1.35484634e+02 1.31604250e+02 -2.93791049e-01 -4.26080700e+02 1.51966204e+02 2.77044998e-02 -4.78761688e+02 1.15472109e+00 1.61123876e+00 7.16666653e-01
2.38916755e+00 2.06542000e+05 5.84642618e+02 3.44896542e+02 2.70190117e-01 -1.84685312e+03 1.35776813e+02 1.31896429e+02 8.61364278e-02 -4.28538122e+02 1.52771845e+02 2.53166250e-01 -4.82647443e+02 1.15827128e+00 1.61706658e+00 7.16279275e-01
2.39230542e+00 2.02611000e+05 5.86783817e+02 3.47037742e+02 -5.17580548e-01 -1.85812130e+03 1.35400268e+02 1.31519885e+02 -2.12367443e-01 -4.28170311e+02 1.52898940e+02 -5.08451837e-01 -4.83347808e+02 1.16255379e+00 1.62439874e+00 7.15682523e-01
2.39545365e+00 1.99999000e+05 5.89113829e+02 3.49367754e+02 -2.83715906e-01 -1.86912848e+03 1.36612665e+02 1.32732281e+02 1.96343587e-01 -4.33309754e+02 1.53998873e+02 -1.88871295e-01 -4.88052926e+02 1.16022170e+00 1.62238204e+00 7.15134706e-01
2.39860202e+00 1.95133000e+05 5.89257749e+02 3.49511673e+02 -1.46723884e+00 -1.87174702e+03 1.36490818e+02 1.32610434e+02 1.54355033e-01 -4.33857651e+02 1.53206101e+02 -8.07152244e-02 -4.86785642e+02 1.15530955e+00 1.62346150e+00 7.11633475e-01
2.40173541e+00 1.90899000e+05 5.91443168e+02 3.51697093e+02 1.33497189e-01 -1.88526570e+03 1.36084410e+02 1.32204026e+02 -3.07574632e-02 -4.32999002e+02 1.53844133e+02 1.51598346e-01 -4.89957730e+02 1.16368720e+00 1.63103037e+00 7.13467524e-01
2.40487443e+00 1.88455000e+05 5.95353676e+02 3.55607600e+02 9.68880766e-01 -1.90318029e+03 1.36596366e+02 1.32715983e+02 -5.27893721e-01 -4.35338747e+02 1.54329248e+02 -3.43666957e-01 -4.92483276e+02 1.16285352e+00 1.63690661e+00 7.10396982e-01
2.40802266e+00 1.84551000e+05 5.95542928e+02 3.55796852e+02 -2.31608815e-01 -1.90598166e+03 1.37197241e+02 1.33316858e+02 3.53008726e-01 -4.39315001e+02 1.54792427e+02 5.72267034e-01 -4.96042983e+02 1.16108667e+00 1.63364812e+00 7.10732415e-01
2.41116462e+00 1.80775000e+05 5.98770051e+02 3.59023976e+02 6.00518998e-01 -1.92224304e+03 1.37099097e+02 1.33218713e+02 4.88326063e-02 -4.39477665e+02 1.54465944e+02 3.03987825e-01 -4.95760041e+02 1.15949134e+00 1.64164447e+00 7.06298688e-01
2.41429838e+00 1.76751000e+05 5.98899805e+02 3.59153730e+02 8.14620186e-01 -1.92631520e+03 1.37567060e+02 1.33686677e+02 3.18714593e-01 -4.42299793e+02 1.55154264e+02 5.86186618e-01 -4.99267377e+02 1.16058135e+00 1.63906481e+00 7.08075327e-01
2.41744517e+00 1.75039000e+05 6.04934086e+02 3.65188011e+02 9.69845169e-01 -1.94963496e+03 1.37951699e+02 1.34071316e+02 -1.49786922e-01 -4.43731788e+02 1.56136703e+02 1.17713966e-01 -5.02644956e+02 1.16457948e+00 1.65040420e+00 7.05632888e-01
2.42059583e+00 1.70335000e+05 6.08628670e+02 3.68882595e+02 6.66890679e-01 -1.96515006e+03 1.39009591e+02 1.35129207e+02 2.80534500e-01 -4.48691660e+02 1.57238178e+02 6.69244078e-01 -5.07999306e+02 1.16361356e+00 1.65222606e+00 7.04270192e-01
2.42373020e+00 1.66683000e+05 6.06327842e+02 3.66581766e+02 -7.72086866e-01 -1.96035574e+03 1.38489815e+02 1.34609432e+02 -7.64495933e-02 -4.47497098e+02 1.56511684e+02 -2.77225432e-01 -5.05653468e+02 1.16270964e+00 1.65024218e+00 7.04569095e-01
2.42686606e+00 1.63939000e+05 6.11043853e+02 3.71297778e+02 4.82506987e-01 -1.97999372e+03 1.39294063e+02 1.35413680e+02 6.86060203e-01 -4.51785442e+02 1.57463633e+02 1.20909704e+00 -5.11480264e+02 1.16283402e+00 1.65588398e+00 7.02243652e-01
2.43001457e+00 1.61163000e+05 6.12002387e+02 3.72256311e+02 6.85752678e-01 -1.98823771e+03 1.38942713e+02 1.35062329e+02 1.27108283e-01 -4.51139127e+02 1.57237413e+02 6.20128254e-01 -5.11399952e+02 1.16418408e+00 1.66017518e+00 7.01241706e-01
2.43315730e+00 1.56979000e+05 6.17850739e+02 3.78104663e+02 7.40263671e-01 -2.01000999e+03 1.39900524e+02 1.36020140e+02 3.24892361e-01 -4.54970280e+02 1.58826800e+02 6.34114962e-01 -5.16873318e+02 1.16767120e+00 1.66726413e+00 7.00351656e-01
2.43629351e+00 1.54279000e+05 6.18891556e+02 3.79145481e+02 8.17624400e-01 -2.01723011e+03 1.39917155e+02 1.36036771e+02 7.51839012e-02 -4.55420391e+02 1.58913927e+02 2.46600673e-01 -5.17767729e+02 1.16816891e+00 1.66945526e+00 6.99730588e-01
2.43943711e+00 1.51356000e+05 6.21270358e+02 3.81524282e+02 -1.54817568e+00 -2.02531826e+03 1.40547307e+02 1.36666923e+02 4.65270842e-02 -4.58577932e+02 1.59717831e+02 -6.94223109e-02 -5.21030557e+02 1.16866486e+00 1.67081891e+00 6.99456327e-01
2.44258554e+00 1.48351000e+05 6.24900086e+02 3.85154011e+02 -7.37865880e-01 -2.04298403e+03 1.40529141e+02 1.36648757e+02 8.77971850e-03 -4.59365581e+02 1.59515580e+02 -3.78974143e-01 -5.21086656e+02 1.16734014e+00 1.67885956e+00 6.95317327e-01
2.44572531e+00 1.44519000e+05 6.28596100e+02 3.88850025e+02 1.19018444e+00 -2.05976157e+03 1.41496270e+02 1.37615887e+02 -1.12061104e-01 -4.62617529e+02 1.61444539e+02 3.12479235e-01 -5.28567139e+02 1.17315335e+00 1.68095768e+00 6.97907728e-01
2.44885824e+00 1.41811000e+05 6.27915375e+02 3.88169300e+02 -1.48359451e+00 -2.05732140e+03 1.41828555e+02 1.37948171e+02 -1.55584881e-01 -4.64598503e+02 1.61119773e+02 -3.58098484e-01 -5.27836669e+02 1.16797325e+00 1.67746172e+00 6.96274159e-01
2.45200142e+00 1.39404000e+05 6.31013322e+02 3.91267247e+02 -1.01578169e+00 -2.07255856e+03 1.42519308e+02 1.38638925e+02 -3.14121385e-01 -4.67648363e+02 1.62171410e+02 -5.94031178e-01 -5.31890588e+02 1.16973938e+00 1.67994149e+00 6.96297692e-01
2.45514793e+00 1.36105000e+05 6.34540205e+02 3.94794130e+02 1.08241904e+00 -2.08943320e+03 1.41865045e+02 1.37984661e+02 3.75245024e-01 -4.67005537e+02 1.61795452e+02 -2.17002758e-02 -5.32167739e+02 1.17256114e+00 1.69149196e+00 6.93211184e-01
2.45828759e+00 1.33132000e+05 6.37023351e+02 3.97277276e+02 -4.64140891e-01 -2.09879680e+03 1.43843711e+02 1.39963327e+02 1.09172443e-01 -4.73902446e+02 1.63298770e+02 3.34150823e-02 -5.38052565e+02 1.16672541e+00 1.68476656e+00 6.92514583e-01
2.46142397e+00 1.30251000e+05 6.43308521e+02 4.03562445e+02 1.16665888e+00 -2.12537655e+03 1.42800124e+02 1.38919741e+02 1.12451984e-01 -4.71315845e+02 1.63154526e+02 4.00252934e-01 -5.38958061e+02 1.17445170e+00 1.70440732e+00 6.89067506e-01
2.46456583e+00 1.27771000e+05 6.45206844e+02 4.05460768e+02 -7.70399004e-02 -2.13321969e+03 1.43831370e+02 1.39950986e+02 -1.59027689e-01 -4.75284062e+02 1.64627318e+02 1.74512569e-01 -5.44514233e+02 1.17632125e+00 1.70210536e+00 6.91097789e-01
2.46771723e+00 1.25400000e+05 6.49483135e+02 4.09737059e+02 -4.73085392e-01 -2.14815606e+03 1.44384724e+02 1.40504340e+02 -2.41992936e-01 -4.77211825e+02 1.65021858e+02 -5.39495071e-02 -5.45734035e+02 1.17449652e+00 1.70768496e+00 6.87771190e-01
2.47085926e+00 1.21663000e+05 6.51929435e+02 4.12183359e+02 1.44268093e+00 -2.16265877e+03 1.45227141e+02 1.41346757e+02 3.08019401e-02 -4.81247140e+02 1.66366185e+02 3.42220536e-01 -5.51806810e+02 1.17700744e+00 1.70766353e+00 6.89250209e-01
2.47398931e+00 1.19208000e+05 6.58357950e+02 4.18611874e+02 -1.81986415e+00 -2.18458738e+03 1.46125600e+02 1.42245217e+02 -2.14397789e-01 -4.84821744e+02 1.68475891e+02 -3.45408283e-01 -5.59049347e+02 1.18440461e+00 1.71548504e+00 6.90419667e-01
2.47713750e+00 1.17427000e+05 6.59577628e+02 4.19831552e+02 -1.81286228e-01 -2.19273935e+03 1.46764790e+02 1.42884406e+02 -2.31394634e-01 -4.87405344e+02 1.67672433e+02 -4.66603633e-02 -5.57276752e+02 1.17348308e+00 1.71413538e+00 6.84591831e-01
2.48028555e+00 1.13992000e+05 6.62048956e+02 4.22302881e+02 1.77475466e+00 -2.20632094e+03 1.47141728e+02 1.43261345e+02 -4.46678858e-03 -4.89543639e+02 1.68124762e+02 5.94169833e-01 -5.60324540e+02 1.17355287e+00 1.71690992e+00 6.83526173e-01
2.48341160e+00 1.10847000e+05 6.66072392e+02 4.26326317e+02 -1.35167952e+00 -2.21934257e+03 1.47321484e+02 1.43441100e+02 1.76083442e-01 -4.91279551e+02 1.69102962e+02 -1.26799935e-01 -5.63604373e+02 1.17890174e+00 1.72398811e+00 6.83822426e-01
2.48654871e+00 1.09660000e+05 6.68303758e+02 4.28557683e+02 1.64528416e-01 -2.23113959e+03 1.47224075e+02 1.43343691e+02 -9.23878644e-02 -4.91334005e+02 1.70195277e+02 -2.30321542e-02 -5.68001786e+02 1.18732311e+00 1.72908105e+00 6.86678689e-01
2.48970756e+00 1.07079000e+05 6.73995225e+02 4.34249149e+02 -7.21835514e-01 -2.25192295e+03 1.48706470e+02 1.44826086e+02 2.48424181e-01 -4.97126728e+02 1.70794893e+02 2.52116297e-01 -5.71216253e+02 1.17931028e+00 1.73159408e+00 6.81054701e-01
2.49285104e+00 1.03744000e+05 6.75022188e+02 4.35276113e+02 7.67579705e-01 -2.26036113e+03 1.48380542e+02 1.44500158e+02 -5.26638985e-03 -4.96433660e+02 1.70737111e+02 1.21632518e-01 -5.71630575e+02 1.18157041e+00 1.73559446e+00 6.80787149e-01
2.49597499e+00 1.01115000e+05 6.83847408e+02 4.44101333e+02 7.75582101e-01 -2.29301827e+03 1.50066783e+02 1.46186400e+02 -1.29719142e-01 -5.02546017e+02 1.73288958e+02 2.44432582e-01 -5.81045735e+02 1.18539726e+00 1.74296053e+00 6.80105626e-01
2.49912079e+00 1.00138000e+05 6.87565983e+02 4.47819907e+02 -2.27524826e-01 -2.30644991e+03 1.50242387e+02 1.46362003e+02 2.65062224e-01 -5.04154102e+02 1.73989473e+02 2.97319574e-01 -5.83895317e+02 1.18876121e+00 1.74919217e+00 6.79605839e-01
2.50227832e+00 9.70030000e+04 6.89050434e+02 4.49304358e+02 1.84314902e+00 -2.31643866e+03 1.50721458e+02 1.46841074e+02 2.97509359e-01 -5.06458570e+02 1.74222763e+02 7.62969769e-01 -5.85974671e+02 1.18647159e+00 1.74922848e+00 6.78282802e-01
2.50541433e+00 9.42960000e+04 6.92177021e+02 4.52430946e+02 -4.00173121e-01 -2.32756848e+03 1.52476035e+02 1.48595651e+02 -6.30933961e-02 -5.12472455e+02 1.76690282e+02 -1.64164312e-01 -5.93892849e+02 1.18906765e+00 1.74491028e+00 6.81449162e-01
2.50853861e+00 9.17920000e+04 6.97760133e+02 4.58014058e+02 -9.48213573e-01 -2.34733204e+03 1.52660204e+02 1.48779821e+02 1.79059986e-01 -5.13797400e+02 1.76409802e+02 1.06104411e-01 -5.93669882e+02 1.18571054e+00 1.75455662e+00 6.75789273e-01
2.51168721e+00 9.09390000e+04 7.01267196e+02 4.61521120e+02 1.71471420e+00 -2.36571844e+03 1.53132915e+02 1.49252532e+02 2.98953620e-01 -5.16357048e+02 1.77204458e+02 7.54888562e-01 -5.97978010e+02 1.18727941e+00 1.75846989e+00 6.75177560e-01
2.51484444e+00 8.78200000e+04 7.06490253e+02 4.66744178e+02 1.49528309e-01 -2.38397541e+03 1.53246048e+02 1.49365665e+02 3.94601080e-01 -5.17498802e+02 1.77525434e+02 4.88123408e-01 -5.99486171e+02 1.18852907e+00 1.76772241e+00 6.72350512e-01
2.51797921e+00 8.53960000e+04 7.12185994e+02 4.72439919e+02 -1.82608616e+00 -2.40297523e+03 1.55037623e+02 1.51157239e+02 3.07370898e-01 -5.23668153e+02 1.80268963e+02 -1.77750240e-01 -6.08385052e+02 1.19259232e+00 1.76790457e+00 6.74579580e-01
2.52111633e+00 8.36790000e+04 7.15576152e+02 4.75830077e+02 -5.50898282e-01 -2.41933454e+03 1.55285801e+02 1.51405417e+02 -1.73923799e-01 -5.24607485e+02 1.80412237e+02 -2.30933544e-01 -6.09482401e+02 1.19158377e+00 1.77278161e+00 6.72154855e-01
2.52426438e+00 8.14240000e+04 7.21160486e+02 4.81414411e+02 1.11866052e+00 -2.44242928e+03 1.56534559e+02 1.52654175e+02 -1.40247803e-01 -5.29586245e+02 1.83097124e+02 1.93338444e-01 -6.19887019e+02 1.19942428e+00 1.77584558e+00 6.75410234e-01
2.52741056e+00 7.94640000e+04 7.29580654e+02 4.89834579e+02 -1.58138886e+00 -2.46902908e+03 1.57855457e+02 1.53975074e+02 -2.42084095e-01 -5.34298295e+02 1.84109377e+02 -6.88798025e-01 -6.22600406e+02 1.19570897e+00 1.78360840e+00 6.70387608e-01
2.53053475e+00 7.63270000e+04 7.27467692e+02 4.87721617e+02 3.80448811e-02 -2.46717260e+03 1.57696284e+02 1.53815900e+02 -2.82056560e-01 -5.34330212e+02 1.81980482e+02 -3.30300630e-01 -6.16686973e+02 1.18310579e+00 1.78067797e+00 6.64413108e-01
2.53367391e+00 7.60320000e+04 7.33981768e+02 4.94235693e+02 -6.87133698e-01 -2.49086651e+03 1.58931400e+02 1.55051016e+02 -2.01338294e-01 -5.39133735e+02 1.83862300e+02 -1.79685111e-01 -6.23852989e+02 1.18581809e+00 1.78537621e+00 6.64183874e-01
2.53683753e+00 7.33180000e+04 7.37831412e+02 4.98085337e+02 4.21104011e-01 -2.50737814e+03 1.58856848e+02 1.54976465e+02 5.35145135e-02 -5.39720938e+02 1.83251386e+02 6.19124311e-01 -6.23211954e+02 1.18244655e+00 1.79274700e+00 6.59572461e-01
2.53997296e+00 7.08520000e+04 7.47789107e+02 5.08043032e+02 -1.70661232e+00 -2.54117437e+03 1.59475979e+02 1.55595596e+02 -3.78803502e-02 -5.42209970e+02 1.85968055e+02 -1.62550573e-01 -6.32199822e+02 1.19520128e+00 1.80697274e+00 6.61438470e-01
2.54309650e+00 6.90870000e+04 7.50387103e+02 5.10641028e+02 2.64951786e-01 -2.55363362e+03 1.61825333e+02 1.57944949e+02 -2.91055347e-01 -5.50195042e+02 1.88325938e+02 2.51117444e-02 -6.40700354e+02 1.19235176e+00 1.79806332e+00 6.63131129e-01
2.54624206e+00 6.77680000e+04 7.54838112e+02 5.15092037e+02 4.21321785e-01 -2.57284846e+03 1.62561781e+02 1.58681397e+02 1.10100836e-01 -5.54053385e+02 1.89327881e+02 7.41730412e-02 -6.45175626e+02 1.19313218e+00 1.80168727e+00 6.62230454e-01
2.54940146e+00 6.58320000e+04 7.61634704e+02 5.21888628e+02 1.10754616e+00 -2.59754308e+03 1.62868982e+02 1.58988598e+02 -2.09472687e-01 -5.54972199e+02 1.89043817e+02 -1.37681051e-01 -6.44224099e+02 1.18904009e+00 1.81178194e+00 6.56282116e-01
2.55253911e+00 6.32800000e+04 7.68629521e+02 5.28883446e+02 1.27836981e+00 -2.62494420e+03 1.64897699e+02 1.61017316e+02 9.09191440e-02 -5.62674729e+02 1.92094487e+02 2.74021328e-01 -6.55945452e+02 1.19300515e+00 1.81235678e+00 6.58261755e-01
2.55566254e+00 6.17280000e+04 7.76188793e+02 5.36442717e+02 2.37058560e+00 -2.65345848e+03 1.64423387e+02 1.60543003e+02 3.11470421e-01 -5.61841925e+02 1.93223910e+02 2.60968319e-01 -6.60097628e+02 1.20356482e+00 1.82795704e+00 6.58420733e-01
2.55881418e+00 6.05590000e+04 7.83735902e+02 5.43989827e+02 -9.49567826e-01 -2.67803648e+03 1.66368485e+02 1.62488101e+02 3.32552175e-01 -5.69023601e+02 1.95665989e+02 -3.37315851e-01 -6.68389318e+02 1.20418657e+00 1.82971988e+00 6.58126185e-01
2.56196797e+00 5.83000000e+04 7.84748937e+02 5.45002862e+02 3.11110541e-01 -2.68520784e+03 1.66697819e+02 1.62817435e+02 3.93710663e-01 -5.70639777e+02 1.94045734e+02 6.38515199e-01 -6.64546663e+02 1.19179948e+00 1.82956960e+00 6.51409748e-01
2.56509959e+00 5.64000000e+04 7.96697240e+02 5.56951165e+02 5.82291185e-01 -2.72724242e+03 1.68101543e+02 1.64221160e+02 2.30210505e-02 -5.75175899e+02 1.98041774e+02 2.22186129e-01 -6.77901303e+02 1.20594553e+00 1.84159447e+00 6.54837726e-01
2.56823499e+00 5.50480000e+04 8.00679191e+02 5.60933116e+02 -6.39657402e-01 -2.74259216e+03 1.68771084e+02 1.64890700e+02 7.66105080e-02 -5.78375858e+02 1.99376029e+02 1.75407858e-01 -6.83382459e+02 1.20914053e+00 1.84440996e+00 6.55570375e-01
2.57139889e+00 5.37720000e+04 8.09946858e+02 5.70200783e+02 -9.70479142e-01 -2.77587841e+03 1.70869380e+02 1.66988997e+02 -4.30366014e-01 -5.85300478e+02 2.00876338e+02 -3.14442848e-02 -6.88631309e+02 1.20293158e+00 1.84786388e+00 6.50984953e-01
2.57454519e+00 5.12620000e+04 8.11252766e+02 5.71506690e+02 -1.86731754e+00 -2.78133146e+03 1.71059408e+02 1.67179024e+02 -2.59719143e-01 -5.86549273e+02 2.00366931e+02 -7.65234727e-01 -6.86512770e+02 1.19851717e+00 1.84892701e+00 6.48223086e-01
2.57764494e+00 4.92160000e+04 8.14593175e+02 5.74847099e+02 1.05010351e+00 -2.79803768e+03 1.73454329e+02 1.69573945e+02 -4.62488602e-02 -5.95261427e+02 2.03344477e+02 2.59038926e-01 -6.98351129e+02 1.19914930e+00 1.84118153e+00 6.51293356e-01
2.58078226e+00 4.91430000e+04 8.19527492e+02 5.79781417e+02 -1.19290571e+00 -2.81481754e+03 1.74876937e+02 1.70996554e+02 -3.09446510e-01 -6.00539705e+02 2.04720297e+02 -3.16000083e-01 -7.03102914e+02 1.19721885e+00 1.84135899e+00 6.50182206e-01
2.58395834e+00 4.71400000e+04 8.37913809e+02 5.98167734e+02 -4.60628469e-01 -2.88088460e+03 1.75698058e+02 1.71817674e+02 4.54962537e-02 -6.04137384e+02 2.07416254e+02 -6.45276416e-02 -7.13099930e+02 1.20718811e+00 1.86585364e+00 6.46989715e-01
2.58710299e+00 4.52280000e+04 8.34692466e+02 5.94946391e+02 -9.22727852e-01 -2.87006056e+03 1.76719948e+02 1.72839565e+02 -2.43822998e-01 -6.07611282e+02 2.06484912e+02 -3.57791849e-01 -7.10003315e+02 1.19466230e+00 1.85531363e+00 6.43913935e-01
2.59021741e+00 4.34440000e+04 8.49044553e+02 6.09298478e+02 7.09866694e-02 -2.92291024e+03 1.79664137e+02 1.75783753e+02 -1.64685146e-01 -6.18198472e+02 2.10888180e+02 3.00065284e-01 -7.26313748e+02 1.19970234e+00 1.86176851e+00 6.44388568e-01
2.59336455e+00 4.29600000e+04 8.51156600e+02 6.11410525e+02 -4.09754668e-01 -2.93241545e+03 1.78813075e+02 1.74932691e+02 -3.89186130e-01 -6.15579973e+02 2.09427044e+02 -5.79971952e-01 -7.20943679e+02 1.19718643e+00 1.86952366e+00 6.40369765e-01
2.59652924e+00 4.09720000e+04 8.62519037e+02 6.22772961e+02 7.72845221e-01 -2.97390726e+03 1.82598909e+02 1.78718526e+02 -9.96564548e-02 -6.29240971e+02 2.13980508e+02 -3.99254103e-01 -7.37219370e+02 1.19730458e+00 1.86672390e+00 6.41393500e-01
2.59965976e+00 3.93400000e+04 8.67988707e+02 6.28242632e+02 2.75859647e-01 -2.99294430e+03 1.82311477e+02 1.78431093e+02 -3.49409473e-02 -6.28465339e+02 2.13236358e+02 -1.52925227e-01 -7.34847592e+02 1.19506278e+00 1.87641300e+00 6.36886857e-01
2.60278715e+00 3.81960000e+04 8.73499057e+02 6.33752982e+02 -1.91375690e-01 -3.01412731e+03 1.83987049e+02 1.80106665e+02 1.73051311e-01 -6.35028200e+02 2.14564596e+02 2.73454454e-01 -7.40690367e+02 1.19131957e+00 1.87583707e+00 6.35086912e-01
2.60594749e+00 3.71500000e+04 8.84247106e+02 6.44501031e+02 -1.66522322e+00 -3.05174935e+03 1.85450913e+02 1.81570530e+02 -2.64850150e-01 -6.40174126e+02 2.16177080e+02 -7.54496301e-01 -7.45764763e+02 1.19059564e+00 1.88403570e+00 6.31939000e-01
2.60910085e+00 3.54120000e+04 8.97816929e+02 6.58070853e+02 -1.25064016e+00 -3.10017027e+03 1.87204086e+02 1.83323702e+02 -3.20295943e-01 -6.46253918e+02 2.21994398e+02 -5.57841495e-01 -7.66228798e+02 1.21094215e+00 1.89464138e+00 6.39140557e-01
2.61220596e+00 3.35920000e+04 9.06562591e+02 6.66816516e+02 1.36950396e+00 -3.13442972e+03 1.87756872e+02 1.83876488e+02 -2.33186929e-02 -6.48781312e+02 2.22262718e+02 2.68169720e-01 -7.68366584e+02 1.20876095e+00 1.90432064e+00 6.34746547e-01
2.61533882e+00 3.34200000e+04 9.21689881e+02 6.81943806e+02 2.02685742e+00 -3.19001657e+03 1.92094216e+02 1.88213832e+02 -8.47169786e-02 -6.64234685e+02 2.27900486e+02 4.63391492e-01 -7.88674615e+02 1.21085939e+00 1.90348091e+00 6.36128990e-01
2.61852836e+00 3.20080000e+04 9.22694394e+02 6.82948319e+02 -1.02166565e+00 -3.19158564e+03 1.92233763e+02 1.88353379e+02 -4.48021186e-01 -6.64620058e+02 2.24973836e+02 3.10839842e-01 -7.78756609e+02 1.19442421e+00 1.90417655e+00 6.27265478e-01
2.62166839e+00 3.00640000e+04 9.35518135e+02 6.95772059e+02 1.94541061e+00 -3.24050730e+03 1.93726463e+02 1.89846079e+02 3.04729149e-01 -6.70853580e+02 2.27333913e+02 5.28073457e-01 -7.87477044e+02 1.19746435e+00 1.91439996e+00 6.25503751e-01
2.62474674e+00 2.86320000e+04 9.50152203e+02 7.10406127e+02 -9.09255925e-02 -3.28951085e+03 1.97395480e+02 1.93515096e+02 -1.10800461e-01 -6.83245250e+02 2.32522130e+02 4.84963485e-01 -8.05574289e+02 1.20157101e+00 1.91600185e+00 6.27124141e-01
2.62789351e+00 2.87800000e+04 9.57945144e+02 7.18199069e+02 4.41846840e-01 -3.32051386e+03 2.01465059e+02 1.97584675e+02 1.66089688e-01 -6.98340493e+02 2.37068517e+02 2.02599488e-01 -8.21827060e+02 1.19983251e+00 1.90653942e+00 6.29324783e-01
2.63110266e+00 2.73000000e+04 9.69811075e+02 7.30064999e+02 -1.97636499e+00 -3.35995368e+03 1.99006219e+02 1.95125835e+02 1.75068932e-01 -6.90002094e+02 2.38654824e+02 5.31297982e-01 -8.27909964e+02 1.22308163e+00 1.93429797e+00 6.32312935e-01
2.63423888e+00 2.53420000e+04 9.73088928e+02 7.33342853e+02 2.48070260e-01 -3.37484810e+03 2.02287396e+02 1.98407012e+02 8.34975001e-02 -7.01586630e+02 2.37437566e+02 -1.08805924e-01 -8.23300475e+02 1.19671963e+00 1.92253840e+00 6.22468519e-01
2.63731611e+00 2.43720000e+04 1.00942303e+03 7.69676951e+02 -1.25202486e-01 -3.50122028e+03 2.07794436e+02 2.03914053e+02 -2.04783276e-01 -7.20608564e+02 2.50203380e+02 -3.21694365e-01 -8.67580779e+02 1.22700411e+00 1.94281149e+00 6.31561073e-01
2.64047527e+00 2.41960000e+04 9.99954322e+02 7.60208246e+02 5.34692193e-01 -3.47186836e+03 2.06872190e+02 2.02991806e+02 -1.02472099e-01 -7.17956475e+02 2.45477857e+02 -2.52511214e-01 -8.51788242e+02 1.20929934e+00 1.93520525e+00 6.24894614e-01
2.64366382e+00 2.26720000e+04 1.02820055e+03 7.88454470e+02 1.07458834e+00 -3.57142249e+03 2.11465056e+02 2.07584673e+02 -1.88266732e-01 -7.34106190e+02 2.50677008e+02 -3.02098627e-01 -8.70125494e+02 1.20758920e+00 1.94890499e+00 6.19624457e-01
2.64679118e+00 2.13600000e+04 1.01270636e+03 7.72960287e+02 -8.67203983e-01 -3.51654695e+03 2.09608703e+02 2.05728319e+02 -1.91450280e-01 -7.27835929e+02 2.45728903e+02 -3.23923932e-01 -8.53224249e+02 1.19443402e+00 1.93834711e+00 6.16212653e-01
2.64989500e+00 2.04640000e+04 1.04330812e+03 8.03562047e+02 -5.76873117e-01 -3.62507871e+03 2.11850726e+02 2.07970342e+02 6.44630264e-02 -7.36230751e+02 2.54287151e+02 1.84665232e-01 -8.83904977e+02 1.22270872e+00 1.96566274e+00 6.22033828e-01
2.65305573e+00 1.99080000e+04 1.03908692e+03 7.99340844e+02 -7.23531646e-01 -3.61163404e+03 2.14851472e+02 2.10971088e+02 2.85529228e-01 -7.47153856e+02 2.52088419e+02 4.39271053e-01 -8.76738522e+02 1.19489557e+00 1.94650055e+00 6.13868601e-01
2.65622636e+00 1.87240000e+04 1.07254774e+03 8.32801664e+02 -3.07415854e+00 -3.72583958e+03 2.21986968e+02 2.18106585e+02 1.17072202e-01 -7.71970395e+02 2.64160544e+02 -5.90751569e-01 -9.17786603e+02 1.21115346e+00 1.95405329e+00 6.19815981e-01
2.65932506e+00 1.73320000e+04 1.06829467e+03 8.28548593e+02 8.11633385e-01 -3.71634646e+03 2.20080389e+02 2.16200006e+02 4.68990931e-01 -7.65902236e+02 2.60016021e+02 6.09320636e-01 -9.04954177e+02 1.20266427e+00 1.95763239e+00 6.14346327e-01
2.66246152e+00 1.72860000e+04 1.08751816e+03 8.47772082e+02 1.49398841e+00 -3.78629157e+03 2.23770002e+02 2.19889619e+02 -3.18125344e-01 -7.78368012e+02 2.65829860e+02 -1.75806093e-01 -9.24889742e+02 1.20892410e+00 1.96352842e+00 6.15689637e-01
2.66566512e+00 1.61320000e+04 1.09648009e+03 8.56734016e+02 -7.13647014e-02 -3.81679223e+03 2.27595520e+02 2.23715136e+02 -1.57503418e-01 -7.92064009e+02 2.68236216e+02 -8.49358578e-01 -9.32762918e+02 1.19900790e+00 1.95693013e+00 6.12698370e-01
2.66879336e+00 1.49040000e+04 1.11885067e+03 8.79104598e+02 -2.37853062e+00 -3.89270372e+03 2.28762771e+02 2.24882388e+02 6.45911069e-02 -7.96524605e+02 2.71359968e+02 -1.45420212e-01 -9.44640094e+02 1.20667506e+00 1.97716336e+00 6.10306199e-01
2.67184260e+00 1.39000000e+04 1.12838961e+03 8.88643530e+02 1.73906702e+00 -3.93120232e+03 2.30603661e+02 2.26723277e+02 -1.21553414e-01 -8.02842349e+02 2.77074821e+02 -5.91863563e-02 -9.64758901e+02 1.22208370e+00 1.97977455e+00 6.17284276e-01
2.67503533e+00 1.43400000e+04 1.14821644e+03 9.08470367e+02 6.83319767e-01 -4.00218334e+03 2.37820255e+02 2.33939871e+02 -2.24941869e-01 -8.28453232e+02 2.81373383e+02 -3.53092810e-01 -9.80147839e+02 1.20275942e+00 1.97062169e+00 6.10345162e-01
2.67827838e+00 1.26970000e+04 1.15169937e+03 9.11953298e+02 8.94202072e-01 -4.01511885e+03 2.37383758e+02 2.33503374e+02 -1.34433044e-01 -8.27217447e+02 2.80478032e+02 2.23101878e-01 -9.77890654e+02 1.20117336e+00 1.97624015e+00 6.07807385e-01
2.68134593e+00 1.15720000e+04 1.17929743e+03 9.39551350e+02 1.41446832e+00 -4.11173549e+03 2.42524208e+02 2.38643825e+02 -8.79392627e-02 -8.45162846e+02 2.90430046e+02 3.66662424e-01 -1.01262828e+03 1.21700214e+00 1.98419870e+00 6.13346911e-01
2.68438460e+00 1.11600000e+04 1.19585406e+03 9.56107983e+02 8.19107608e-01 -4.16975204e+03 2.43843879e+02 2.39963495e+02 3.06315469e-03 -8.50078567e+02 2.91644373e+02 4.16847357e-01 -1.01713132e+03 1.21536975e+00 1.99609351e+00 6.08874155e-01
2.68763507e+00 1.13320000e+04 1.20181154e+03 9.62065468e+02 9.49222863e-01 -4.19297336e+03 2.41319681e+02 2.37439298e+02 -1.41595244e-01 -8.41602426e+02 2.88271862e+02 -5.94592702e-01 -1.00482836e+03 1.21408657e+00 2.01291768e+00 6.03147650e-01
2.69088499e+00 9.72600000e+03 1.23391221e+03 9.94166131e+02 -1.79991866e+00 -4.30281665e+03 2.52339439e+02 2.48459055e+02 -3.98576552e-01 -8.79883577e+02 3.00691716e+02 -3.14782329e-01 -1.04855738e+03 1.21022644e+00 2.00033193e+00 6.05012807e-01
2.69385052e+00 8.53600000e+03 1.22282205e+03 9.83075977e+02 7.65751384e-01 -4.26682861e+03 2.51072083e+02 2.47191699e+02 4.44825021e-01 -8.76332963e+02 2.98824994e+02 2.74408206e-01 -1.04275363e+03 1.20887957e+00 1.99423622e+00 6.06186746e-01
2.69689333e+00 8.90400000e+03 1.26453212e+03 1.02478604e+03 1.71354411e+00 -4.41490470e+03 2.56866334e+02 2.52985950e+02 6.20842230e-02 -8.96444111e+02 3.07657310e+02 5.95196543e-01 -1.07430666e+03 1.21610433e+00 2.01265066e+00 6.04230210e-01
2.70022308e+00 8.59600000e+03 1.28189611e+03 1.04215003e+03 -8.56850715e-01 -4.47430470e+03 2.63786115e+02 2.59905732e+02 3.80142734e-02 -9.20982293e+02 3.10815629e+02 3.68885042e-01 -1.08548657e+03 1.19587832e+00 2.00242932e+00 5.97213749e-01
2.70347853e+00 7.26100000e+03 1.28766645e+03 1.04792037e+03 -3.37301623e+00 -4.49275056e+03 2.62574680e+02 2.58694296e+02 -7.12790817e-01 -9.16113314e+02 3.13481679e+02 -1.86637944e+00 -1.09270416e+03 1.21178427e+00 2.01266139e+00 6.02080549e-01
2.70632784e+00 5.98800000e+03 1.35393718e+03 1.11419111e+03 -7.23726667e-02 -4.72673590e+03 2.74530268e+02 2.70649884e+02 4.52934634e-01 -9.58882969e+02 3.32596255e+02 3.11655297e-01 -1.16148285e+03 1.22888009e+00 2.02897138e+00 6.05666548e-01
2.70941064e+00 6.92800000e+03 1.35732655e+03 1.11758048e+03 4.54903207e+00 -4.74573637e+03 2.73472946e+02 2.69592562e+02 -2.26842558e-01 -9.55010073e+02 3.24484514e+02 7.65685282e-01 -1.13419518e+03 1.20361078e+00 2.03603599e+00 5.91153981e-01
2.71284530e+00 6.27600000e+03 1.33592804e+03 1.09618197e+03 -4.09868907e-01 -4.66710212e+03 2.82105945e+02 2.78225561e+02 6.37211849e-01 -9.86259413e+02 3.29434912e+02 8.59324077e-01 -1.15190537e+03 1.18405696e+00 1.98491911e+00 5.96526555e-01
2.71610874e+00 5.12200000e+03 1.39219441e+03 1.15244834e+03 1.11668442e+00 -4.86554893e+03 2.83558457e+02 2.79678073e+02 1.50956044e-01 -9.90994068e+02 3.42278012e+02 -1.43296449e-01 -1.19577562e+03 1.22382856e+00 2.02993216e+00 6.02891359e-01
2.71882491e+00 4.02000000e+03 1.42913669e+03 1.18939062e+03 4.77457880e-01 -4.99287643e+03 2.89369297e+02 2.85488913e+02 -5.12954336e-01 -1.01031311e+03 3.39820131e+02 -4.21951117e-02 -1.18701107e+03 1.19030938e+00 2.04111573e+00 5.83166039e-01
2.72195720e+00 5.02900000e+03 1.41189218e+03 1.17214611e+03 -1.26198167e-01 -4.93457771e+03 2.95909412e+02 2.92029028e+02 5.46388310e-01 -1.03479908e+03 3.48577684e+02 5.63258984e-01 -1.21888754e+03 1.19364053e+00 2.00344702e+00 5.95793408e-01
2.72547675e+00 4.32400000e+03 1.43158945e+03 1.19184337e+03 2.31635643e+00 -5.00705223e+03 2.93247327e+02 2.89366943e+02 3.62905552e-01 -1.02553242e+03 3.45988287e+02 5.37854116e-01 -1.21009345e+03 1.19567316e+00 2.02948167e+00 5.89151985e-01
2.72874185e+00 3.33600000e+03 1.47204378e+03 1.23229771e+03 -1.54438693e+00 -5.14521235e+03 3.04480854e+02 3.00600470e+02 -2.59270036e-01 -1.06434047e+03 3.55816053e+02 -6.84338038e-01 -1.24337051e+03 1.18368428e+00 2.02471077e+00 5.84618951e-01
2.73135763e+00 2.62000000e+03 1.47937233e+03 1.23962625e+03 -2.91218998e+00 -5.16816518e+03 3.05679413e+02 3.01799029e+02 -8.76975253e-01 -1.06761334e+03 3.66703979e+02 -1.22300232e+00 -1.28056777e+03 1.21506017e+00 2.02668598e+00 5.99530554e-01
2.73451679e+00 3.25200000e+03 1.52900416e+03 1.28925809e+03 1.56957183e+00 -5.34839449e+03 3.10107442e+02 3.06227058e+02 3.29192517e-01 -1.08475162e+03 3.63680504e+02 5.97368150e-01 -1.27239797e+03 1.18761714e+00 2.05186201e+00 5.78799712e-01
2.73808887e+00 2.77300000e+03 1.54210995e+03 1.30236388e+03 -2.66728935e-01 -5.39289358e+03 3.19234123e+02 3.15353739e+02 -7.00493631e-01 -1.11573648e+03 3.68282881e+02 -8.41136394e-01 -1.28712333e+03 1.16784054e+00 2.03220342e+00 5.74667145e-01
2.74135447e+00 1.89400000e+03 1.63941139e+03 1.39966532e+03 1.72469158e-01 -5.73477078e+03 3.28761708e+02 3.24881325e+02 5.69312870e-02 -1.15000889e+03 4.03911653e+02 6.29496208e-01 -1.41351485e+03 1.24325907e+00 2.07562899e+00 5.98979430e-01
2.74386120e+00 1.60800000e+03 1.66441185e+03 1.42466577e+03 1.18723586e-01 -5.82128216e+03 3.25675267e+02 3.21794884e+02 4.37631482e-01 -1.13945222e+03 3.98920501e+02 2.25078043e-01 -1.39539509e+03 1.23967322e+00 2.10410267e+00 5.89169550e-01
2.74709714e+00 1.85200000e+03 1.67586469e+03 1.43611861e+03 9.97999276e-01 -5.86359178e+03 3.40192956e+02 3.36312572e+02 1.00052635e-01 -1.19017632e+03 4.19905795e+02 1.63249764e-01 -1.46908668e+03 1.24855813e+00 2.06644383e+00 6.04206179e-01
2.75069574e+00 1.52400000e+03 1.66407606e+03 1.42432998e+03 1.16172246e-01 -5.82197818e+03 3.45380815e+02 3.41500431e+02 5.46521095e-01 -1.20889239e+03 4.05344649e+02 7.86276829e-01 -1.41891689e+03 1.18695208e+00 2.04225365e+00 5.81197192e-01
2.75356410e+00 6.97000000e+02 1.77305775e+03 1.53331168e+03 2.62884610e+00 -6.20630108e+03 3.32354913e+02 3.28474529e+02 -6.54835457e-02 -1.16277173e+03 4.01243176e+02 -4.58945201e-01 -1.40340580e+03 1.22153513e+00 2.16055025e+00 5.65381493e-01
2.75613901e+00 1.04400000e+03 1.78549172e+03 1.54574565e+03 2.35755980e+00 -6.24972991e+03 3.58308625e+02 3.54428241e+02 -4.69470741e-01 -1.25322396e+03 4.30272442e+02 -2.42904607e-01 -1.50525876e+03 1.21399029e+00 2.08835755e+00 5.81313429e-01
2.75969778e+00 8.44000000e+02 1.74380344e+03 1.50405736e+03 -1.74078823e+00 -6.10016107e+03 3.63553659e+02 3.59673276e+02 -1.17088932e-01 -1.27202244e+03 4.33840594e+02 -3.97894602e-01 -1.51769798e+03 1.20620748e+00 2.04492844e+00 5.89853147e-01
2.76329934e+00 6.28000000e+02 1.67745551e+03 1.43770944e+03 -1.37001505e+00 -5.86874106e+03 3.62770512e+02 3.58890128e+02 3.99740297e-01 -1.26987847e+03 4.13809435e+02 4.78929364e-01 -1.44855436e+03 1.15302540e+00 2.00149636e+00 5.76081688e-01
2.76608134e+00 2.43000000e+02 1.81039805e+03 1.57065197e+03 1.68423524e+00 -6.33727568e+03 3.44154563e+02 3.40274179e+02 4.20392635e-01 -1.20481026e+03 3.66786661e+02 -1.16859637e-01 -1.28347400e+03 1.07791506e+00 2.14845116e+00 5.01717273e-01
2.76869856e+00 3.64000000e+02 1.63393659e+03 1.39419051e+03 -1.94994410e+00 -5.71621320e+03 3.38836367e+02 3.34955983e+02 -1.70513866e-02 -1.18578082e+03 3.79550526e+02 -9.43568365e-01 -1.32732082e+03 1.13313553e+00 2.04017392e+00 5.55411242e-01
2.77229138e+00 2.28000000e+02 1.89457848e+03 1.65483240e+03 1.60739838e+00 -6.63218807e+03 4.29987188e+02 4.26106804e+02 -5.47456647e-01 -1.50430428e+03 5.03519958e+02 -8.08805783e-02 -1.76211407e+03 1.18167547e+00 1.97068755e+00 5.99625987e-01
2.77586966e+00 1.24000000e+02 1.82731592e+03 1.58756984e+03 1.37416982e+00 -6.39673465e+03 3.91699173e+02 3.87818789e+02 6.20035700e-01 -1.37151245e+03 4.17718892e+02 1.35465681e+00 -1.46330729e+03 1.07709813e+00 2.02326140e+00 5.32357375e-01
2.77874665e+00 3.30000000e+01 2.06883548e+03 1.82908941e+03 -1.94416589e+00 -7.23881342e+03 4.63160758e+02 4.59280375e+02 -5.76001253e-01 -1.62044469e+03 6.30383101e+02 -6.71058795e-01 -2.20561507e+03 1.37254526e+00 1.99562310e+00 6.87777795e-01
2.78114085e+00 2.80000000e+01 2.18339567e+03 1.94364959e+03 -3.81073045e+00 -7.63795881e+03 3.61254720e+02 3.57374337e+02 1.58607613e-01 -1.26453141e+03 4.84354321e+02 -1.60384729e+00 -1.69360759e+03 1.35531366e+00 2.33210073e+00 5.81155713e-01
2.78463636e+00 4.00000000e+00 6.81801443e+02 4.42055368e+02 1.51946010e+00 -2.38781811e+03 3.12629243e+02 3.08748860e+02 -1.23600830e-01 -1.09407514e+03 2.29632674e+02 1.10200140e+00 -8.04816049e+02 7.43752300e-01 1.19656323e+00 6.21573754e-01
