# AbacusPNG P(k) multipoles  --  space = rsdz
# 
# SimName = Abacus_pngbase_c000_ph001
# ZD_f_NL = 0.0
# ZD_Seed = 12421
# Redshift = 0.5
# BoxSize_Mpch = 2000.0
# ParticleMassHMsun = 10135022355.24357
# Omega_M = 0.315192
# f_growth = 0.759069923632896
# M_min_Msunh = 1000000000000.0
# N_min = 99
# N_halos = 33399614
# nbar_halo = 0.00417495175
# P_shot_hh = 239.5237262322852
# mean_halo_mass = 4415035067399.799
# N_matter = 2061651797
# nbar_matter = 0.257706474625
# P_shot_mm = 3.8803836863437127
# P_selfterm_hm_lowk_INFO_ONLY = 50.47062299571136
# grid = 1024
# MAS = TSC
# LOS_axis = 2
# k_fundamental = 0.0031415926535897933
# pos_field = x_L2com
# vel_field = v_L2com
# cleaned = False
# RSD_factor_Mpch_per_kms = 0.011343534115768038
# VelZSpace_to_kms = 176311.8953571892
# smoke = False
# created = 2026-09-03 02:09:01
# space = rsdz
# 
# Shot noise is NOT subtracted from P2 or P4 (it is isotropic: ell=0 only).
# P0_hm carries a halo/matter self-pair term ~<M_h>/rho_m; NOT subtracted.
# b_cross = P0_hm / P0_mm_shotsub
# b_auto  = sqrt(P0_hh_shotsub / P0_mm_shotsub)
# r       = P0_hm / sqrt(P0_hh_shotsub * P0_mm_shotsub)
# 
# columns: k  Nmodes  P0_hh_raw  P0_hh_shotsub  P2_hh  P4_hh  P0_mm_raw  P0_mm_shotsub  P2_mm  P4_mm  P0_hm  P2_hm  P4_hm  b_cross  b_auto  r
4.44982061e-03 1.30000000e+01 2.59256505e+04 2.56861268e+04 5.38759727e+04 3.85379036e+04 1.76424849e+04 1.76386045e+04 3.96617776e+04 3.23046416e+04 2.11081513e+04 4.63057317e+04 3.55559983e+04 1.19670188e+00 1.20674970e+00 9.91673653e-01
7.53956108e-03 3.30000000e+01 3.09076924e+04 3.06681687e+04 1.95236741e+04 9.05176116e+02 2.15707102e+04 2.15668298e+04 1.76952396e+04 6.89969711e+02 2.56869762e+04 1.87036483e+04 7.83670754e+02 1.19104089e+00 1.19247907e+00 9.98793955e-01
1.07239509e-02 7.90000000e+01 2.86742057e+04 2.84346819e+04 2.17954310e+04 -1.14765164e+04 1.98697340e+04 1.98658536e+04 1.78287848e+04 -7.83159644e+03 2.36527008e+04 1.97345179e+04 -9.32809874e+03 1.19062092e+00 1.19638393e+00 9.95182972e-01
1.39183039e-02 1.17000000e+02 3.28749617e+04 3.26354380e+04 5.18193580e+03 -1.00879182e+04 2.22148834e+04 2.22110031e+04 7.41555530e+03 -8.43146340e+03 2.67953421e+04 6.61719626e+03 -9.20281045e+03 1.20639946e+00 1.21216192e+00 9.95246128e-01
1.71754989e-02 2.05000000e+02 3.34014390e+04 3.31619152e+04 2.13843874e+04 1.34455493e+03 2.30374375e+04 2.30335571e+04 1.97827128e+04 1.29432985e+03 2.75234423e+04 2.07843503e+04 1.30242102e+03 1.19492800e+00 1.19988410e+00 9.95869522e-01
2.02394338e-02 2.35000000e+02 3.34732016e+04 3.32336779e+04 1.89854330e+04 7.14056111e+03 2.29254850e+04 2.29216046e+04 1.64122216e+04 4.86393644e+03 2.74843024e+04 1.77620674e+04 5.84590761e+03 1.19905665e+00 1.20411147e+00 9.95802028e-01
2.33835834e-02 3.69000000e+02 2.99607954e+04 2.97212717e+04 1.43719351e+04 -2.47268569e+03 2.03993814e+04 2.03955010e+04 1.20992494e+04 -9.50663509e+02 2.45365912e+04 1.32309367e+04 -1.64295969e+03 1.20303939e+00 1.20716464e+00 9.96582700e-01
2.65411255e-02 4.33000000e+02 2.89055236e+04 2.86659999e+04 2.24894544e+04 -5.69302793e+03 1.97057612e+04 1.97018809e+04 1.81113266e+04 -3.17977661e+03 2.36641193e+04 2.02106402e+04 -4.26612685e+03 1.20110966e+00 1.20622883e+00 9.95756053e-01
2.97268122e-02 5.85000000e+02 2.67525520e+04 2.65130282e+04 1.69739359e+04 -1.76891190e+02 1.80645577e+04 1.80606773e+04 1.39858193e+04 -4.77259214e+02 2.18044610e+04 1.54650733e+04 -4.25891356e+02 1.20728922e+00 1.21160945e+00 9.96434308e-01
3.28811241e-02 6.79000000e+02 2.39402376e+04 2.37007139e+04 1.42954887e+04 5.81355318e+03 1.63152045e+04 1.63113242e+04 1.23608142e+04 4.51977467e+03 1.95826805e+04 1.33815967e+04 5.10122130e+03 1.20055738e+00 1.20541365e+00 9.95971281e-01
3.59831645e-02 8.13000000e+02 2.41309282e+04 2.38914045e+04 1.51909818e+04 -3.12403601e+03 1.63794942e+04 1.63756138e+04 1.31110377e+04 -1.90595841e+03 1.96923080e+04 1.42081715e+04 -2.45847760e+03 1.20253861e+00 1.20787515e+00 9.95581882e-01
3.91393046e-02 9.85000000e+02 2.04985479e+04 2.02590242e+04 1.26733687e+04 1.06907307e+02 1.39034851e+04 1.38996047e+04 1.04712397e+04 1.81156244e+01 1.67151128e+04 1.15627052e+04 5.44153722e+01 1.20256030e+00 1.20728008e+00 9.96090562e-01
4.23519947e-02 1.18300000e+03 1.99323270e+04 1.96928033e+04 1.34991855e+04 4.39800487e+03 1.34681546e+04 1.34642742e+04 1.12890116e+04 3.81684835e+03 1.62097674e+04 1.24038088e+04 4.10162874e+03 1.20390948e+00 1.20937865e+00 9.95477702e-01
4.54842731e-02 1.26900000e+03 1.80296272e+04 1.77901035e+04 1.10084075e+04 2.20335052e+03 1.22214813e+04 1.22176009e+04 9.36289184e+03 1.61775686e+03 1.46737566e+04 1.02213231e+04 1.84486944e+03 1.20103420e+00 1.20669154e+00 9.95311693e-01
4.86039489e-02 1.53700000e+03 1.63177725e+04 1.60782488e+04 9.10442929e+03 1.39632997e+03 1.08917228e+04 1.08878424e+04 7.86524531e+03 1.21545655e+03 1.31557320e+04 8.52643478e+03 1.30060560e+03 1.20829559e+00 1.21520195e+00 9.94316696e-01
5.17381519e-02 1.65300000e+03 1.56340823e+04 1.53945585e+04 9.09079793e+03 3.87324668e+02 1.04337140e+04 1.04298336e+04 7.50095032e+03 6.95593713e+02 1.26027011e+04 8.29117814e+03 5.46238871e+02 1.20833194e+00 1.21491230e+00 9.94583673e-01
5.48788222e-02 1.96300000e+03 1.60061032e+04 1.57665795e+04 1.20459650e+04 1.50827872e+03 1.06312243e+04 1.06273439e+04 9.27519418e+03 8.77091448e+02 1.28800074e+04 1.06004331e+04 1.12971656e+03 1.21196863e+00 1.21802549e+00 9.95027314e-01
5.80271542e-02 2.12100000e+03 1.51052744e+04 1.48657507e+04 1.02383299e+04 3.50760340e+03 1.00186087e+04 1.00147283e+04 8.04188121e+03 2.56070149e+03 1.21353009e+04 9.08864475e+03 2.99831044e+03 1.21174539e+00 1.21835497e+00 9.94575004e-01
6.11834833e-02 2.41300000e+03 1.41752599e+04 1.39357362e+04 8.47236173e+03 1.18142130e+02 9.39980557e+03 9.39592519e+03 6.93771268e+03 5.18789057e+01 1.13797760e+04 7.71734126e+03 7.91896546e+01 1.21113949e+00 1.21785388e+00 9.94486707e-01
6.43408632e-02 2.63500000e+03 1.36054504e+04 1.33659267e+04 8.06801978e+03 -3.81572305e+01 9.02273863e+03 9.01885825e+03 6.54213636e+03 4.85286984e+01 1.09168578e+04 7.30708199e+03 2.23015560e+01 1.21044788e+00 1.21737326e+00 9.94311212e-01
6.74750401e-02 2.87700000e+03 1.36762244e+04 1.34367007e+04 8.14153067e+03 -3.29861991e+02 9.04109081e+03 9.03721043e+03 6.58895953e+03 1.99314337e+01 1.09600530e+04 7.35934554e+03 -1.55408180e+02 1.21276948e+00 1.21935208e+00 9.94601562e-01
7.05974779e-02 3.16900000e+03 1.28262409e+04 1.25867171e+04 8.38530752e+03 1.55002526e+03 8.44299129e+03 8.43911091e+03 6.43415028e+03 1.20401522e+03 1.02501628e+04 7.36554216e+03 1.35937163e+03 1.21460221e+00 1.22125931e+00 9.94548988e-01
7.37566788e-02 3.50700000e+03 1.22594041e+04 1.20198804e+04 7.77180031e+03 9.77386273e+02 7.96380708e+03 7.95992670e+03 5.96009379e+03 9.53101116e+02 9.72721038e+03 6.83343481e+03 9.67446019e+02 1.22202261e+00 1.22884056e+00 9.94451716e-01
7.68932537e-02 3.68500000e+03 1.18121801e+04 1.15726564e+04 7.52074565e+03 1.95685237e+02 7.67410286e+03 7.67022248e+03 5.78473895e+03 8.54201511e+01 9.37271478e+03 6.63067867e+03 1.22545111e+02 1.22196127e+00 1.22832290e+00 9.94820879e-01
8.00328772e-02 4.16500000e+03 1.09726967e+04 1.07331729e+04 5.72269923e+03 -1.45834536e+01 7.12774356e+03 7.12386318e+03 4.62416890e+03 3.50206546e+01 8.69733978e+03 5.18681612e+03 -3.28335597e-01 1.22087406e+00 1.22745698e+00 9.94636950e-01
8.31995584e-02 4.37700000e+03 1.02816367e+04 1.00421130e+04 6.14035251e+03 5.75011862e+01 6.69065353e+03 6.68677315e+03 4.73899279e+03 1.64759480e+02 8.14710325e+03 5.42224393e+03 1.06066573e+02 1.21839085e+00 1.22547444e+00 9.94219721e-01
8.63597823e-02 4.85500000e+03 9.66154032e+03 9.42201659e+03 5.60009931e+03 1.19640367e+03 6.21522390e+03 6.21134352e+03 4.31489116e+03 9.22050392e+02 7.60551910e+03 4.94348963e+03 1.04718384e+03 1.22445636e+00 1.23162688e+00 9.94178014e-01
8.94882607e-02 4.92900000e+03 9.15747456e+03 8.91795084e+03 5.34610459e+03 5.83280574e+02 5.86738725e+03 5.86350686e+03 4.14396722e+03 5.52450053e+02 7.18973735e+03 4.74225393e+03 5.63780631e+02 1.22618384e+00 1.23325765e+00 9.94264125e-01
9.26176845e-02 5.58100000e+03 8.69701820e+03 8.45749447e+03 5.25480108e+03 3.45893933e+02 5.55273789e+03 5.54885751e+03 4.01514614e+03 2.63144282e+02 6.80541562e+03 4.62213113e+03 3.01512312e+02 1.22645348e+00 1.23457954e+00 9.93417957e-01
9.57403394e-02 5.67900000e+03 8.11393932e+03 7.87441559e+03 4.95018627e+03 4.15529995e+02 5.15672418e+03 5.15284380e+03 3.72510470e+03 3.53578748e+02 6.33058594e+03 4.32083331e+03 3.74660980e+02 1.22856158e+00 1.23619128e+00 9.93828059e-01
9.88944934e-02 6.38500000e+03 7.64444799e+03 7.40492427e+03 4.59842515e+03 7.69386356e+02 4.83184202e+03 4.82796164e+03 3.39214328e+03 4.80051067e+02 5.94090213e+03 3.97717686e+03 6.05594602e+02 1.23051975e+00 1.23844979e+00 9.93596795e-01
1.02046887e-01 6.55300000e+03 7.35887459e+03 7.11935086e+03 4.09313971e+03 8.73767327e+02 4.67733509e+03 4.67345470e+03 3.09767267e+03 6.14104176e+02 5.73146244e+03 3.58901476e+03 7.31386299e+02 1.22638664e+00 1.23424444e+00 9.93633518e-01
1.05196965e-01 7.12500000e+03 7.08911412e+03 6.84959040e+03 4.51403075e+03 7.81243794e+02 4.48771288e+03 4.48383250e+03 3.28904989e+03 5.83749846e+02 5.50609413e+03 3.87942945e+03 6.69147083e+02 1.22798836e+00 1.23596909e+00 9.93542937e-01
1.08345485e-01 7.44700000e+03 6.75712344e+03 6.51759971e+03 3.92682297e+03 2.05427730e+02 4.24840301e+03 4.24452262e+03 2.88310969e+03 2.34994654e+02 5.22362488e+03 3.38969396e+03 2.23278505e+02 1.23067429e+00 1.23916579e+00 9.93147407e-01
1.11485014e-01 7.92900000e+03 6.52157457e+03 6.28205084e+03 4.00187700e+03 6.50127805e+02 4.09155242e+03 4.08767203e+03 2.88719066e+03 5.07441659e+02 5.03493456e+03 3.42310094e+03 5.64202252e+02 1.23173643e+00 1.23968887e+00 9.93585135e-01
1.14631001e-01 8.35300000e+03 6.44435107e+03 6.20482735e+03 3.72043970e+03 3.31528177e+02 4.01113052e+03 4.00725013e+03 2.65098212e+03 2.51018901e+02 4.95479439e+03 3.16783352e+03 2.83247759e+02 1.23645748e+00 1.24434734e+00 9.93659434e-01
1.17757075e-01 8.77500000e+03 6.32727815e+03 6.08775443e+03 3.69898813e+03 3.76754818e+02 3.93372040e+03 3.92984001e+03 2.65314067e+03 2.53801024e+02 4.85965761e+03 3.15395057e+03 2.95955051e+02 1.23660444e+00 1.24463247e+00 9.93549878e-01
1.20895529e-01 9.31300000e+03 5.99452263e+03 5.75499891e+03 3.45555558e+03 3.27958842e+02 3.69866853e+03 3.69478814e+03 2.46104840e+03 1.94818686e+02 4.58089724e+03 2.94442353e+03 2.45791928e+02 1.23982677e+00 1.24803812e+00 9.93420587e-01
1.24042827e-01 9.84100000e+03 5.93123805e+03 5.69171432e+03 3.49762670e+03 6.42421727e+02 3.64959764e+03 3.64571725e+03 2.44848871e+03 4.37416477e+02 4.52618585e+03 2.95227264e+03 5.23830794e+02 1.24150765e+00 1.24948215e+00 9.93617755e-01
1.27174613e-01 1.01910000e+04 5.67599417e+03 5.43647045e+03 3.03712440e+03 4.77162062e+02 3.47657701e+03 3.47269662e+03 2.13295341e+03 3.55050641e+02 4.31715733e+03 2.57586925e+03 4.04443717e+02 1.24317146e+00 1.25119527e+00 9.93587086e-01
1.30316713e-01 1.08970000e+04 5.50457550e+03 5.26505177e+03 2.99472950e+03 3.56675988e+02 3.37954208e+03 3.37566169e+03 2.09447663e+03 2.87161294e+02 4.19193742e+03 2.52814179e+03 3.19802525e+02 1.24181207e+00 1.24888332e+00 9.94337939e-01
1.33462869e-01 1.13010000e+04 5.32532588e+03 5.08580216e+03 2.90691304e+03 2.72028638e+02 3.26617529e+03 3.26229491e+03 1.99601528e+03 1.97487855e+02 4.05017611e+03 2.42964161e+03 2.33327994e+02 1.24151134e+00 1.24858502e+00 9.94334636e-01
1.36621167e-01 1.20250000e+04 5.24721684e+03 5.00769312e+03 2.99450422e+03 3.92740343e+02 3.19315918e+03 3.18927880e+03 2.03388203e+03 2.87989556e+02 3.97414942e+03 2.49326236e+03 3.29121543e+02 1.24609658e+00 1.25306215e+00 9.94441169e-01
1.39776484e-01 1.24230000e+04 5.01441521e+03 4.77489148e+03 2.89762445e+03 3.26726455e+02 3.03606558e+03 3.03218520e+03 1.88475345e+03 2.39436073e+02 3.78259210e+03 2.36387300e+03 2.69279511e+02 1.24748056e+00 1.25488489e+00 9.94099594e-01
1.42918315e-01 1.30210000e+04 4.86388766e+03 4.62436394e+03 2.71691328e+03 2.68670393e+02 2.91938820e+03 2.91550782e+03 1.77733695e+03 2.21258585e+02 3.65027823e+03 2.23012072e+03 2.41264767e+02 1.25202141e+00 1.25941510e+00 9.94129267e-01
1.46043814e-01 1.34050000e+04 4.65252426e+03 4.41300053e+03 2.48685207e+03 3.50933665e+02 2.78828518e+03 2.78440480e+03 1.59274753e+03 2.15731525e+02 3.48411123e+03 2.01618068e+03 2.64294358e+02 1.25129479e+00 1.25892774e+00 9.93936947e-01
1.49172492e-01 1.42470000e+04 4.53235101e+03 4.29282729e+03 2.33173322e+03 2.91373330e+02 2.69080373e+03 2.68692335e+03 1.53971541e+03 1.83119557e+02 3.37536475e+03 1.92400227e+03 2.21358993e+02 1.25621922e+00 1.26399126e+00 9.93851195e-01
1.52319132e-01 1.47130000e+04 4.31456670e+03 4.07504297e+03 2.28914215e+03 2.96852127e+02 2.56069776e+03 2.55681737e+03 1.43176079e+03 2.35885707e+02 3.20936618e+03 1.83659975e+03 2.59803519e+02 1.25521917e+00 1.26245598e+00 9.94267677e-01
1.55463956e-01 1.54890000e+04 4.17734293e+03 3.93781920e+03 2.33609725e+03 3.05323678e+02 2.46517452e+03 2.46129413e+03 1.46789736e+03 1.88935606e+02 3.09736660e+03 1.87913189e+03 2.30723103e+02 1.25843009e+00 1.26487069e+00 9.94908099e-01
1.58608409e-01 1.59130000e+04 3.98796946e+03 3.74844574e+03 2.10945882e+03 4.82013623e+02 2.33940682e+03 2.33552644e+03 1.33305524e+03 3.33404869e+02 2.94082685e+03 1.70599572e+03 3.95013357e+02 1.25917086e+00 1.26687341e+00 9.93920038e-01
1.61759378e-01 1.68790000e+04 3.91584594e+03 3.67632221e+03 1.99623288e+03 1.99305764e+02 2.27650230e+03 2.27262192e+03 1.25055135e+03 1.58357178e+02 2.87486329e+03 1.61002835e+03 1.68263009e+02 1.26499849e+00 1.27187136e+00 9.94596250e-01
1.64908411e-01 1.71930000e+04 3.75283123e+03 3.51330751e+03 1.91546770e+03 1.02276501e+02 2.18111324e+03 2.17723285e+03 1.16793483e+03 8.97271740e+01 2.75068855e+03 1.52585473e+03 9.01095518e+01 1.26338740e+00 1.27029808e+00 9.94559792e-01
1.68058821e-01 1.81570000e+04 3.64054898e+03 3.40102525e+03 1.96542807e+03 1.75330836e+02 2.10668094e+03 2.10280055e+03 1.18227970e+03 1.56535012e+02 2.65960371e+03 1.55449011e+03 1.63542019e+02 1.26479124e+00 1.27176212e+00 9.94518717e-01
1.71185019e-01 1.83390000e+04 3.55823618e+03 3.31871246e+03 1.87133137e+03 1.47547353e+01 2.03534454e+03 2.03146416e+03 1.06084911e+03 2.68402718e+01 2.58345015e+03 1.44004832e+03 1.54270620e+01 1.27171830e+00 1.27814531e+00 9.94971613e-01
1.74323910e-01 1.95730000e+04 3.46334054e+03 3.22381682e+03 1.69196025e+03 2.17150650e+02 1.97885935e+03 1.97497896e+03 9.74131042e+02 1.53358229e+02 2.51102624e+03 1.31044486e+03 1.72879940e+02 1.27141923e+00 1.27762659e+00 9.95141496e-01
1.77470581e-01 1.99410000e+04 3.38062433e+03 3.14110061e+03 1.82989834e+03 2.72538259e+02 1.91260383e+03 1.90872345e+03 1.03852943e+03 1.60095638e+02 2.43643833e+03 1.41189535e+03 1.99066847e+02 1.27647529e+00 1.28283092e+00 9.95045625e-01
1.80595847e-01 2.06290000e+04 3.31301308e+03 3.07348935e+03 1.70673219e+03 4.01466530e+02 1.87487247e+03 1.87099208e+03 9.35355619e+02 2.61400519e+02 2.38690717e+03 1.29217493e+03 3.12477120e+02 1.27574413e+00 1.28168081e+00 9.95368054e-01
1.83738354e-01 2.16550000e+04 3.22727380e+03 2.98775007e+03 1.67521631e+03 8.03514777e+01 1.81234384e+03 1.80846346e+03 9.22551393e+02 5.73558094e+01 2.31359210e+03 1.27574478e+03 5.87553967e+01 1.27931371e+00 1.28533775e+00 9.95313262e-01
1.86882390e-01 2.21130000e+04 3.20178864e+03 2.96226492e+03 1.69961346e+03 3.49136745e+02 1.79907456e+03 1.79519417e+03 9.03292504e+02 2.23187855e+02 2.29785051e+03 1.27013323e+03 2.68550641e+02 1.28000109e+00 1.28456544e+00 9.96446780e-01
1.90032702e-01 2.31850000e+04 3.11296169e+03 2.87343796e+03 1.58992598e+03 5.40155633e+01 1.73050063e+03 1.72662025e+03 8.46592644e+02 7.65586550e+01 2.21787873e+03 1.19422332e+03 6.23710844e+01 1.28452028e+00 1.29003798e+00 9.95722838e-01
1.93176993e-01 2.36670000e+04 3.03487751e+03 2.79535379e+03 1.48397183e+03 2.00085547e+02 1.67299836e+03 1.66911798e+03 7.66419759e+02 1.64650596e+02 2.15147537e+03 1.10102650e+03 1.71563768e+02 1.28898939e+00 1.29412096e+00 9.96034706e-01
1.96307009e-01 2.43850000e+04 2.98247161e+03 2.74294788e+03 1.51594040e+03 1.98238974e+02 1.64819616e+03 1.64431578e+03 7.71238262e+02 1.44812542e+02 2.11580366e+03 1.11793497e+03 1.56238347e+02 1.28673804e+00 1.29156470e+00 9.96262938e-01
1.99463225e-01 2.57490000e+04 2.89724391e+03 2.65772018e+03 1.43599196e+03 2.07061893e+02 1.58540824e+03 1.58152785e+03 6.92735030e+02 1.80686622e+02 2.04317230e+03 1.03494688e+03 1.84338010e+02 1.29189777e+00 1.29633189e+00 9.96579484e-01
2.02603662e-01 2.56750000e+04 2.83702060e+03 2.59749687e+03 1.33504490e+03 1.50187891e+02 1.54253790e+03 1.53865752e+03 6.56761298e+02 1.40877421e+02 1.99274737e+03 9.73779303e+02 1.37767776e+02 1.29512081e+00 1.29929131e+00 9.96790169e-01
2.05745824e-01 2.74090000e+04 2.75190692e+03 2.51238319e+03 1.33976556e+03 1.29394400e+02 1.49033382e+03 1.48645343e+03 6.46167094e+02 8.85143490e+01 1.92596647e+03 9.67632489e+02 9.17985194e+01 1.29567898e+00 1.30007164e+00 9.96621214e-01
2.08890714e-01 2.74050000e+04 2.67664871e+03 2.43712499e+03 1.24023739e+03 1.32562258e+02 1.44095538e+03 1.43707500e+03 5.86671723e+02 8.46092891e+01 1.86633862e+03 8.89330706e+02 8.69032719e+01 1.29870648e+00 1.30226445e+00 9.97267862e-01
2.12020032e-01 2.87170000e+04 2.63333923e+03 2.39381550e+03 1.24534883e+03 1.03987017e+02 1.41052155e+03 1.40664117e+03 5.68480190e+02 7.44190771e+01 1.83053933e+03 8.78157289e+02 7.52985257e+01 1.30135487e+00 1.30452881e+00 9.97566981e-01
2.15171285e-01 2.95950000e+04 2.60401316e+03 2.36448944e+03 1.27849379e+03 1.69956129e+02 1.38529824e+03 1.38141785e+03 5.86153745e+02 1.26071706e+02 1.80275321e+03 9.05235351e+02 1.33986673e+02 1.30500211e+00 1.30829643e+00 9.97481976e-01
2.18317928e-01 3.03010000e+04 2.49774648e+03 2.25822276e+03 1.20134678e+03 1.25503182e+02 1.32548590e+03 1.32160552e+03 5.27628228e+02 1.09293599e+02 1.72347499e+03 8.37759707e+02 1.02231863e+02 1.30407672e+00 1.30717119e+00 9.97632697e-01
2.21449809e-01 3.11010000e+04 2.45648339e+03 2.21695966e+03 1.13320077e+03 1.12505330e+02 1.29461187e+03 1.29073148e+03 4.80046537e+02 1.01060280e+02 1.68828299e+03 7.78597771e+02 9.44397442e+01 1.30800481e+00 1.31057218e+00 9.98041034e-01
2.24581721e-01 3.20230000e+04 2.37449263e+03 2.13496890e+03 1.19478009e+03 1.24118184e+02 1.24172571e+03 1.23784533e+03 5.11101553e+02 8.62072250e+01 1.62193705e+03 8.22552678e+02 8.78103977e+01 1.31029056e+00 1.31329589e+00 9.97711610e-01
2.27720707e-01 3.29770000e+04 2.30573636e+03 2.06621264e+03 1.10585831e+03 2.20414871e+02 1.20773544e+03 1.20385505e+03 4.59626799e+02 1.51175130e+02 1.57451755e+03 7.54933068e+02 1.67925604e+02 1.30789628e+00 1.31008781e+00 9.98327189e-01
2.30881724e-01 3.44490000e+04 2.27567594e+03 2.03615221e+03 1.02051470e+03 1.05420077e+02 1.18064056e+03 1.17676018e+03 4.21384571e+02 9.17412641e+01 1.54602604e+03 6.97901963e+02 8.09226717e+01 1.31379874e+00 1.31541000e+00 9.98775093e-01
2.34032212e-01 3.45490000e+04 2.25284636e+03 2.01332263e+03 1.05855558e+03 1.79356111e+02 1.15312886e+03 1.14924847e+03 4.22067358e+02 1.44955546e+02 1.51974949e+03 7.12049842e+02 1.45331970e+02 1.32238548e+00 1.32357855e+00 9.99098600e-01
2.37174262e-01 3.61110000e+04 2.23175253e+03 1.99222881e+03 1.04459962e+03 1.45051186e+02 1.14274495e+03 1.13886457e+03 4.06641187e+02 1.26964393e+02 1.50498557e+03 6.97602240e+02 1.21278908e+02 1.32147897e+00 1.32261537e+00 9.99140786e-01
2.40317807e-01 3.65410000e+04 2.15273399e+03 1.91321026e+03 9.94683959e+02 1.47656513e+02 1.09200241e+03 1.08812203e+03 3.58505921e+02 1.32863712e+02 1.44132679e+03 6.45530868e+02 1.25004061e+02 1.32460033e+00 1.32599702e+00 9.98946682e-01
2.43450963e-01 3.77170000e+04 2.11629736e+03 1.87677364e+03 9.57036502e+02 8.51809515e+01 1.06852212e+03 1.06464173e+03 3.43265984e+02 9.40445415e+01 1.41244587e+03 6.21243554e+02 7.34722878e+01 1.32668655e+00 1.32771299e+00 9.99226913e-01
2.46584855e-01 3.86190000e+04 2.08385887e+03 1.84433514e+03 9.18260314e+02 1.03249556e+02 1.04247051e+03 1.03859013e+03 3.22032272e+02 9.85220575e+01 1.38390055e+03 5.91077271e+02 8.47785641e+01 1.33247998e+00 1.33259392e+00 9.99914499e-01
2.49725337e-01 3.96610000e+04 2.03906382e+03 1.79954009e+03 9.15728447e+02 9.56093653e+01 1.01704489e+03 1.01316451e+03 3.16464166e+02 9.42539356e+01 1.35128095e+03 5.85026321e+02 7.84826936e+01 1.33372314e+00 1.33272572e+00 1.00074841e+00
2.52857953e-01 4.05450000e+04 1.99894124e+03 1.75941752e+03 8.92987158e+02 1.49046593e+02 9.92723351e+02 9.88842968e+02 2.91204166e+02 1.16271007e+02 1.31979299e+03 5.59446660e+02 1.11922565e+02 1.33468410e+00 1.33389238e+00 1.00059354e+00
2.55996200e-01 4.18150000e+04 1.96679836e+03 1.72727463e+03 8.91883350e+02 1.71386266e+02 9.68295399e+02 9.64415015e+02 2.88780444e+02 1.47258256e+02 1.29175753e+03 5.58841201e+02 1.40572430e+02 1.33942080e+00 1.33828532e+00 1.00084845e+00
2.59156305e-01 4.31250000e+04 1.92882193e+03 1.68929821e+03 8.07625951e+02 1.28654801e+02 9.43445144e+02 9.39564760e+02 2.43504590e+02 1.08637727e+02 1.26198284e+03 4.95341229e+02 1.00160217e+02 1.34315685e+00 1.34087965e+00 1.00169829e+00
2.62304482e-01 4.36810000e+04 1.91002829e+03 1.67050456e+03 8.34806863e+02 8.77960806e+01 9.34311392e+02 9.30431008e+02 2.52962581e+02 1.10096250e+02 1.24840142e+03 5.12357430e+02 8.53104825e+01 1.34174528e+00 1.33992887e+00 1.00135560e+00
2.65437865e-01 4.46290000e+04 1.86533035e+03 1.62580663e+03 7.95969982e+02 7.19925479e+01 9.02873581e+02 8.98993198e+02 2.25482443e+02 1.05009921e+02 1.21148145e+03 4.77534563e+02 7.71437320e+01 1.34759802e+00 1.34479548e+00 1.00208399e+00
2.68578676e-01 4.62270000e+04 1.84166265e+03 1.60213892e+03 7.74000679e+02 9.74369102e+01 8.86409087e+02 8.82528703e+02 2.09684660e+02 1.06875814e+02 1.19119040e+03 4.61027932e+02 8.66373065e+01 1.34974692e+00 1.34736625e+00 1.00176690e+00
2.71728978e-01 4.69090000e+04 1.79758670e+03 1.55806298e+03 7.45444650e+02 8.77362719e+01 8.58073887e+02 8.54193503e+02 2.00659581e+02 9.25415533e+01 1.15613455e+03 4.43179746e+02 7.06676152e+01 1.35348086e+00 1.35056152e+00 1.00216157e+00
2.74871533e-01 4.82370000e+04 1.77241517e+03 1.53289145e+03 7.51234456e+02 1.13448346e+02 8.41084918e+02 8.37204535e+02 1.91644722e+02 1.19743350e+02 1.13598521e+03 4.38928090e+02 9.89613333e+01 1.35687895e+00 1.35313122e+00 1.00276967e+00
2.77996871e-01 4.85830000e+04 1.74000339e+03 1.50047966e+03 7.17099998e+02 1.26504162e+02 8.20857696e+02 8.16977313e+02 1.72834099e+02 1.21012249e+02 1.11040895e+03 4.13166937e+02 1.06037715e+02 1.35916742e+00 1.35522080e+00 1.00291216e+00
2.81142734e-01 5.09970000e+04 1.69443568e+03 1.45491195e+03 6.63709616e+02 6.86612670e+01 7.93979130e+02 7.90098747e+02 1.52873870e+02 8.91516602e+01 1.07690368e+03 3.77147582e+02 6.33052634e+01 1.36299885e+00 1.35699319e+00 1.00442571e+00
2.84300577e-01 5.13970000e+04 1.67406380e+03 1.43454008e+03 6.91560631e+02 8.66985568e+01 7.80166279e+02 7.76285895e+02 1.53910626e+02 1.01053540e+02 1.05966245e+03 3.88470078e+02 7.83660213e+01 1.36504148e+00 1.35939446e+00 1.00415408e+00
2.87440229e-01 5.24890000e+04 1.64032205e+03 1.40079832e+03 6.54915020e+02 9.42874092e+01 7.61854316e+02 7.57973933e+02 1.32650609e+02 1.13703466e+02 1.03463914e+03 3.60741290e+02 8.80902746e+01 1.36500624e+00 1.35944196e+00 1.00409306e+00
2.90577511e-01 5.37870000e+04 1.62099186e+03 1.38146814e+03 6.49138702e+02 1.04756092e+02 7.42973142e+02 7.39092758e+02 1.31770761e+02 1.10529847e+02 1.01452336e+03 3.58009999e+02 9.01141745e+01 1.37266040e+00 1.36716510e+00 1.00401948e+00
2.93719725e-01 5.49130000e+04 1.60400804e+03 1.36448431e+03 6.34839405e+02 7.13795927e+01 7.33589239e+02 7.29708856e+02 1.15777363e+02 9.56441147e+01 1.00248158e+03 3.41648658e+02 6.49137998e+01 1.37381036e+00 1.36744373e+00 1.00465586e+00
2.96858811e-01 5.59770000e+04 1.55955119e+03 1.32002746e+03 5.86783506e+02 4.38707100e+01 7.10482296e+02 7.06601912e+02 9.88102361e+01 8.91315367e+01 9.71114112e+02 3.11640505e+02 5.43735722e+01 1.37434402e+00 1.36679720e+00 1.00552154e+00
2.99998598e-01 5.74150000e+04 1.54665123e+03 1.30712750e+03 5.81326657e+02 1.00374598e+02 7.00472442e+02 6.96592059e+02 9.41585951e+01 1.11726263e+02 9.59370129e+02 3.05936864e+02 9.06891250e+01 1.37723380e+00 1.36983960e+00 1.00539786e+00
3.03133956e-01 5.81050000e+04 1.51506435e+03 1.27554062e+03 5.79814615e+02 1.06552356e+02 6.82252742e+02 6.78372359e+02 8.75392755e+01 1.15444377e+02 9.35346017e+02 3.00969711e+02 9.33524136e+01 1.37880915e+00 1.37123874e+00 1.00552086e+00
3.06273479e-01 6.00330000e+04 1.49236163e+03 1.25283791e+03 5.67791450e+02 5.41614459e+01 6.66744014e+02 6.62863630e+02 7.98966588e+01 1.02622456e+02 9.17408543e+02 2.90425363e+02 6.76977613e+01 1.38400796e+00 1.37478678e+00 1.00670736e+00
3.09423887e-01 6.09490000e+04 1.47566201e+03 1.23613828e+03 5.59656056e+02 9.64327469e+01 6.56002470e+02 6.52122086e+02 7.48591960e+01 1.12823341e+02 9.03988515e+02 2.83606942e+02 8.59935767e+01 1.38622588e+00 1.37679434e+00 1.00685036e+00
3.12565528e-01 6.22350000e+04 1.44664430e+03 1.20712057e+03 5.41238727e+02 1.05491313e+02 6.39687025e+02 6.35806641e+02 6.23186606e+01 1.22965800e+02 8.82502610e+02 2.68938328e+02 9.65990170e+01 1.38800470e+00 1.37788444e+00 1.00734478e+00
3.15701373e-01 6.32290000e+04 1.42560519e+03 1.18608147e+03 5.43185597e+02 6.22305883e+01 6.24286046e+02 6.20405662e+02 5.92748927e+01 1.05002220e+02 8.64025161e+02 2.66266011e+02 6.92747210e+01 1.39267775e+00 1.38267269e+00 1.00723603e+00
3.18850178e-01 6.51330000e+04 1.41679196e+03 1.17726824e+03 5.05898422e+02 8.30453624e+01 6.14764622e+02 6.10884238e+02 4.53283982e+01 1.04897303e+02 8.54375289e+02 2.42688317e+02 7.69890700e+01 1.39858788e+00 1.38821986e+00 1.00746857e+00
3.21992889e-01 6.57070000e+04 1.38544679e+03 1.14592306e+03 4.78363971e+02 6.70773666e+01 5.99182529e+02 5.95302146e+02 3.23542121e+01 1.04951947e+02 8.33062436e+02 2.23989271e+02 7.13897429e+01 1.39939431e+00 1.38742337e+00 1.00862818e+00
3.25134271e-01 6.75610000e+04 1.36827017e+03 1.12874644e+03 4.68432204e+02 6.66188873e+01 5.87879785e+02 5.83999401e+02 2.93872722e+01 1.05266830e+02 8.18887547e+02 2.17851377e+02 7.20219039e+01 1.40220614e+00 1.39024709e+00 1.00860210e+00
3.28279306e-01 6.85050000e+04 1.34927157e+03 1.10974784e+03 4.70236666e+02 8.89185530e+01 5.76169944e+02 5.72289560e+02 2.14090219e+01 1.17917585e+02 8.04197923e+02 2.12125368e+02 8.72607174e+01 1.40522906e+00 1.39252898e+00 1.00912016e+00
3.31418464e-01 6.99430000e+04 1.32109903e+03 1.08157531e+03 4.40194731e+02 8.18047707e+01 5.59846249e+02 5.55965866e+02 1.66076241e+01 1.14125248e+02 7.82978855e+02 1.97563696e+02 8.22207235e+01 1.40832181e+00 1.39477552e+00 1.00971216e+00
3.34559272e-01 7.10970000e+04 1.31439143e+03 1.07486770e+03 4.44507730e+02 7.74716789e+01 5.54213796e+02 5.50333412e+02 9.65606626e+00 1.13833166e+02 7.76709574e+02 1.92647239e+02 8.10972045e+01 1.41134366e+00 1.39754103e+00 1.00987637e+00
3.37703510e-01 7.30210000e+04 1.29924706e+03 1.05972334e+03 4.31612696e+02 1.04723935e+02 5.46192489e+02 5.42312105e+02 5.53449001e+00 1.19341964e+02 7.66010335e+02 1.85347323e+02 9.33202622e+01 1.41248983e+00 1.39788550e+00 1.01044745e+00
3.40841776e-01 7.33170000e+04 1.27902070e+03 1.03949698e+03 4.00591167e+02 6.65514041e+01 5.33042355e+02 5.29161972e+02 -6.54850552e+00 1.06654807e+02 7.50008596e+02 1.65073238e+02 7.20394675e+01 1.41735166e+00 1.40157810e+00 1.01125414e+00
3.43979627e-01 7.57990000e+04 1.25837195e+03 1.01884822e+03 4.04975291e+02 5.51680070e+01 5.18730305e+02 5.14849922e+02 -5.35912841e+00 1.04899277e+02 7.31845642e+02 1.68399878e+02 6.63018746e+01 1.42147374e+00 1.40674189e+00 1.01047232e+00
3.47117216e-01 7.60210000e+04 1.23822866e+03 9.98704936e+02 3.80422355e+02 6.18067033e+01 5.11693907e+02 5.07813523e+02 -1.83740995e+01 1.04353860e+02 7.20876288e+02 1.49658022e+02 6.77793481e+01 1.41956891e+00 1.40238245e+00 1.01225519e+00
3.50258770e-01 7.87530000e+04 1.22497109e+03 9.85447363e+02 3.70526749e+02 5.59633539e+01 5.01863033e+02 4.97982649e+02 -2.49563976e+01 1.06596968e+02 7.08650934e+02 1.41091291e+02 6.79024437e+01 1.42304342e+00 1.40672631e+00 1.01159935e+00
3.53406248e-01 7.92910000e+04 1.20890597e+03 9.69382244e+02 3.65880904e+02 4.88338319e+01 4.89859495e+02 4.85979111e+02 -2.50926849e+01 1.02914787e+02 6.95277626e+02 1.38703267e+02 6.27053488e+01 1.43067389e+00 1.41233828e+00 1.01298245e+00
3.56550950e-01 8.11290000e+04 1.20144469e+03 9.61920962e+02 3.57396169e+02 7.89380809e+01 4.84261882e+02 4.80381498e+02 -2.77895991e+01 1.14128290e+02 6.88493418e+02 1.33100513e+02 8.02334041e+01 1.43322218e+00 1.41506555e+00 1.01283095e+00
3.59695913e-01 8.24410000e+04 1.18370070e+03 9.44176976e+02 3.60505225e+02 7.11890057e+01 4.74810989e+02 4.70930606e+02 -3.21012965e+01 1.10724796e+02 6.75549133e+02 1.31184463e+02 7.42435779e+01 1.43449826e+00 1.41595107e+00 1.01309875e+00
3.62841690e-01 8.39490000e+04 1.16299203e+03 9.23468307e+02 3.44032001e+02 7.86456341e+01 4.63052087e+02 4.59171703e+02 -3.50016442e+01 1.12034185e+02 6.60241412e+02 1.23616695e+02 7.73393832e+01 1.43789656e+00 1.41815415e+00 1.01392120e+00
3.65982634e-01 8.51230000e+04 1.15079840e+03 9.11274677e+02 3.50528939e+02 6.00122461e+01 4.55899800e+02 4.52019416e+02 -3.52010173e+01 1.06106947e+02 6.51061905e+02 1.24467947e+02 6.89517446e+01 1.44034057e+00 1.41986190e+00 1.01442300e+00
3.69125400e-01 8.69290000e+04 1.13131696e+03 8.91793236e+02 3.41338475e+02 7.57479277e+01 4.45994104e+02 4.42113721e+02 -4.12636834e+01 1.13516196e+02 6.37247402e+02 1.15927887e+02 7.90990078e+01 1.44136536e+00 1.42025096e+00 1.01486667e+00
3.72263292e-01 8.77890000e+04 1.12020649e+03 8.80682765e+02 3.38236652e+02 4.44735649e+01 4.38129567e+02 4.34249184e+02 -4.20257655e+01 1.03204463e+02 6.27927646e+02 1.13734111e+02 6.05939392e+01 1.44600766e+00 1.42409920e+00 1.01538408e+00
3.75393555e-01 8.96230000e+04 1.10014346e+03 8.60619733e+02 3.10616135e+02 7.12183279e+01 4.29971022e+02 4.26090638e+02 -5.29631908e+01 1.16755570e+02 6.14987760e+02 9.65438976e+01 7.81517385e+01 1.44332615e+00 1.42119822e+00 1.01556991e+00
3.78537923e-01 9.13410000e+04 1.09076195e+03 8.51238226e+02 3.00499106e+02 5.12639639e+01 4.20679282e+02 4.16798899e+02 -5.55865090e+01 1.06009565e+02 6.05641047e+02 9.02870746e+01 6.50519120e+01 1.45307737e+00 1.42909888e+00 1.01677875e+00
3.81682062e-01 9.28450000e+04 1.07850150e+03 8.38977772e+02 3.03369736e+02 7.07795831e+01 4.13807096e+02 4.09926712e+02 -5.68498635e+01 1.10638742e+02 5.96009044e+02 8.97834124e+01 7.43990203e+01 1.45394049e+00 1.43061284e+00 1.01630605e+00
3.84823148e-01 9.40870000e+04 1.06283275e+03 8.23309024e+02 2.83954979e+02 5.73129356e+01 4.06886991e+02 4.03006607e+02 -6.19260736e+01 1.04750757e+02 5.86670792e+02 7.78764713e+01 6.55726614e+01 1.45573492e+00 1.42930645e+00 1.01849041e+00
3.87969743e-01 9.63330000e+04 1.05436392e+03 8.14840193e+02 2.73314472e+02 3.50591364e+01 4.00701097e+02 3.96820714e+02 -6.38359551e+01 1.03939184e+02 5.78364669e+02 7.53086256e+01 5.83533783e+01 1.45749617e+00 1.43297645e+00 1.01711104e+00
3.91116457e-01 9.72490000e+04 1.03842817e+03 7.98904440e+02 2.64841071e+02 6.80653207e+01 3.93028149e+02 3.89147765e+02 -6.83920022e+01 1.13668320e+02 5.67616066e+02 6.74980705e+01 7.58810275e+01 1.45861320e+00 1.43281509e+00 1.01800519e+00
3.94265747e-01 9.95010000e+04 1.02963907e+03 7.90115343e+02 2.68413785e+02 2.83692473e+01 3.86844616e+02 3.82964232e+02 -6.95223394e+01 1.04626139e+02 5.60689560e+02 6.62068900e+01 5.73518641e+01 1.46407814e+00 1.43636939e+00 1.01929082e+00
3.97394828e-01 9.92830000e+04 1.01629989e+03 7.76776165e+02 2.68318029e+02 4.79952544e+01 3.78346710e+02 3.74466326e+02 -6.90136443e+01 1.05168847e+02 5.49841194e+02 6.72111345e+01 6.24822665e+01 1.46833281e+00 1.44026219e+00 1.01948994e+00
4.00524555e-01 1.02537000e+05 1.00585571e+03 7.66331980e+02 2.58918633e+02 5.45534235e+01 3.73506395e+02 3.69626011e+02 -7.41918645e+01 1.08768854e+02 5.42788767e+02 6.03491010e+01 6.70730885e+01 1.46848098e+00 1.43988302e+00 1.01986130e+00
4.03668203e-01 1.03477000e+05 9.91912943e+02 7.52389217e+02 2.35290790e+02 5.97416907e+01 3.64374172e+02 3.60493788e+02 -7.89578312e+01 1.08141468e+02 5.32101938e+02 4.67773652e+01 6.93711979e+01 1.47603636e+00 1.44468242e+00 1.02170300e+00
4.06811474e-01 1.05751000e+05 9.82857763e+02 7.43334037e+02 2.43769400e+02 4.74540971e+01 3.60662712e+02 3.56782328e+02 -8.08817266e+01 1.09882224e+02 5.26014630e+02 4.84012706e+01 6.72760985e+01 1.47432927e+00 1.44341210e+00 1.02141950e+00
4.09957650e-01 1.06869000e+05 9.73168990e+02 7.33645264e+02 2.36798113e+02 5.41685647e+01 3.54412958e+02 3.50532574e+02 -8.15943527e+01 1.14502015e+02 5.18188513e+02 4.51006634e+01 7.15919984e+01 1.47828918e+00 1.44670129e+00 1.02183443e+00
4.13097632e-01 1.08697000e+05 9.57074966e+02 7.17551240e+02 2.26791215e+02 4.07423782e+01 3.46565927e+02 3.42685543e+02 -8.42347615e+01 1.06351871e+02 5.07195324e+02 3.96056168e+01 6.16244583e+01 1.48006047e+00 1.44703344e+00 1.02282395e+00
4.16244854e-01 1.10577000e+05 9.52028357e+02 7.12504631e+02 2.25831714e+02 4.46548288e+01 3.42586724e+02 3.38706340e+02 -8.62860790e+01 1.09187289e+02 5.02623541e+02 3.68821431e+01 6.53359638e+01 1.48395079e+00 1.45038127e+00 1.02314531e+00
4.19397965e-01 1.12555000e+05 9.41383101e+02 7.01859375e+02 2.17206187e+02 3.56777352e+01 3.35604019e+02 3.31723635e+02 -8.63877159e+01 1.06298143e+02 4.94243704e+02 3.32733654e+01 6.10580643e+01 1.48992611e+00 1.45457743e+00 1.02430168e+00
4.22531732e-01 1.12593000e+05 9.28649881e+02 6.89126155e+02 2.07857574e+02 4.57354577e+01 3.29414510e+02 3.25534127e+02 -8.92309107e+01 1.06354541e+02 4.85376595e+02 2.80129235e+01 6.36865526e+01 1.49101601e+00 1.45496017e+00 1.02478132e+00
4.25664143e-01 1.15573000e+05 9.25144054e+02 6.85620328e+02 2.13845306e+02 5.10241462e+01 3.25537013e+02 3.21656629e+02 -9.04832860e+01 1.06017194e+02 4.80978941e+02 2.69897612e+01 6.51303394e+01 1.49531798e+00 1.45997557e+00 1.02420753e+00
4.28809913e-01 1.17283000e+05 9.12291603e+02 6.72767877e+02 2.10136527e+02 4.94416636e+01 3.19487296e+02 3.15606913e+02 -8.85038685e+01 1.06513418e+02 4.72663869e+02 2.84666874e+01 6.41079146e+01 1.49763472e+00 1.46002190e+00 1.02576182e+00
4.31952924e-01 1.18581000e+05 9.02920174e+02 6.63396448e+02 1.97349879e+02 4.80038966e+01 3.14101245e+02 3.10220862e+02 -9.49765263e+01 1.11733302e+02 4.65209385e+02 1.91320114e+01 6.91302609e+01 1.49960703e+00 1.46234913e+00 1.02547811e+00
4.35091937e-01 1.20625000e+05 8.92479193e+02 6.52955467e+02 1.84464079e+02 4.22233871e+01 3.08961407e+02 3.05081024e+02 -9.65917947e+01 1.07805711e+02 4.58197702e+02 1.31970729e+01 6.31804982e+01 1.50188857e+00 1.46296583e+00 1.02660536e+00
4.38232055e-01 1.21935000e+05 8.83166065e+02 6.43642339e+02 1.85470971e+02 4.11105386e+01 3.04187914e+02 3.00307530e+02 -9.63194255e+01 1.06214454e+02 4.51688505e+02 1.31935122e+01 6.21464004e+01 1.50408651e+00 1.46399364e+00 1.02738596e+00
4.41375194e-01 1.24441000e+05 8.75776500e+02 6.36252774e+02 1.84339697e+02 3.28686647e+01 2.99919928e+02 2.96039544e+02 -9.80125161e+01 1.05769555e+02 4.45989048e+02 1.09377773e+01 5.88028539e+01 1.50651850e+00 1.46602029e+00 1.02762459e+00
4.44516638e-01 1.25517000e+05 8.65802555e+02 6.26278828e+02 1.77236244e+02 5.32003944e+01 2.93787949e+02 2.89907566e+02 -9.91082096e+01 1.09014469e+02 4.37989451e+02 7.88487342e+00 6.72316836e+01 1.51079000e+00 1.46978595e+00 1.02789798e+00
4.47654212e-01 1.27357000e+05 8.59142529e+02 6.19618803e+02 1.70668565e+02 4.70278649e+01 2.91470520e+02 2.87590136e+02 -1.02538465e+02 1.09531541e+02 4.34823707e+02 2.05897957e+00 6.74314845e+01 1.51195626e+00 1.46782845e+00 1.03006333e+00
4.50797826e-01 1.29895000e+05 8.52224231e+02 6.12700505e+02 1.64991783e+02 4.06976003e+01 2.86018461e+02 2.82138078e+02 -1.00849385e+02 1.06539747e+02 4.28330472e+02 1.36445157e+00 6.22644443e+01 1.51815904e+00 1.47364633e+00 1.03020582e+00
4.53941666e-01 1.30701000e+05 8.44698841e+02 6.05175115e+02 1.77004190e+02 5.41093207e+01 2.81579700e+02 2.77699317e+02 -1.01181875e+02 1.10383684e+02 4.21740412e+02 4.58042415e+00 6.84403543e+01 1.51869445e+00 1.47622693e+00 1.02876761e+00
4.57087205e-01 1.33921000e+05 8.34189907e+02 5.94666181e+02 1.73089525e+02 4.83961840e+01 2.77450443e+02 2.73570060e+02 -1.02761075e+02 1.07383848e+02 4.15455924e+02 1.22522512e+00 6.46842989e+01 1.51864544e+00 1.47435592e+00 1.03003991e+00
4.60231541e-01 1.34187000e+05 8.28327139e+02 5.88803413e+02 1.52141931e+02 4.51122915e+01 2.73269486e+02 2.69389102e+02 -1.05785741e+02 1.08739611e+02 4.10965028e+02 -8.10328678e+00 6.57493146e+01 1.52554437e+00 1.47841087e+00 1.03188119e+00
4.63371721e-01 1.37125000e+05 8.20075895e+02 5.80552169e+02 1.50075655e+02 4.69005026e+01 2.70104369e+02 2.66223985e+02 -1.07428469e+02 1.09191011e+02 4.06033997e+02 -1.08786527e+01 6.61387392e+01 1.52515934e+00 1.47671619e+00 1.03280465e+00
4.66516210e-01 1.38457000e+05 8.09561875e+02 5.70038148e+02 1.52653370e+02 4.83499389e+01 2.64448493e+02 2.60568110e+02 -1.05381745e+02 1.09456016e+02 3.98031275e+02 -7.87313401e+00 6.68675735e+01 1.52755176e+00 1.47907886e+00 1.03277236e+00
4.69663289e-01 1.40937000e+05 8.04215269e+02 5.64691543e+02 1.46199024e+02 3.68285133e+01 2.60565466e+02 2.56685083e+02 -1.05683044e+02 1.05966829e+02 3.93539694e+02 -1.14010110e+01 6.15949244e+01 1.53316153e+00 1.48321916e+00 1.03367161e+00
4.72798741e-01 1.41367000e+05 7.99314986e+02 5.59791259e+02 1.47512643e+02 4.97110503e+01 2.56586590e+02 2.52706207e+02 -1.05975592e+02 1.08268650e+02 3.88674203e+02 -1.18052601e+01 6.62919820e+01 1.53804771e+00 1.48835010e+00 1.03339107e+00
4.75933001e-01 1.44381000e+05 7.89179866e+02 5.49656139e+02 1.36202868e+02 3.50929514e+01 2.52018402e+02 2.48138018e+02 -1.07220874e+02 1.04888384e+02 3.82151734e+02 -1.61672443e+01 6.03011262e+01 1.54007732e+00 1.48832880e+00 1.03476954e+00
4.79070663e-01 1.45549000e+05 7.84784769e+02 5.45261043e+02 1.30504942e+02 3.94453391e+01 2.50735983e+02 2.46855599e+02 -1.11146923e+02 1.07169126e+02 3.79753533e+02 -2.12919311e+01 6.22203860e+01 1.53836305e+00 1.48621193e+00 1.03508996e+00
4.82217547e-01 1.49139000e+05 7.73798648e+02 5.34274922e+02 1.27111774e+02 4.13453659e+01 2.44552199e+02 2.40671815e+02 -1.07873337e+02 1.06602542e+02 3.71517883e+02 -2.01297551e+01 6.36245794e+01 1.54367009e+00 1.48994342e+00 1.03605954e+00
4.85367782e-01 1.49641000e+05 7.70549956e+02 5.31026229e+02 1.29168311e+02 4.33845098e+01 2.42839816e+02 2.38959433e+02 -1.09159778e+02 1.05239349e+02 3.69356001e+02 -2.15142382e+01 6.31725752e+01 1.54568496e+00 1.49071938e+00 1.03687185e+00
4.88504038e-01 1.51825000e+05 7.64161895e+02 5.24638169e+02 1.27891995e+02 4.97552446e+01 2.39099936e+02 2.35219552e+02 -1.09226149e+02 1.08490450e+02 3.64391976e+02 -2.17252830e+01 6.66564078e+01 1.54915683e+00 1.49345875e+00 1.03729469e+00
4.91641166e-01 1.53453000e+05 7.58744857e+02 5.19221131e+02 1.18552580e+02 4.25819415e+01 2.36182947e+02 2.32302563e+02 -1.10160860e+02 1.07535730e+02 3.60497024e+02 -2.56585951e+01 6.47620959e+01 1.55184264e+00 1.49502749e+00 1.03800275e+00
4.94778485e-01 1.55887000e+05 7.52062977e+02 5.12539251e+02 1.11969059e+02 5.14842038e+01 2.33069546e+02 2.29189162e+02 -1.13733740e+02 1.09955545e+02 3.55925171e+02 -3.16745504e+01 6.91065014e+01 1.55297557e+00 1.49543151e+00 1.03847991e+00
4.97922815e-01 1.58121000e+05 7.40565642e+02 5.01041916e+02 1.08524461e+02 3.05282999e+01 2.27370310e+02 2.23489926e+02 -1.12556442e+02 1.02446975e+02 3.47896848e+02 -3.22968100e+01 5.72047637e+01 1.55665561e+00 1.49729734e+00 1.03964361e+00
5.01068105e-01 1.59841000e+05 7.36391313e+02 4.96867587e+02 1.14360204e+02 3.60993053e+01 2.24249931e+02 2.20369547e+02 -1.09840986e+02 1.03826548e+02 3.43941580e+02 -2.84711882e+01 5.94992273e+01 1.56074914e+00 1.50156641e+00 1.03941399e+00
5.04202413e-01 1.61175000e+05 7.31127240e+02 4.91603514e+02 1.05374483e+02 4.09679692e+01 2.22476867e+02 2.18596483e+02 -1.12948428e+02 1.06432459e+02 3.40919064e+02 -3.37751348e+01 6.28160622e+01 1.55958165e+00 1.49963616e+00 1.03997336e+00
5.07347075e-01 1.64677000e+05 7.23169422e+02 4.83645696e+02 1.09153840e+02 4.17814129e+01 2.17394125e+02 2.13513741e+02 -1.10353453e+02 1.04540464e+02 3.34687318e+02 -3.19324601e+01 6.24135896e+01 1.56752121e+00 1.50504938e+00 1.04150816e+00
5.10496278e-01 1.66057000e+05 7.18789583e+02 4.79265857e+02 9.78073457e+01 3.12969160e+01 2.16202894e+02 2.12322510e+02 -1.16027538e+02 1.04324536e+02 3.32231374e+02 -3.99628494e+01 5.93741492e+01 1.56474871e+00 1.50241609e+00 1.04148826e+00
5.13636990e-01 1.67703000e+05 7.11007669e+02 4.71483943e+02 9.50152321e+01 3.64730710e+01 2.11757892e+02 2.07877509e+02 -1.12541836e+02 1.02808027e+02 3.26685960e+02 -3.87452432e+01 5.95797875e+01 1.57153105e+00 1.50601640e+00 1.04350195e+00
5.16779591e-01 1.70269000e+05 7.06523433e+02 4.66999707e+02 9.66141192e+01 3.66911350e+01 2.09962509e+02 2.06082126e+02 -1.13533093e+02 1.03905730e+02 3.23982651e+02 -3.91895682e+01 6.05172859e+01 1.57210457e+00 1.50535227e+00 1.04434331e+00
5.19923779e-01 1.72257000e+05 7.05217327e+02 4.65693601e+02 9.28228126e+01 3.25599062e+01 2.08084977e+02 2.04204593e+02 -1.14003559e+02 1.02967832e+02 3.21772234e+02 -4.09277073e+01 5.87179083e+01 1.57573455e+00 1.51014059e+00 1.04343566e+00
5.23063487e-01 1.73653000e+05 6.94538716e+02 4.55014990e+02 9.00154690e+01 4.42032705e+01 2.03938012e+02 2.00057629e+02 -1.14598397e+02 1.05342835e+02 3.15419555e+02 -4.25523162e+01 6.41943261e+01 1.57664347e+00 1.50811790e+00 1.04543781e+00
5.26201718e-01 1.76619000e+05 6.90720063e+02 4.51196337e+02 8.47406453e+01 2.34852832e+01 2.01528994e+02 1.97648610e+02 -1.15982334e+02 1.01478422e+02 3.12108104e+02 -4.58409139e+01 5.54874006e+01 1.57910599e+00 1.51090062e+00 1.04514219e+00
5.29340352e-01 1.77565000e+05 6.88081280e+02 4.48557554e+02 8.56738350e+01 3.00167294e+01 1.99192097e+02 1.95311714e+02 -1.14150930e+02 1.00039525e+02 3.09322339e+02 -4.46426532e+01 5.50777234e+01 1.58373675e+00 1.51546162e+00 1.04505237e+00
5.32482167e-01 1.81285000e+05 6.81108907e+02 4.41585180e+02 7.85768987e+01 3.61482205e+01 1.96261732e+02 1.92381349e+02 -1.15244542e+02 1.04543177e+02 3.05014837e+02 -4.82197528e+01 6.22417490e+01 1.58546990e+00 1.51504580e+00 1.04648315e+00
5.35628389e-01 1.82547000e+05 6.75215408e+02 4.35691682e+02 7.66615287e+01 3.86411864e+01 1.93579235e+02 1.89698852e+02 -1.15664552e+02 1.04157182e+02 3.00940948e+02 -4.92650669e+01 6.14780129e+01 1.58641418e+00 1.51550468e+00 1.04678936e+00
5.38772024e-01 1.84993000e+05 6.72187291e+02 4.32663565e+02 7.98000749e+01 3.85633401e+01 1.91387427e+02 1.87507044e+02 -1.15103788e+02 1.02480514e+02 2.98692377e+02 -4.88210254e+01 6.09560005e+01 1.59296617e+00 1.51903006e+00 1.04867323e+00
5.41912410e-01 1.86777000e+05 6.64643176e+02 4.25119450e+02 7.39831788e+01 2.84426196e+01 1.88532610e+02 1.84652226e+02 -1.15505084e+02 1.01542376e+02 2.94152241e+02 -5.12357247e+01 5.78345634e+01 1.59300674e+00 1.51732360e+00 1.04987937e+00
5.45054012e-01 1.89073000e+05 6.62903223e+02 4.23379497e+02 6.92120314e+01 3.94924517e+01 1.86388048e+02 1.82507665e+02 -1.15719043e+02 1.02878189e+02 2.91734915e+02 -5.29132877e+01 6.17016113e+01 1.59848035e+00 1.52308576e+00 1.04950121e+00
5.48194833e-01 1.91491000e+05 6.53864626e+02 4.14340900e+02 7.00677623e+01 3.42927880e+01 1.83060690e+02 1.79180307e+02 -1.14553807e+02 1.02365260e+02 2.86265628e+02 -5.16679665e+01 6.04782548e+01 1.59764002e+00 1.52066575e+00 1.05061879e+00
5.51340566e-01 1.93845000e+05 6.53325642e+02 4.13801916e+02 6.36341173e+01 4.17849457e+01 1.82264078e+02 1.78383694e+02 -1.15434041e+02 1.04345841e+02 2.85342861e+02 -5.41302309e+01 6.37960993e+01 1.59960170e+00 1.52306582e+00 1.05025120e+00
5.54481524e-01 1.95181000e+05 6.48896922e+02 4.09373196e+02 6.63488385e+01 3.62893945e+01 1.79012721e+02 1.75132337e+02 -1.14425989e+02 1.01627867e+02 2.81712122e+02 -5.44355909e+01 6.16619109e+01 1.60856714e+00 1.52889102e+00 1.05211367e+00
5.57612714e-01 1.97319000e+05 6.40341264e+02 4.00817537e+02 6.56610609e+01 3.54358848e+01 1.76784581e+02 1.72904198e+02 -1.15018640e+02 1.02307564e+02 2.77194364e+02 -5.45659892e+01 6.01944546e+01 1.60316734e+00 1.52254658e+00 1.05295126e+00
5.60751064e-01 2.00233000e+05 6.36880922e+02 3.97357196e+02 5.95869242e+01 4.09379863e+01 1.74311008e+02 1.70430624e+02 -1.14300223e+02 1.02134708e+02 2.74254100e+02 -5.59725804e+01 6.22482148e+01 1.60918321e+00 1.52692155e+00 1.05387419e+00
5.63896287e-01 2.03037000e+05 6.32576724e+02 3.93052998e+02 6.46344729e+01 4.04666480e+01 1.72851782e+02 1.68971399e+02 -1.13842863e+02 1.02770669e+02 2.71695657e+02 -5.41888194e+01 6.28920860e+01 1.60793874e+00 1.52517247e+00 1.05426683e+00
5.67044776e-01 2.04871000e+05 6.28040582e+02 3.88516856e+02 5.98436990e+01 3.90661893e+01 1.70259131e+02 1.66378748e+02 -1.14703348e+02 1.02402726e+02 2.68131398e+02 -5.76872848e+01 6.19924239e+01 1.61157240e+00 1.52811489e+00 1.05461468e+00
5.70182025e-01 2.06221000e+05 6.24231627e+02 3.84707901e+02 5.63733481e+01 3.26394853e+01 1.68360297e+02 1.64479914e+02 -1.14764750e+02 1.01276746e+02 2.65628142e+02 -5.89217176e+01 6.03794650e+01 1.61495794e+00 1.52935786e+00 1.05597126e+00
5.73319590e-01 2.09529000e+05 6.20748797e+02 3.81225071e+02 5.94430236e+01 3.40789428e+01 1.66096691e+02 1.62216308e+02 -1.13081668e+02 9.91977164e+01 2.62840086e+02 -5.74098130e+01 5.87168236e+01 1.62030618e+00 1.53300465e+00 1.05694799e+00
5.76471206e-01 2.12545000e+05 6.16682336e+02 3.77158610e+02 5.47237399e+01 3.11074639e+01 1.64315457e+02 1.60435074e+02 -1.14052189e+02 1.00047154e+02 2.60119394e+02 -5.96790868e+01 5.92063986e+01 1.62133745e+00 1.53324781e+00 1.05745297e+00
5.79614453e-01 2.13207000e+05 6.13029574e+02 3.73505848e+02 4.84263611e+01 3.51922826e+01 1.62548892e+02 1.58668509e+02 -1.15124500e+02 1.00081982e+02 2.57803195e+02 -6.31247653e+01 5.99903726e+01 1.62479119e+00 1.53427544e+00 1.05899576e+00
5.82754361e-01 2.16577000e+05 6.07151556e+02 3.67627830e+02 5.16345980e+01 3.93562892e+01 1.60258554e+02 1.56378170e+02 -1.14138344e+02 1.00838221e+02 2.54091873e+02 -6.13325689e+01 6.17194059e+01 1.62485513e+00 1.53326113e+00 1.05973803e+00
5.85896538e-01 2.18193000e+05 6.04604021e+02 3.65080295e+02 4.86538721e+01 3.41111212e+01 1.58739826e+02 1.54859443e+02 -1.13895560e+02 9.98100922e+01 2.52139513e+02 -6.24395835e+01 5.99756140e+01 1.62818301e+00 1.53541348e+00 1.06041990e+00
5.89043718e-01 2.22151000e+05 6.00459496e+02 3.60935770e+02 4.42627493e+01 3.31077494e+01 1.56678100e+02 1.52797716e+02 -1.13712169e+02 1.00004000e+02 2.49184648e+02 -6.36128825e+01 6.05127635e+01 1.63081395e+00 1.53693864e+00 1.06107941e+00
5.92183827e-01 2.21641000e+05 5.96938180e+02 3.57414453e+02 4.09061928e+01 4.20134306e+01 1.54551739e+02 1.50671355e+02 -1.13650098e+02 1.00125885e+02 2.46243055e+02 -6.49948742e+01 6.21930370e+01 1.63430570e+00 1.54017726e+00 1.06111533e+00
5.95317321e-01 2.26173000e+05 5.92786431e+02 3.53262705e+02 3.92941872e+01 3.26079915e+01 1.52923622e+02 1.49043239e+02 -1.12607053e+02 9.79510786e+01 2.43766177e+02 -6.45795597e+01 5.83615445e+01 1.63553999e+00 1.53954630e+00 1.06235193e+00
5.98456104e-01 2.26981000e+05 5.89019149e+02 3.49495422e+02 4.27502121e+01 3.03878871e+01 1.50783277e+02 1.46902893e+02 -1.12564830e+02 9.75148195e+01 2.40769180e+02 -6.42584357e+01 5.78465277e+01 1.63896827e+00 1.54243038e+00 1.06258816e+00
6.01600789e-01 2.31903000e+05 5.84523380e+02 3.44999654e+02 3.84293831e+01 3.98562227e+01 1.49745299e+02 1.45864915e+02 -1.13144380e+02 9.98857162e+01 2.38818995e+02 -6.65476225e+01 6.24697539e+01 1.63726140e+00 1.53792058e+00 1.06459425e+00
6.04743422e-01 2.31493000e+05 5.82838095e+02 3.43314368e+02 3.91994478e+01 3.29160457e+01 1.47634849e+02 1.43754466e+02 -1.12278952e+02 9.80526806e+01 2.36476558e+02 -6.62686236e+01 5.93335420e+01 1.64500321e+00 1.54538011e+00 1.06446511e+00
6.07881951e-01 2.36041000e+05 5.76380834e+02 3.36857108e+02 3.79036935e+01 4.12675031e+01 1.45453668e+02 1.41573285e+02 -1.11998405e+02 9.91068213e+01 2.32667056e+02 -6.61669852e+01 6.18308983e+01 1.64343899e+00 1.54252497e+00 1.06542132e+00
6.11024878e-01 2.37231000e+05 5.72925475e+02 3.33401749e+02 3.27109998e+01 3.58476419e+01 1.43866133e+02 1.39985750e+02 -1.12236611e+02 9.85351611e+01 2.30581283e+02 -6.86575855e+01 6.06086580e+01 1.64717683e+00 1.54327039e+00 1.06732873e+00
6.14170308e-01 2.40925000e+05 5.69641008e+02 3.30117282e+02 3.30536864e+01 3.46210218e+01 1.42536469e+02 1.38656085e+02 -1.11853508e+02 9.82051460e+01 2.28396041e+02 -6.82793227e+01 6.03651204e+01 1.64721253e+00 1.54299551e+00 1.06754201e+00
6.17316493e-01 2.42769000e+05 5.65887943e+02 3.26364217e+02 3.31037620e+01 3.63744724e+01 1.41127946e+02 1.37247562e+02 -1.11733654e+02 9.83981821e+01 2.26178702e+02 -6.83106346e+01 6.09569133e+01 1.64796152e+00 1.54205175e+00 1.06868108e+00
6.20451124e-01 2.43757000e+05 5.63490654e+02 3.23966927e+02 3.05043548e+01 4.15152717e+01 1.39266573e+02 1.35386189e+02 -1.11068611e+02 9.84300026e+01 2.23884754e+02 -6.93041481e+01 6.28106572e+01 1.65367498e+00 1.54690327e+00 1.06902288e+00
6.23587420e-01 2.47983000e+05 5.60395293e+02 3.20871567e+02 3.06359481e+01 3.43940618e+01 1.37902724e+02 1.34022340e+02 -1.11295795e+02 9.68711865e+01 2.21811803e+02 -6.97632144e+01 5.94842499e+01 1.65503604e+00 1.54730888e+00 1.06962227e+00
6.26732730e-01 2.50273000e+05 5.56320386e+02 3.16796660e+02 2.94553093e+01 3.99701746e+01 1.36027872e+02 1.32147488e+02 -1.09824544e+02 9.61070750e+01 2.19104726e+02 -6.90454007e+01 5.94707079e+01 1.65803171e+00 1.54832042e+00 1.07085826e+00
6.29874976e-01 2.52373000e+05 5.53038359e+02 3.13514633e+02 2.29697660e+01 3.66705638e+01 1.34701453e+02 1.30821069e+02 -1.10685181e+02 9.71049845e+01 2.17033794e+02 -7.18527970e+01 6.04447269e+01 1.65901253e+00 1.54806810e+00 1.07166638e+00
6.33016072e-01 2.55447000e+05 5.52237221e+02 3.12713495e+02 2.39573575e+01 3.49347336e+01 1.33578106e+02 1.29697723e+02 -1.10082605e+02 9.62507938e+01 2.15919064e+02 -7.15591334e+01 5.94051616e+01 1.66478686e+00 1.55277002e+00 1.07214001e+00
6.36158144e-01 2.57089000e+05 5.47258764e+02 3.07735038e+02 2.38319187e+01 4.04401520e+01 1.31698487e+02 1.27818103e+02 -1.09650825e+02 9.59312726e+01 2.12723591e+02 -7.14253764e+01 6.09354263e+01 1.66426809e+00 1.55164472e+00 1.07258322e+00
6.39302078e-01 2.61237000e+05 5.43565134e+02 3.04041407e+02 2.20363570e+01 3.27341717e+01 1.30553933e+02 1.26673549e+02 -1.09144184e+02 9.63591526e+01 2.10930693e+02 -7.12540258e+01 5.93891120e+01 1.66515184e+00 1.54925675e+00 1.07480689e+00
6.42443294e-01 2.61667000e+05 5.41366473e+02 3.01842747e+02 2.11383020e+01 3.48387685e+01 1.28958745e+02 1.25078362e+02 -1.08823409e+02 9.61636628e+01 2.08998294e+02 -7.16947097e+01 5.99126810e+01 1.67093885e+00 1.55345716e+00 1.07562596e+00
6.45587710e-01 2.66889000e+05 5.37677546e+02 2.98153820e+02 1.47040029e+01 2.99967709e+01 1.27655042e+02 1.23774658e+02 -1.09346857e+02 9.52803113e+01 2.06719107e+02 -7.42725987e+01 5.84352408e+01 1.67012465e+00 1.55204504e+00 1.07608001e+00
6.48732863e-01 2.67049000e+05 5.32953516e+02 2.93429790e+02 1.95071591e+01 3.57794489e+01 1.26159204e+02 1.22278821e+02 -1.08121714e+02 9.50673570e+01 2.04315415e+02 -7.26528273e+01 5.98202649e+01 1.67089783e+00 1.54908940e+00 1.07863228e+00
6.51870914e-01 2.70577000e+05 5.30514343e+02 2.90990616e+02 1.65113551e+01 3.42508083e+01 1.24454605e+02 1.20574222e+02 -1.07980028e+02 9.41511261e+01 2.01981906e+02 -7.35266834e+01 5.85935318e+01 1.67516657e+00 1.55350358e+00 1.07831523e+00
6.55008661e-01 2.72643000e+05 5.29256803e+02 2.89733077e+02 1.59651229e+01 3.62419705e+01 1.23143930e+02 1.19263546e+02 -1.07501838e+02 9.39587985e+01 2.00396857e+02 -7.40405825e+01 5.93420523e+01 1.68028592e+00 1.55863771e+00 1.07804777e+00
6.58150724e-01 2.76205000e+05 5.25134237e+02 2.85610511e+02 1.66892255e+01 3.51698921e+01 1.21634400e+02 1.17754017e+02 -1.06084399e+02 9.30424254e+01 1.98308118e+02 -7.27586421e+01 5.88962659e+01 1.68408793e+00 1.55739662e+00 1.08134813e+00
6.61293380e-01 2.78169000e+05 5.22076238e+02 2.82552512e+02 1.44569493e+01 3.27521708e+01 1.20402298e+02 1.16521914e+02 -1.06545006e+02 9.40625155e+01 1.95970095e+02 -7.35896196e+01 5.89450110e+01 1.68183037e+00 1.55720497e+00 1.08003147e+00
6.64432746e-01 2.80819000e+05 5.20027690e+02 2.80503964e+02 8.91626860e+00 3.23786587e+01 1.19750583e+02 1.15870199e+02 -1.07522807e+02 9.27611673e+01 1.94933982e+02 -7.65208465e+01 5.71279538e+01 1.68234787e+00 1.55590697e+00 1.08126508e+00
6.67572402e-01 2.83629000e+05 5.17890686e+02 2.78366960e+02 1.45939066e+01 3.84126141e+01 1.18323429e+02 1.14443045e+02 -1.05624230e+02 9.41013138e+01 1.93160710e+02 -7.37336112e+01 6.04765364e+01 1.68783267e+00 1.55960328e+00 1.08221923e+00
6.70720258e-01 2.87737000e+05 5.17226476e+02 2.77702750e+02 9.72122034e+00 3.01375226e+01 1.17365851e+02 1.13485467e+02 -1.06305123e+02 9.26886154e+01 1.91946723e+02 -7.58670971e+01 5.73442881e+01 1.69137713e+00 1.56429971e+00 1.08123598e+00
6.73865434e-01 2.88229000e+05 5.12583024e+02 2.73059298e+02 1.03618959e+01 3.11705341e+01 1.15702774e+02 1.11822391e+02 -1.04189334e+02 9.16119173e+01 1.89526817e+02 -7.42213134e+01 5.74106903e+01 1.69489148e+00 1.56265857e+00 1.08462048e+00
6.77000795e-01 2.91519000e+05 5.09033920e+02 2.69510194e+02 9.64717852e+00 3.44730199e+01 1.14525866e+02 1.10645483e+02 -1.04464247e+02 9.24040404e+01 1.87376271e+02 -7.48630969e+01 5.89566362e+01 1.69348324e+00 1.56070476e+00 1.08507598e+00
6.80141305e-01 2.94697000e+05 5.05902136e+02 2.66378409e+02 4.89222947e+00 2.96516683e+01 1.12913613e+02 1.09033230e+02 -1.03630529e+02 9.11286415e+01 1.85113623e+02 -7.56968922e+01 5.68559998e+01 1.69777253e+00 1.56303993e+00 1.08619908e+00
6.83282843e-01 2.96817000e+05 5.04044101e+02 2.64520375e+02 6.85524650e+00 3.26511175e+01 1.12397557e+02 1.08517174e+02 -1.04460032e+02 9.20176628e+01 1.83995196e+02 -7.58767657e+01 5.75813222e+01 1.69553988e+00 1.56127832e+00 1.08599464e+00
6.86425749e-01 3.00739000e+05 5.03653332e+02 2.64129606e+02 5.00014079e+00 3.16768739e+01 1.11213804e+02 1.07333420e+02 -1.03652505e+02 9.11329031e+01 1.82983739e+02 -7.66297194e+01 5.79310585e+01 1.70481606e+00 1.56870419e+00 1.08676707e+00
6.89567686e-01 3.01921000e+05 5.00383807e+02 2.60860080e+02 7.32817983e+00 3.66275958e+01 1.10261351e+02 1.06380967e+02 -1.03644685e+02 9.17603325e+01 1.81163941e+02 -7.62240936e+01 5.91962467e+01 1.70297325e+00 1.56592820e+00 1.08751682e+00
6.92704784e-01 3.05457000e+05 4.97290174e+02 2.57766448e+02 7.21610164e+00 3.53085890e+01 1.08728056e+02 1.04847672e+02 -1.02430651e+02 9.04263569e+01 1.78832351e+02 -7.55412079e+01 5.80767009e+01 1.70563969e+00 1.56795573e+00 1.08781113e+00
6.95849321e-01 3.08839000e+05 4.94981512e+02 2.55457786e+02 4.88511448e+00 3.86812919e+01 1.07883113e+02 1.04002729e+02 -1.02322315e+02 8.98954322e+01 1.77837472e+02 -7.66752288e+01 5.84243801e+01 1.70993082e+00 1.56724612e+00 1.09104166e+00
6.98992226e-01 3.10641000e+05 4.91269547e+02 2.51745820e+02 2.50104927e+00 3.83657243e+01 1.06793991e+02 1.02913607e+02 -1.02259234e+02 9.07600333e+01 1.75606993e+02 -7.68385045e+01 5.89574448e+01 1.70635349e+00 1.56402876e+00 1.09099879e+00
7.02133942e-01 3.14485000e+05 4.90182709e+02 2.50658983e+02 1.20673144e+00 3.57111340e+01 1.06013269e+02 1.02132885e+02 -1.02335942e+02 9.09370593e+01 1.74605013e+02 -7.79093267e+01 5.89214264e+01 1.70958662e+00 1.56660258e+00 1.09127014e+00
7.05277390e-01 3.16113000e+05 4.86974121e+02 2.47450395e+02 2.20023760e+00 3.44735882e+01 1.04730143e+02 1.00849760e+02 -1.01467895e+02 8.98568612e+01 1.72669320e+02 -7.68783810e+01 5.81932520e+01 1.71214409e+00 1.56641431e+00 1.09303399e+00
7.08418917e-01 3.20275000e+05 4.82960142e+02 2.43436416e+02 1.53092294e+00 3.29267030e+01 1.03556142e+02 9.96757587e+01 -1.00553748e+02 8.88527316e+01 1.70660951e+02 -7.64965021e+01 5.68110148e+01 1.71216105e+00 1.56278055e+00 1.09558636e+00
7.11559089e-01 3.21109000e+05 4.80827343e+02 2.41303617e+02 -2.93762425e+00 3.58953946e+01 1.02711910e+02 9.88315266e+01 -1.01015821e+02 8.97296009e+01 1.69228874e+02 -7.79432750e+01 5.84361827e+01 1.71229647e+00 1.56255087e+00 1.09583407e+00
7.14698901e-01 3.26121000e+05 4.78674188e+02 2.39150462e+02 1.66584777e-01 3.18512943e+01 1.01475174e+02 9.75947898e+01 -9.96392141e+01 8.81919515e+01 1.67737860e+02 -7.67156875e+01 5.70232418e+01 1.71871737e+00 1.56538906e+00 1.09794901e+00
7.17843461e-01 3.27727000e+05 4.79089469e+02 2.39565742e+02 -6.23717170e-01 3.46935077e+01 1.01197809e+02 9.73174253e+01 -1.00522211e+02 8.92634618e+01 1.67385537e+02 -7.78466044e+01 5.77980860e+01 1.71999553e+00 1.56897872e+00 1.09625167e+00
7.20988561e-01 3.31821000e+05 4.76727453e+02 2.37203726e+02 -2.63184333e+00 3.29209089e+01 1.00069813e+02 9.61894292e+01 -9.94238501e+01 8.84061728e+01 1.65750357e+02 -7.76096176e+01 5.69596844e+01 1.72316603e+00 1.57035225e+00 1.09731179e+00
7.24126834e-01 3.32497000e+05 4.72820789e+02 2.33297063e+02 -1.53428819e+00 4.26591516e+01 9.88679989e+01 9.49876152e+01 -9.92918435e+01 8.90527199e+01 1.63686792e+02 -7.75421735e+01 5.98636427e+01 1.72324352e+00 1.56718816e+00 1.09957665e+00
7.27266174e-01 3.37353000e+05 4.72473422e+02 2.32949695e+02 -5.63521819e+00 3.29867437e+01 9.82644474e+01 9.43840637e+01 -9.95016297e+01 8.74740688e+01 1.63029042e+02 -7.93240145e+01 5.65695414e+01 1.72729415e+00 1.57102009e+00 1.09947299e+00
7.30409660e-01 3.39559000e+05 4.69516454e+02 2.29992728e+02 -6.16442685e+00 3.29367481e+01 9.72107390e+01 9.33303553e+01 -9.88206442e+01 8.77997077e+01 1.61281015e+02 -7.90673098e+01 5.76052355e+01 1.72806601e+00 1.56980458e+00 1.10081601e+00
7.33555182e-01 3.43309000e+05 4.68416387e+02 2.28892660e+02 -5.38176165e+00 3.01166749e+01 9.61091570e+01 9.22287733e+01 -9.77536635e+01 8.65472734e+01 1.59942482e+02 -7.81944708e+01 5.54963297e+01 1.73419288e+00 1.57537053e+00 1.10081587e+00
7.36696454e-01 3.44757000e+05 4.65952749e+02 2.26429022e+02 -6.38948593e+00 3.20170484e+01 9.55307963e+01 9.16504127e+01 -9.81225914e+01 8.74057598e+01 1.58842592e+02 -7.92915673e+01 5.74908373e+01 1.73313559e+00 1.57180561e+00 1.10263991e+00
7.39834983e-01 3.48703000e+05 4.63630262e+02 2.24106536e+02 -8.57025988e+00 3.81748548e+01 9.45622820e+01 9.06818983e+01 -9.76779023e+01 8.74029836e+01 1.57303894e+02 -7.92779641e+01 5.81624053e+01 1.73467800e+00 1.57205219e+00 1.10344810e+00
7.42978072e-01 3.51261000e+05 4.62564202e+02 2.23040476e+02 -4.43753393e+00 3.34578231e+01 9.36711608e+01 8.97907771e+01 -9.64727333e+01 8.59481627e+01 1.56225777e+02 -7.77963431e+01 5.66306420e+01 1.73988668e+00 1.57607172e+00 1.10393877e+00
7.46116805e-01 3.54061000e+05 4.58062442e+02 2.18538716e+02 -6.17038907e+00 3.71071852e+01 9.25981809e+01 8.87177972e+01 -9.65611080e+01 8.65452533e+01 1.54128675e+02 -7.86865618e+01 5.80814987e+01 1.73729149e+00 1.56949096e+00 1.10691399e+00
7.49251235e-01 3.56115000e+05 4.57498286e+02 2.17974560e+02 -7.27443909e+00 3.24292366e+01 9.20740362e+01 8.81936525e+01 -9.59295268e+01 8.59737674e+01 1.53433084e+02 -7.83169488e+01 5.66009170e+01 1.73972933e+00 1.57211474e+00 1.10661727e+00
7.52392876e-01 3.61669000e+05 4.55977040e+02 2.16453314e+02 -8.05456571e+00 2.84332926e+01 9.10971762e+01 8.72167925e+01 -9.55834548e+01 8.52404738e+01 1.52034113e+02 -7.85041644e+01 5.55349220e+01 1.74317478e+00 1.57536816e+00 1.10651899e+00
7.55537996e-01 3.62893000e+05 4.53217770e+02 2.13694044e+02 -1.05076710e+01 2.84105890e+01 9.02386635e+01 8.63582798e+01 -9.51637006e+01 8.45416449e+01 1.50719194e+02 -7.88192677e+01 5.44690944e+01 1.74527786e+00 1.57305612e+00 1.10948226e+00
7.58680817e-01 3.67101000e+05 4.51746494e+02 2.12222768e+02 -9.88977088e+00 3.48806452e+01 8.94056111e+01 8.55252274e+01 -9.49900619e+01 8.50627124e+01 1.49428593e+02 -7.90829822e+01 5.64117320e+01 1.74718732e+00 1.57524775e+00 1.10915081e+00
7.61824285e-01 3.69439000e+05 4.49361876e+02 2.09838150e+02 -1.06775945e+01 3.45718231e+01 8.88377670e+01 8.49573833e+01 -9.49267924e+01 8.54680913e+01 1.48216332e+02 -7.93921731e+01 5.70830632e+01 1.74459625e+00 1.57159870e+00 1.11007743e+00
7.64969018e-01 3.73257000e+05 4.47967580e+02 2.08443854e+02 -1.14305935e+01 3.33985763e+01 8.78606934e+01 8.39803097e+01 -9.40023463e+01 8.42064504e+01 1.47038089e+02 -7.89486610e+01 5.60371605e+01 1.75086386e+00 1.57545431e+00 1.11133903e+00
7.68115088e-01 3.75949000e+05 4.46378636e+02 2.06854910e+02 -1.07108204e+01 3.25938822e+01 8.70068253e+01 8.31264416e+01 -9.36004604e+01 8.38492644e+01 1.45879386e+02 -7.87784750e+01 5.59698174e+01 1.75490955e+00 1.57747804e+00 1.11247796e+00
7.71255359e-01 3.78043000e+05 4.45016279e+02 2.05492553e+02 -1.26215174e+01 3.32458694e+01 8.60904305e+01 8.22100468e+01 -9.27281741e+01 8.31150667e+01 1.44810801e+02 -7.86433569e+01 5.58486813e+01 1.76147328e+00 1.58101356e+00 1.11414179e+00
7.74391982e-01 3.81117000e+05 4.42947468e+02 2.03423742e+02 -1.27680087e+01 3.36765354e+01 8.56851303e+01 8.18047466e+01 -9.30518759e+01 8.36570968e+01 1.43643326e+02 -7.89111293e+01 5.56745200e+01 1.75592899e+00 1.57692692e+00 1.11351323e+00
7.77536535e-01 3.86449000e+05 4.39293991e+02 1.99770264e+02 -1.19928126e+01 3.35995971e+01 8.47596677e+01 8.08792840e+01 -9.23684488e+01 8.30912619e+01 1.42099565e+02 -7.87345877e+01 5.60047254e+01 1.75693401e+00 1.57161720e+00 1.11791473e+00
7.80678662e-01 3.86397000e+05 4.38455507e+02 1.98931780e+02 -9.77384758e+00 3.45315200e+01 8.42608593e+01 8.03804756e+01 -9.20471160e+01 8.33393469e+01 1.41265511e+02 -7.82071371e+01 5.64883804e+01 1.75746050e+00 1.57317414e+00 1.11714302e+00
7.83814561e-01 3.91315000e+05 4.36831255e+02 1.97307528e+02 -1.45331193e+01 3.63932668e+01 8.34734477e+01 7.95930640e+01 -9.19061060e+01 8.33588721e+01 1.40020430e+02 -7.88576938e+01 5.66461769e+01 1.75920392e+00 1.57446937e+00 1.11733131e+00
7.86956849e-01 3.94305000e+05 4.34436520e+02 1.94912794e+02 -1.35163339e+01 3.60254019e+01 8.24592169e+01 7.85788333e+01 -9.08216245e+01 8.21811613e+01 1.38594639e+02 -7.85713605e+01 5.58639243e+01 1.76376555e+00 1.57495223e+00 1.11988511e+00
7.90101773e-01 3.98077000e+05 4.33813427e+02 1.94289701e+02 -1.52220682e+01 3.17953162e+01 8.17175682e+01 7.78371845e+01 -9.03360292e+01 8.14863932e+01 1.37659381e+02 -7.86522329e+01 5.51246873e+01 1.76855551e+00 1.57990630e+00 1.11940532e+00
7.93242697e-01 3.99919000e+05 4.31755609e+02 1.92231883e+02 -1.26422913e+01 3.26753771e+01 8.11790509e+01 7.72986672e+01 -9.02855717e+01 8.17356147e+01 1.36541460e+02 -7.81892247e+01 5.50885569e+01 1.76641415e+00 1.57698189e+00 1.12012329e+00
7.96380007e-01 4.03113000e+05 4.31311590e+02 1.91787863e+02 -1.69264020e+01 3.02639093e+01 8.05028476e+01 7.66224640e+01 -8.99564718e+01 8.09730946e+01 1.35962233e+02 -7.93509655e+01 5.44715443e+01 1.77444350e+00 1.58209480e+00 1.12157849e+00
7.99523218e-01 4.08229000e+05 4.28835434e+02 1.89311708e+02 -1.87315954e+01 3.29075244e+01 7.99751718e+01 7.60947882e+01 -9.01077997e+01 8.15276298e+01 1.34889577e+02 -7.98214381e+01 5.58610134e+01 1.77265198e+00 1.57728902e+00 1.12385996e+00
8.02671068e-01 4.10313000e+05 4.26287955e+02 1.86764229e+02 -1.71955689e+01 3.66761108e+01 7.90227743e+01 7.51423906e+01 -8.87755846e+01 8.07272910e+01 1.33384458e+02 -7.87212565e+01 5.56542647e+01 1.77508936e+00 1.57653764e+00 1.12594163e+00
8.05809930e-01 4.12687000e+05 4.25193543e+02 1.85669816e+02 -1.99322367e+01 3.60700358e+01 7.85601511e+01 7.46797674e+01 -8.90564840e+01 8.09975239e+01 1.32607106e+02 -7.95774877e+01 5.59287795e+01 1.77567647e+00 1.57677300e+00 1.12614591e+00
8.08948799e-01 4.16589000e+05 4.23398847e+02 1.83875121e+02 -1.80211404e+01 3.43738612e+01 7.78503889e+01 7.39700052e+01 -8.84569666e+01 8.03826073e+01 1.31384903e+02 -7.88320649e+01 5.50258797e+01 1.77619161e+00 1.57664407e+00 1.12656474e+00
8.12091618e-01 4.19941000e+05 4.21531376e+02 1.82007650e+02 -1.99752448e+01 3.24599975e+01 7.73217704e+01 7.34413867e+01 -8.86168728e+01 8.04440327e+01 1.30501743e+02 -7.96860789e+01 5.52553846e+01 1.77695097e+00 1.57425248e+00 1.12875856e+00
8.15232299e-01 4.22995000e+05 4.21076633e+02 1.81552907e+02 -1.69801512e+01 3.27291694e+01 7.66657550e+01 7.27853713e+01 -8.80022894e+01 8.05480025e+01 1.29568772e+02 -7.86846803e+01 5.51871700e+01 1.78014854e+00 1.57935425e+00 1.12713696e+00
8.18374493e-01 4.26441000e+05 4.19597105e+02 1.80073378e+02 -1.78335714e+01 3.35925583e+01 7.61436789e+01 7.22632953e+01 -8.71799152e+01 7.95590790e+01 1.28819758e+02 -7.84578863e+01 5.45981985e+01 1.78264439e+00 1.57857738e+00 1.12927273e+00
8.21515462e-01 4.29673000e+05 4.18364003e+02 1.78840277e+02 -1.82809220e+01 3.00794074e+01 7.53095039e+01 7.14291202e+01 -8.67492285e+01 7.90755786e+01 1.27631675e+02 -7.81900338e+01 5.39805768e+01 1.78682972e+00 1.58232255e+00 1.12924493e+00
8.24654588e-01 4.31967000e+05 4.16631576e+02 1.77107850e+02 -2.00120465e+01 3.02487226e+01 7.47129866e+01 7.08326029e+01 -8.66096954e+01 7.85928683e+01 1.26884700e+02 -7.93879304e+01 5.44038836e+01 1.79133189e+00 1.58125643e+00 1.13285350e+00
8.27796817e-01 4.37509000e+05 4.14880398e+02 1.75356672e+02 -2.00935337e+01 3.41803348e+01 7.42568031e+01 7.03764194e+01 -8.63804721e+01 7.89163510e+01 1.25817487e+02 -7.89387659e+01 5.50078414e+01 1.78777903e+00 1.57851082e+00 1.13257319e+00
8.30939786e-01 4.38705000e+05 4.13991657e+02 1.74467931e+02 -1.92485558e+01 3.41069768e+01 7.35427149e+01 6.96623312e+01 -8.55806882e+01 7.83163571e+01 1.24929173e+02 -7.84758020e+01 5.46461282e+01 1.79335332e+00 1.58255497e+00 1.13320128e+00
8.34084681e-01 4.44553000e+05 4.12178327e+02 1.72654600e+02 -2.12568400e+01 3.28402256e+01 7.31361007e+01 6.92557171e+01 -8.52871368e+01 7.76264453e+01 1.24251117e+02 -7.88225709e+01 5.38892490e+01 1.79409184e+00 1.57892413e+00 1.13627489e+00
8.37225076e-01 4.44391000e+05 4.10008408e+02 1.70484682e+02 -2.10819707e+01 3.67608508e+01 7.27191624e+01 6.88387787e+01 -8.58076078e+01 7.93200474e+01 1.23085866e+02 -7.88769272e+01 5.63048768e+01 1.78803093e+00 1.57371507e+00 1.13618467e+00
8.40361359e-01 4.49733000e+05 4.08515803e+02 1.68992077e+02 -1.91914673e+01 3.63929552e+01 7.19524898e+01 6.80721061e+01 -8.51155451e+01 7.81560596e+01 1.21988671e+02 -7.86353478e+01 5.49027890e+01 1.79205078e+00 1.57560945e+00 1.13736991e+00
8.43506946e-01 4.54129000e+05 4.08076046e+02 1.68552319e+02 -1.73326034e+01 3.34501202e+01 7.12830443e+01 6.74026606e+01 -8.41472537e+01 7.74235458e+01 1.21215919e+02 -7.75727356e+01 5.45881431e+01 1.79838478e+00 1.58135307e+00 1.13724431e+00
8.46654492e-01 4.56903000e+05 4.04849368e+02 1.65325642e+02 -2.31825591e+01 3.26679796e+01 7.06165717e+01 6.67361880e+01 -8.39789078e+01 7.71841888e+01 1.19825968e+02 -7.84471428e+01 5.40352696e+01 1.79551712e+00 1.57394449e+00 1.14077538e+00
8.49791074e-01 4.57537000e+05 4.05606274e+02 1.66082547e+02 -2.44788489e+01 3.40164089e+01 7.04781691e+01 6.65977854e+01 -8.44431344e+01 7.76726228e+01 1.19871652e+02 -7.95234708e+01 5.52543533e+01 1.79993451e+00 1.57918171e+00 1.13978936e+00
8.52931874e-01 4.65217000e+05 4.03185077e+02 1.63661351e+02 -2.46620477e+01 3.17142535e+01 6.95638927e+01 6.56835090e+01 -8.32859825e+01 7.64471987e+01 1.18396467e+02 -7.85323990e+01 5.35310134e+01 1.80252956e+00 1.57850111e+00 1.14192479e+00
8.56077217e-01 4.65525000e+05 4.01861869e+02 1.62338142e+02 -2.38145747e+01 3.41124317e+01 6.90828732e+01 6.52024895e+01 -8.30471342e+01 7.64810443e+01 1.17576451e+02 -7.87383287e+01 5.39433919e+01 1.80325094e+00 1.57789535e+00 1.14282036e+00
8.59219191e-01 4.71235000e+05 4.00649906e+02 1.61126180e+02 -2.27339814e+01 3.07939359e+01 6.86264139e+01 6.47460302e+01 -8.25684335e+01 7.60063794e+01 1.16891445e+02 -7.81659312e+01 5.31520501e+01 1.80538396e+00 1.57752584e+00 1.14444018e+00
8.62360632e-01 4.72125000e+05 3.98877580e+02 1.59353854e+02 -2.42646230e+01 3.19187804e+01 6.79249229e+01 6.40445392e+01 -8.20765900e+01 7.59183578e+01 1.15721435e+02 -7.81799163e+01 5.38324606e+01 1.80688996e+00 1.57739418e+00 1.14549045e+00
8.65498721e-01 4.76941000e+05 3.98376363e+02 1.58852637e+02 -2.21582647e+01 3.43047725e+01 6.77662284e+01 6.38858447e+01 -8.23945188e+01 7.64906712e+01 1.15424442e+02 -7.86312140e+01 5.54842800e+01 1.80672953e+00 1.57686638e+00 1.14577212e+00
8.68643537e-01 4.81563000e+05 3.96589620e+02 1.57065893e+02 -2.28490289e+01 3.40028812e+01 6.69960727e+01 6.31156890e+01 -8.13217205e+01 7.51821623e+01 1.14339233e+02 -7.79968525e+01 5.39042641e+01 1.81158179e+00 1.57751058e+00 1.14838012e+00
8.71783996e-01 4.82041000e+05 3.95223388e+02 1.55699662e+02 -2.52222399e+01 3.42406010e+01 6.65145368e+01 6.26341532e+01 -8.10046671e+01 7.50320957e+01 1.13494720e+02 -7.79706623e+01 5.36914501e+01 1.81202610e+00 1.57666065e+00 1.14928098e+00
8.74920340e-01 4.87669000e+05 3.94669832e+02 1.55146106e+02 -2.34621271e+01 2.97414111e+01 6.59050945e+01 6.20247109e+01 -8.04031085e+01 7.43632312e+01 1.12817603e+02 -7.74191734e+01 5.28859346e+01 1.81891381e+00 1.58156871e+00 1.15006942e+00
8.78064275e-01 4.91199000e+05 3.92592501e+02 1.53068775e+02 -2.53766493e+01 3.73102666e+01 6.55464513e+01 6.16660676e+01 -8.05699334e+01 7.51094094e+01 1.11920149e+02 -7.81344855e+01 5.51511435e+01 1.81493897e+00 1.57550642e+00 1.15197181e+00
8.81206768e-01 4.94089000e+05 3.90916685e+02 1.51392959e+02 -2.46960126e+01 2.95294005e+01 6.49670525e+01 6.10866689e+01 -7.99379813e+01 7.40220458e+01 1.10830381e+02 -7.73818908e+01 5.22703978e+01 1.81431371e+00 1.57427144e+00 1.15247832e+00
8.84348094e-01 4.98309000e+05 3.89444835e+02 1.49921108e+02 -2.57809310e+01 3.32205957e+01 6.44793633e+01 6.05989797e+01 -7.94787617e+01 7.39273125e+01 1.10115697e+02 -7.72797310e+01 5.32423074e+01 1.81712131e+00 1.57289139e+00 1.15527449e+00
8.87489680e-01 5.00737000e+05 3.89569663e+02 1.50045936e+02 -2.30219329e+01 3.13927728e+01 6.39012976e+01 6.00209139e+01 -7.87986425e+01 7.32810919e+01 1.09457738e+02 -7.65581442e+01 5.25232463e+01 1.82365997e+00 1.58110538e+00 1.15340823e+00
8.90632778e-01 5.06367000e+05 3.88328963e+02 1.48805236e+02 -2.68317319e+01 3.37378997e+01 6.35256732e+01 5.96452895e+01 -7.88310051e+01 7.34794187e+01 1.08817685e+02 -7.77776057e+01 5.34508315e+01 1.82441373e+00 1.57950510e+00 1.15505403e+00
8.93774714e-01 5.07061000e+05 3.87004682e+02 1.47480956e+02 -2.53464194e+01 3.34882496e+01 6.32036217e+01 5.93232380e+01 -7.87527663e+01 7.33900623e+01 1.08130699e+02 -7.72464410e+01 5.31371820e+01 1.82273764e+00 1.57672353e+00 1.15602870e+00
8.96917060e-01 5.14057000e+05 3.85067133e+02 1.45543406e+02 -2.64405091e+01 3.18688137e+01 6.27131986e+01 5.88328149e+01 -7.84754025e+01 7.34250431e+01 1.07313937e+02 -7.74787222e+01 5.33331962e+01 1.82404900e+00 1.57284691e+00 1.15971172e+00
9.00057526e-01 5.13543000e+05 3.84408289e+02 1.44884563e+02 -2.49175845e+01 3.27840424e+01 6.22365385e+01 5.83561548e+01 -7.78500544e+01 7.27825391e+01 1.06663099e+02 -7.69111692e+01 5.28123369e+01 1.82779519e+00 1.57567892e+00 1.16000486e+00
9.03196952e-01 5.20501000e+05 3.82523778e+02 1.43000051e+02 -2.45684938e+01 3.37235680e+01 6.17722112e+01 5.78918275e+01 -7.74967088e+01 7.26315369e+01 1.05673469e+02 -7.65164993e+01 5.35006621e+01 1.82536075e+00 1.57166314e+00 1.16141984e+00
9.06337045e-01 5.21529000e+05 3.82583714e+02 1.43059988e+02 -2.57530668e+01 3.25568400e+01 6.12497751e+01 5.73693914e+01 -7.69790180e+01 7.19279499e+01 1.05232458e+02 -7.67065413e+01 5.29669623e+01 1.83429622e+00 1.57913395e+00 1.16158368e+00
9.09478460e-01 5.27689000e+05 3.81331987e+02 1.41808260e+02 -2.52803401e+01 3.22927785e+01 6.10648557e+01 5.71844720e+01 -7.72096257e+01 7.22246467e+01 1.04718158e+02 -7.68799393e+01 5.24423818e+01 1.83123415e+00 1.57475033e+00 1.16287269e+00
9.12622082e-01 5.30071000e+05 3.79349299e+02 1.39825572e+02 -2.59850775e+01 3.21710878e+01 6.03389714e+01 5.64585877e+01 -7.63525380e+01 7.14023086e+01 1.03489435e+02 -7.65885764e+01 5.21232351e+01 1.83301495e+00 1.57372302e+00 1.16476338e+00
9.15763628e-01 5.33913000e+05 3.79326219e+02 1.39802493e+02 -2.67211604e+01 3.22885323e+01 6.00259436e+01 5.61455599e+01 -7.61335732e+01 7.13703595e+01 1.03147340e+02 -7.67098107e+01 5.23105230e+01 1.83714153e+00 1.57797366e+00 1.16424093e+00
9.18905647e-01 5.37517000e+05 3.76835783e+02 1.37312057e+02 -2.70010187e+01 3.25859032e+01 5.96091382e+01 5.57287546e+01 -7.60186466e+01 7.15967239e+01 1.02191278e+02 -7.68245052e+01 5.29456943e+01 1.83372622e+00 1.56969280e+00 1.16820706e+00
9.22050359e-01 5.42511000e+05 3.76427547e+02 1.36903821e+02 -2.83031971e+01 3.57442419e+01 5.92252375e+01 5.53448538e+01 -7.57402863e+01 7.13820326e+01 1.01765511e+02 -7.68476431e+01 5.32826823e+01 1.83875291e+00 1.57278429e+00 1.16910686e+00
9.25192408e-01 5.43889000e+05 3.74755439e+02 1.35231713e+02 -2.67029041e+01 3.34996719e+01 5.86852478e+01 5.48048641e+01 -7.51089666e+01 7.05315900e+01 1.00708632e+02 -7.60306392e+01 5.21611891e+01 1.83758566e+00 1.57083194e+00 1.16981684e+00
9.28333030e-01 5.49261000e+05 3.74793512e+02 1.35269786e+02 -2.83914338e+01 3.22719085e+01 5.85363311e+01 5.46559474e+01 -7.52898174e+01 7.10350924e+01 1.00573579e+02 -7.67962592e+01 5.25220085e+01 1.84012141e+00 1.57319185e+00 1.16967387e+00
9.31473864e-01 5.51341000e+05 3.74136503e+02 1.34612777e+02 -2.77782706e+01 3.30906474e+01 5.79798763e+01 5.40994926e+01 -7.46957018e+01 7.04630330e+01 9.98527364e+01 -7.66214448e+01 5.25131938e+01 1.84572408e+00 1.57741710e+00 1.17009260e+00
9.34614662e-01 5.56963000e+05 3.72624646e+02 1.33100920e+02 -2.99808390e+01 3.50356379e+01 5.77231825e+01 5.38427988e+01 -7.47701565e+01 7.07355724e+01 9.92392545e+01 -7.69097070e+01 5.27530718e+01 1.84312957e+00 1.57226850e+00 1.17227405e+00
9.37758808e-01 5.60037000e+05 3.70639362e+02 1.31115636e+02 -2.75173555e+01 3.33992970e+01 5.69731751e+01 5.30927914e+01 -7.34651134e+01 6.93242295e+01 9.80143769e+01 -7.54607172e+01 5.17390815e+01 1.84609576e+00 1.57148219e+00 1.17474813e+00
9.40900385e-01 5.63137000e+05 3.69708279e+02 1.30184552e+02 -2.80360477e+01 3.08948438e+01 5.66672408e+01 5.27868571e+01 -7.33299706e+01 6.90682234e+01 9.75752802e+01 -7.56483321e+01 5.12150917e+01 1.84847679e+00 1.57042364e+00 1.17705614e+00
9.44039432e-01 5.66907000e+05 3.68893556e+02 1.29369829e+02 -3.00547477e+01 3.10613648e+01 5.63567701e+01 5.24763864e+01 -7.31696553e+01 6.92092423e+01 9.70349376e+01 -7.58307312e+01 5.17498079e+01 1.84911623e+00 1.57012613e+00 1.17768642e+00
9.47176988e-01 5.70181000e+05 3.67943429e+02 1.28419703e+02 -2.83946767e+01 3.41535773e+01 5.59834901e+01 5.21031064e+01 -7.31324491e+01 6.94802458e+01 9.63066746e+01 -7.55621936e+01 5.24755591e+01 1.84838643e+00 1.56994349e+00 1.17735857e+00
9.50321358e-01 5.77005000e+05 3.67605334e+02 1.28081607e+02 -2.79692233e+01 3.19548127e+01 5.57955310e+01 5.19151473e+01 -7.27938006e+01 6.92495080e+01 9.59560810e+01 -7.52671848e+01 5.17967237e+01 1.84832531e+00 1.57071120e+00 1.17674422e+00
9.53466747e-01 5.78011000e+05 3.65922389e+02 1.26398663e+02 -3.06153509e+01 3.29608972e+01 5.54238147e+01 5.15434311e+01 -7.26584791e+01 6.91468809e+01 9.54350367e+01 -7.59717346e+01 5.25693917e+01 1.85154606e+00 1.56597411e+00 1.18236058e+00
9.56603784e-01 5.81473000e+05 3.65541920e+02 1.26018194e+02 -3.01685089e+01 3.15900013e+01 5.49436017e+01 5.10632180e+01 -7.21520123e+01 6.85829067e+01 9.46748615e+01 -7.58231890e+01 5.19011852e+01 1.85407159e+00 1.57095062e+00 1.18022270e+00
9.59745442e-01 5.87781000e+05 3.63839702e+02 1.24315976e+02 -2.95185118e+01 3.38096325e+01 5.44862630e+01 5.06058794e+01 -7.17032684e+01 6.81334873e+01 9.38734376e+01 -7.53939732e+01 5.17678099e+01 1.85499074e+00 1.56733916e+00 1.18352861e+00
9.62888428e-01 5.89177000e+05 3.63120081e+02 1.23596355e+02 -2.89365575e+01 3.38293379e+01 5.41871213e+01 5.03067376e+01 -7.15618246e+01 6.82129800e+01 9.33883988e+01 -7.54618304e+01 5.22481999e+01 1.85637955e+00 1.56743577e+00 1.18434170e+00
9.66032226e-01 5.96139000e+05 3.62020529e+02 1.22496803e+02 -2.97959385e+01 3.33857526e+01 5.36988660e+01 4.98184823e+01 -7.10027166e+01 6.77360994e+01 9.26304046e+01 -7.51278559e+01 5.14879440e+01 1.85935822e+00 1.56807608e+00 1.18575766e+00
9.69171305e-01 5.94913000e+05 3.62146274e+02 1.22622548e+02 -2.92665863e+01 3.54735508e+01 5.35076990e+01 4.96273153e+01 -7.09456251e+01 6.77496291e+01 9.23741002e+01 -7.51776658e+01 5.21821938e+01 1.86135598e+00 1.57189950e+00 1.18414439e+00
9.72309171e-01 6.03393000e+05 3.61363563e+02 1.21839837e+02 -2.90803474e+01 3.16037212e+01 5.31718997e+01 4.92915160e+01 -7.05199664e+01 6.75070091e+01 9.19376280e+01 -7.47140117e+01 5.18097540e+01 1.86518159e+00 1.57220280e+00 1.18634923e+00
9.75453130e-01 6.05371000e+05 3.59365120e+02 1.19841394e+02 -3.12476390e+01 3.27992253e+01 5.28179268e+01 4.89375431e+01 -7.03839477e+01 6.72615513e+01 9.11179355e+01 -7.51559047e+01 5.15963039e+01 1.86192297e+00 1.56488470e+00 1.18981479e+00
9.78597278e-01 6.10741000e+05 3.59793519e+02 1.20269793e+02 -3.15528029e+01 3.36491295e+01 5.24713815e+01 4.85909978e+01 -7.00126125e+01 6.69026773e+01 9.07867443e+01 -7.50945440e+01 5.15389623e+01 1.86838609e+00 1.57325954e+00 1.18758924e+00
9.81739807e-01 6.13113000e+05 3.57493398e+02 1.17969672e+02 -3.00449226e+01 3.23284389e+01 5.20088726e+01 4.81284889e+01 -6.95791347e+01 6.65125326e+01 8.97522380e+01 -7.45734192e+01 5.12065205e+01 1.86484637e+00 1.56561175e+00 1.19112952e+00
9.84880181e-01 6.17281000e+05 3.57059499e+02 1.17535773e+02 -2.98557825e+01 3.34219397e+01 5.18174234e+01 4.79370397e+01 -6.95156003e+01 6.66021975e+01 8.94760809e+01 -7.47475946e+01 5.13290849e+01 1.86653330e+00 1.56584737e+00 1.19202761e+00
9.88024184e-01 6.22779000e+05 3.56736671e+02 1.17212945e+02 -2.91845070e+01 3.35047744e+01 5.14933385e+01 4.76129548e+01 -6.93091377e+01 6.64684611e+01 8.89600034e+01 -7.45635850e+01 5.17186625e+01 1.86839913e+00 1.56900823e+00 1.19081538e+00
9.91168995e-01 6.25357000e+05 3.55830292e+02 1.16306566e+02 -3.15111769e+01 3.14130537e+01 5.09828031e+01 4.71024194e+01 -6.84592436e+01 6.57504896e+01 8.83139572e+01 -7.40725523e+01 5.08647662e+01 1.87493463e+00 1.57137742e+00 1.19317906e+00
9.94308745e-01 6.28669000e+05 3.54834383e+02 1.15310656e+02 -3.17031987e+01 3.48149692e+01 5.08301977e+01 4.69498141e+01 -6.85754462e+01 6.60220521e+01 8.79211701e+01 -7.46074345e+01 5.14831474e+01 1.87266280e+00 1.56717604e+00 1.19492817e+00
9.97448160e-01 6.33435000e+05 3.54399188e+02 1.14875462e+02 -3.06047151e+01 3.23150231e+01 5.05301390e+01 4.66497553e+01 -6.82847195e+01 6.56736721e+01 8.74159226e+01 -7.41565168e+01 5.10987812e+01 1.87387741e+00 1.56923848e+00 1.19413169e+00
1.00058980e+00 6.37009000e+05 3.52661579e+02 1.13137853e+02 -3.06883788e+01 3.24472881e+01 5.00319354e+01 4.61515517e+01 -6.76883605e+01 6.50749212e+01 8.65280647e+01 -7.37118996e+01 5.05921996e+01 1.87486794e+00 1.56570815e+00 1.19745684e+00
1.00372988e+00 6.41409000e+05 3.52044921e+02 1.12521194e+02 -3.13795015e+01 3.26696217e+01 4.97320480e+01 4.58516644e+01 -6.74082944e+01 6.48881596e+01 8.61119819e+01 -7.36729782e+01 5.05216268e+01 1.87805575e+00 1.56653324e+00 1.19886109e+00
1.00686870e+00 6.44131000e+05 3.51091300e+02 1.11567573e+02 -3.08798811e+01 3.33792621e+01 4.93939604e+01 4.55135767e+01 -6.69238168e+01 6.44703937e+01 8.56895819e+01 -7.32537085e+01 5.04374551e+01 1.88272573e+00 1.56566380e+00 1.20250959e+00
1.01000862e+00 6.49965000e+05 3.50576208e+02 1.11052482e+02 -3.01612566e+01 3.26699588e+01 4.90737601e+01 4.51933764e+01 -6.66904418e+01 6.43797157e+01 8.50159460e+01 -7.30246960e+01 5.03556738e+01 1.88115942e+00 1.56756927e+00 1.20004868e+00
1.01315513e+00 6.54925000e+05 3.49635425e+02 1.10111699e+02 -3.11128662e+01 3.41926462e+01 4.90101295e+01 4.51297458e+01 -6.68354862e+01 6.45710934e+01 8.48253278e+01 -7.38045416e+01 5.07644961e+01 1.87958798e+00 1.56201532e+00 1.20330957e+00
1.01630027e+00 6.57601000e+05 3.48702105e+02 1.09178379e+02 -3.07273984e+01 3.35445837e+01 4.83749638e+01 4.44945801e+01 -6.58557547e+01 6.34624290e+01 8.40042765e+01 -7.27698598e+01 5.00895119e+01 1.88796650e+00 1.56644361e+00 1.20525660e+00
1.01943693e+00 6.59643000e+05 3.48236861e+02 1.08713135e+02 -3.05273464e+01 3.18351666e+01 4.83352165e+01 4.44548328e+01 -6.61709746e+01 6.41223466e+01 8.37176376e+01 -7.31807847e+01 5.04791438e+01 1.88320667e+00 1.56380112e+00 1.20424947e+00
1.02257704e+00 6.66865000e+05 3.47235920e+02 1.07712194e+02 -3.15308079e+01 3.19915811e+01 4.79551786e+01 4.40747949e+01 -6.56976294e+01 6.35626229e+01 8.31430094e+01 -7.31595818e+01 5.03087695e+01 1.88640718e+00 1.56328185e+00 1.20669678e+00
1.02572235e+00 6.70137000e+05 3.46542940e+02 1.07019214e+02 -3.16569280e+01 3.35852931e+01 4.77521060e+01 4.38717223e+01 -6.57510282e+01 6.39016665e+01 8.26469715e+01 -7.30043740e+01 5.07841846e+01 1.88383239e+00 1.56184717e+00 1.20615667e+00
1.02886522e+00 6.74263000e+05 3.45808616e+02 1.06284890e+02 -3.10573089e+01 3.50667433e+01 4.73525903e+01 4.34722066e+01 -6.51170938e+01 6.33352205e+01 8.21383074e+01 -7.27082548e+01 5.07511632e+01 1.88944417e+00 1.56361533e+00 1.20838171e+00
1.03200697e+00 6.77697000e+05 3.44721601e+02 1.05197874e+02 -3.29927047e+01 3.33907776e+01 4.70878487e+01 4.32074650e+01 -6.49637115e+01 6.31331491e+01 8.16190260e+01 -7.27394815e+01 5.04857864e+01 1.88900289e+00 1.56035741e+00 1.21062192e+00
1.03514995e+00 6.83137000e+05 3.44776452e+02 1.05252725e+02 -3.28172037e+01 3.23362998e+01 4.68015122e+01 4.29211285e+01 -6.47278621e+01 6.29408586e+01 8.13195556e+01 -7.28642802e+01 5.03983600e+01 1.89462762e+00 1.56596160e+00 1.20988128e+00
1.03829486e+00 6.86581000e+05 3.42805647e+02 1.03281921e+02 -3.19199262e+01 3.55640517e+01 4.64744466e+01 4.25940629e+01 -6.43365303e+01 6.26305984e+01 8.05916532e+01 -7.25704207e+01 5.05972477e+01 1.89208654e+00 1.55717570e+00 1.21507582e+00
1.04143274e+00 6.88695000e+05 3.43094021e+02 1.03570295e+02 -3.16874776e+01 3.40370503e+01 4.63765541e+01 4.24961704e+01 -6.42612311e+01 6.27557909e+01 8.05692482e+01 -7.26341010e+01 5.08349414e+01 1.89591785e+00 1.56114308e+00 1.21444208e+00
1.04456725e+00 6.93433000e+05 3.42190024e+02 1.02666298e+02 -3.23473547e+01 3.46383325e+01 4.59540881e+01 4.20737044e+01 -6.37182037e+01 6.20020712e+01 7.98580402e+01 -7.23146946e+01 4.99319673e+01 1.89805108e+00 1.56209908e+00 1.21506447e+00
1.04771211e+00 7.01157000e+05 3.41662303e+02 1.02138577e+02 -3.10966399e+01 3.34420485e+01 4.57943557e+01 4.19139720e+01 -6.38415215e+01 6.23284687e+01 7.94341646e+01 -7.23933910e+01 5.00655739e+01 1.89517148e+00 1.56104525e+00 1.21404007e+00
1.05085356e+00 7.00783000e+05 3.40456421e+02 1.00932695e+02 -3.22836292e+01 3.51526639e+01 4.53880415e+01 4.15076579e+01 -6.31749378e+01 6.17968988e+01 7.89265671e+01 -7.20755422e+01 5.05426691e+01 1.90149411e+00 1.55937950e+00 1.21939150e+00
1.05399324e+00 7.08453000e+05 3.39917627e+02 1.00393900e+02 -3.36110315e+01 3.45799233e+01 4.52922146e+01 4.14118309e+01 -6.32497246e+01 6.17181318e+01 7.85706605e+01 -7.24335654e+01 4.99651867e+01 1.89729985e+00 1.55701016e+00 1.21855328e+00
1.05713590e+00 7.11037000e+05 3.39322043e+02 9.97983165e+01 -3.16856020e+01 3.26910078e+01 4.49319774e+01 4.10515937e+01 -6.27324712e+01 6.11726096e+01 7.81172749e+01 -7.16578134e+01 4.95014272e+01 1.90290480e+00 1.55918122e+00 1.22045133e+00
1.06027636e+00 7.15333000e+05 3.38776000e+02 9.92522741e+01 -3.27050049e+01 3.47197531e+01 4.46381995e+01 4.07578158e+01 -6.25726982e+01 6.12791007e+01 7.75925730e+01 -7.19886141e+01 5.02960263e+01 1.90374708e+00 1.56050362e+00 1.21995685e+00
1.06341847e+00 7.20351000e+05 3.38189562e+02 9.86658358e+01 -3.44124080e+01 3.27271667e+01 4.43486787e+01 4.04682950e+01 -6.22348879e+01 6.08569586e+01 7.72017830e+01 -7.18487867e+01 4.97346581e+01 1.90771029e+00 1.56144232e+00 1.22176162e+00
1.06656102e+00 7.24525000e+05 3.37363170e+02 9.78394434e+01 -3.38921599e+01 3.56998094e+01 4.42487781e+01 4.03683944e+01 -6.22895282e+01 6.12569607e+01 7.68759211e+01 -7.19742799e+01 5.01246483e+01 1.90435915e+00 1.55681228e+00 1.22324263e+00
1.06970586e+00 7.29321000e+05 3.36843253e+02 9.73195272e+01 -3.06476761e+01 3.24087216e+01 4.38849084e+01 4.00045247e+01 -6.17361954e+01 6.05563306e+01 7.62362594e+01 -7.12455729e+01 4.92380939e+01 1.90569092e+00 1.55971568e+00 1.22181943e+00
1.07284854e+00 7.32703000e+05 3.35605183e+02 9.60814567e+01 -3.28159396e+01 3.45172142e+01 4.36315044e+01 3.97511207e+01 -6.15166195e+01 6.04001724e+01 7.58542284e+01 -7.14071689e+01 4.98427725e+01 1.90822868e+00 1.55469464e+00 1.22739773e+00
1.07598677e+00 7.35241000e+05 3.35245437e+02 9.57217107e+01 -3.34820840e+01 3.47754416e+01 4.32773558e+01 3.93969721e+01 -6.10856774e+01 5.99337999e+01 7.53480458e+01 -7.12637119e+01 4.94745122e+01 1.91253393e+00 1.55874044e+00 1.22697396e+00
1.07912996e+00 7.44081000e+05 3.34139801e+02 9.46160743e+01 -3.28198804e+01 3.36001887e+01 4.30178686e+01 3.91374849e+01 -6.07002288e+01 5.98060920e+01 7.48316766e+01 -7.08781103e+01 4.96324738e+01 1.91202058e+00 1.55484108e+00 1.22972091e+00
1.08227270e+00 7.43575000e+05 3.34280623e+02 9.47568967e+01 -3.17377801e+01 3.41043343e+01 4.28426850e+01 3.89623014e+01 -6.05911012e+01 5.96995857e+01 7.45560015e+01 -7.06958841e+01 4.93738290e+01 1.91354204e+00 1.55949187e+00 1.22702919e+00
1.08541535e+00 7.52385000e+05 3.33550978e+02 9.40272519e+01 -3.18894309e+01 3.08351690e+01 4.25391387e+01 3.86587550e+01 -6.02323726e+01 5.92948579e+01 7.40634905e+01 -7.04925215e+01 4.87094148e+01 1.91582710e+00 1.55956306e+00 1.22843837e+00
1.08855707e+00 7.52329000e+05 3.32982748e+02 9.34590218e+01 -3.29112769e+01 3.45696208e+01 4.23966978e+01 3.85163142e+01 -6.01650542e+01 5.93303068e+01 7.38878426e+01 -7.09212374e+01 4.98576546e+01 1.91835185e+00 1.55771591e+00 1.23151586e+00
1.09169382e+00 7.58097000e+05 3.31729654e+02 9.22059279e+01 -3.16532992e+01 3.22719271e+01 4.21132692e+01 3.82328855e+01 -5.97591458e+01 5.89678280e+01 7.32470050e+01 -7.02115706e+01 4.87852302e+01 1.91581158e+00 1.55296219e+00 1.23364985e+00
1.09483514e+00 7.63951000e+05 3.31253214e+02 9.17294876e+01 -3.23078286e+01 3.48051695e+01 4.20337290e+01 3.81533453e+01 -5.99540956e+01 5.93375363e+01 7.31163452e+01 -7.08677585e+01 4.96781579e+01 1.91638098e+00 1.55055856e+00 1.23592945e+00
1.09798007e+00 7.68085000e+05 3.30768916e+02 9.12451902e+01 -3.20467352e+01 3.58717283e+01 4.17673207e+01 3.78869370e+01 -5.95499298e+01 5.90040393e+01 7.26948478e+01 -7.05475533e+01 4.96124273e+01 1.91873119e+00 1.55188753e+00 1.23638547e+00
1.10112128e+00 7.71045000e+05 3.29723446e+02 9.01997197e+01 -3.27789825e+01 3.38691079e+01 4.14956421e+01 3.76152584e+01 -5.92792374e+01 5.87102218e+01 7.21297354e+01 -7.02551121e+01 4.89806495e+01 1.91756586e+00 1.54853337e+00 1.23831097e+00
1.10426083e+00 7.76155000e+05 3.29878373e+02 9.03546468e+01 -3.41403810e+01 3.38779637e+01 4.12692177e+01 3.73888340e+01 -5.89799610e+01 5.83569928e+01 7.19182270e+01 -7.02344556e+01 4.88995892e+01 1.92352153e+00 1.55454853e+00 1.23735058e+00
1.10740232e+00 7.80693000e+05 3.29197692e+02 8.96739653e+01 -3.34582002e+01 3.42245444e+01 4.10198050e+01 3.71394213e+01 -5.87491949e+01 5.82842571e+01 7.13703603e+01 -6.99819867e+01 4.89567622e+01 1.92168746e+00 1.55387336e+00 1.23670790e+00
1.11054629e+00 7.86517000e+05 3.28548506e+02 8.90247798e+01 -3.39915999e+01 3.52602926e+01 4.08066630e+01 3.69262793e+01 -5.86065207e+01 5.82355343e+01 7.11150972e+01 -7.02646600e+01 4.93687623e+01 1.92586685e+00 1.55270045e+00 1.24033380e+00
1.11368645e+00 7.87461000e+05 3.28526199e+02 8.90024731e+01 -3.33378377e+01 3.50726714e+01 4.05398322e+01 3.66594485e+01 -5.81203649e+01 5.76217794e+01 7.08023291e+01 -6.99796353e+01 4.90571614e+01 1.93135281e+00 1.55814573e+00 1.23952001e+00
1.11682858e+00 7.96423000e+05 3.27912710e+02 8.83889837e+01 -3.27395729e+01 3.56186802e+01 4.03400953e+01 3.64597116e+01 -5.80369771e+01 5.76522716e+01 7.03785447e+01 -6.97227625e+01 4.90746397e+01 1.93030997e+00 1.55701378e+00 1.23975137e+00
1.11997174e+00 7.97041000e+05 3.26959154e+02 8.74354278e+01 -3.30997290e+01 3.47463405e+01 4.01006713e+01 3.62202877e+01 -5.76766963e+01 5.70958730e+01 6.99332094e+01 -6.95919474e+01 4.82732491e+01 1.93077455e+00 1.55370217e+00 1.24269283e+00
1.12311209e+00 8.03769000e+05 3.26198804e+02 8.66750780e+01 -3.37972394e+01 3.38418237e+01 3.99500746e+01 3.60696909e+01 -5.76808418e+01 5.74133398e+01 6.95509112e+01 -6.95854586e+01 4.86303874e+01 1.92823696e+00 1.55015780e+00 1.24389721e+00
1.12625319e+00 8.06731000e+05 3.25694574e+02 8.61708474e+01 -3.25883980e+01 3.78221316e+01 3.96517510e+01 3.57713673e+01 -5.70988951e+01 5.68992348e+01 6.92616728e+01 -6.92928825e+01 4.94510904e+01 1.93623219e+00 1.55207396e+00 1.24751284e+00
1.12939171e+00 8.11005000e+05 3.25181349e+02 8.56576232e+01 -3.36283154e+01 3.51926162e+01 3.93943214e+01 3.55139377e+01 -5.68674684e+01 5.66630327e+01 6.87833576e+01 -6.90865384e+01 4.86126556e+01 1.93679896e+00 1.55304341e+00 1.24709905e+00
1.13253454e+00 8.18221000e+05 3.24086374e+02 8.45626475e+01 -3.37748949e+01 3.39906406e+01 3.93070931e+01 3.54267094e+01 -5.68903542e+01 5.67373377e+01 6.84035204e+01 -6.91096451e+01 4.84157759e+01 1.93084601e+00 1.54498362e+00 1.24975177e+00
1.13567519e+00 8.19139000e+05 3.23876222e+02 8.43524963e+01 -3.24470486e+01 3.67889440e+01 3.90798131e+01 3.51994294e+01 -5.66989205e+01 5.65881825e+01 6.81483964e+01 -6.90785849e+01 4.88336221e+01 1.93606537e+00 1.54803636e+00 1.25065885e+00
1.13881700e+00 8.27421000e+05 3.23756552e+02 8.42328261e+01 -3.34299946e+01 3.32116377e+01 3.88102252e+01 3.49298415e+01 -5.62505422e+01 5.61489108e+01 6.77820201e+01 -6.90332510e+01 4.86206932e+01 1.94051897e+00 1.55289603e+00 1.24961294e+00
1.14196121e+00 8.30017000e+05 3.22524884e+02 8.30011581e+01 -3.37093196e+01 3.35251543e+01 3.85930541e+01 3.47126704e+01 -5.59721782e+01 5.60335356e+01 6.72742783e+01 -6.84744262e+01 4.81721166e+01 1.93803235e+00 1.54631534e+00 1.25332285e+00
1.14510144e+00 8.33901000e+05 3.22932212e+02 8.34084857e+01 -3.39785991e+01 3.48451086e+01 3.85478629e+01 3.46674792e+01 -5.60483310e+01 5.60851801e+01 6.72670822e+01 -6.89381091e+01 4.86372397e+01 1.94035112e+00 1.55111496e+00 1.25093960e+00
1.14824539e+00 8.41879000e+05 3.21498291e+02 8.19745645e+01 -3.41073253e+01 3.57714861e+01 3.83189379e+01 3.44385542e+01 -5.58344368e+01 5.59531388e+01 6.67509199e+01 -6.86843440e+01 4.83412840e+01 1.93826139e+00 1.54282655e+00 1.25630544e+00
1.15138588e+00 8.40657000e+05 3.21806345e+02 8.22826187e+01 -3.30431834e+01 3.59881684e+01 3.80297079e+01 3.41493242e+01 -5.53802824e+01 5.53961662e+01 6.63606312e+01 -6.85031109e+01 4.81719705e+01 1.94324874e+00 1.55225474e+00 1.25188778e+00
1.15452568e+00 8.50957000e+05 3.20534854e+02 8.10111282e+01 -3.39671344e+01 3.70229980e+01 3.78597749e+01 3.39793912e+01 -5.52262402e+01 5.54163927e+01 6.59921935e+01 -6.82482548e+01 4.82783321e+01 1.94212407e+00 1.54406132e+00 1.25780242e+00
1.15766925e+00 8.51935000e+05 3.20791023e+02 8.12672970e+01 -3.41338980e+01 3.49767095e+01 3.77062270e+01 3.38258433e+01 -5.50418701e+01 5.52892440e+01 6.58260091e+01 -6.83446656e+01 4.83858525e+01 1.94602714e+00 1.55000676e+00 1.25549591e+00
1.16081367e+00 8.60385000e+05 3.20197360e+02 8.06736339e+01 -3.36741198e+01 3.79125785e+01 3.76522174e+01 3.37718337e+01 -5.52100721e+01 5.55940490e+01 6.56167204e+01 -6.87471319e+01 4.90536427e+01 1.94294219e+00 1.54556932e+00 1.25710452e+00
1.16395594e+00 8.60713000e+05 3.19117992e+02 7.95942656e+01 -3.27258066e+01 3.69658394e+01 3.72113230e+01 3.33309394e+01 -5.43970710e+01 5.46758951e+01 6.49349088e+01 -6.78001425e+01 4.80128802e+01 1.94818718e+00 1.54531533e+00 1.26070527e+00
1.16709312e+00 8.66109000e+05 3.19034287e+02 7.95105608e+01 -3.27042449e+01 3.51715851e+01 3.70087626e+01 3.31283790e+01 -5.42204842e+01 5.45478271e+01 6.45853135e+01 -6.75930624e+01 4.78102793e+01 1.94954645e+00 1.54921722e+00 1.25840742e+00
1.17023399e+00 8.72659000e+05 3.18005089e+02 7.84813630e+01 -3.44394348e+01 3.60998382e+01 3.69365748e+01 3.30561911e+01 -5.43379347e+01 5.48387186e+01 6.43275820e+01 -6.80319255e+01 4.84709342e+01 1.94600708e+00 1.54083758e+00 1.26295406e+00
1.17337847e+00 8.77233000e+05 3.17745998e+02 7.82222720e+01 -3.42016863e+01 3.74048919e+01 3.67450951e+01 3.28647114e+01 -5.40751319e+01 5.45472730e+01 6.39653734e+01 -6.81129027e+01 4.81825891e+01 1.94632390e+00 1.54276686e+00 1.26158006e+00
1.17652222e+00 8.81593000e+05 3.17835380e+02 7.83116541e+01 -3.32720639e+01 3.46771716e+01 3.65362399e+01 3.26558563e+01 -5.37861614e+01 5.42950544e+01 6.37539373e+01 -6.76140840e+01 4.80336970e+01 1.95229722e+00 1.54857649e+00 1.26070442e+00
1.17966383e+00 8.85799000e+05 3.17103953e+02 7.75802264e+01 -3.21914948e+01 3.53826160e+01 3.63514051e+01 3.24710214e+01 -5.35114657e+01 5.40399440e+01 6.34195439e+01 -6.74289541e+01 4.78478471e+01 1.95311208e+00 1.54570833e+00 1.26357091e+00
1.18280152e+00 8.88213000e+05 3.17106771e+02 7.75830445e+01 -3.28853416e+01 3.70804864e+01 3.62232228e+01 3.23428391e+01 -5.33487630e+01 5.39205054e+01 6.32809854e+01 -6.76054242e+01 4.83180384e+01 1.95656866e+00 1.54879643e+00 1.26328330e+00
1.18594296e+00 8.98033000e+05 3.16606306e+02 7.70825798e+01 -3.15166210e+01 3.64892716e+01 3.60647507e+01 3.21843670e+01 -5.31676609e+01 5.36751734e+01 6.29845553e+01 -6.72904863e+01 4.76649034e+01 1.95699220e+00 1.54758900e+00 1.26454259e+00
1.18908665e+00 8.98515000e+05 3.16325580e+02 7.68018538e+01 -3.32184727e+01 3.78651978e+01 3.59456912e+01 3.20653075e+01 -5.31004223e+01 5.37922654e+01 6.26994144e+01 -6.73929639e+01 4.81440837e+01 1.95536607e+00 1.54763359e+00 1.26345544e+00
1.19222701e+00 9.05881000e+05 3.16132719e+02 7.66089930e+01 -3.31291441e+01 3.73100509e+01 3.57168601e+01 3.18364764e+01 -5.28227094e+01 5.35558820e+01 6.23997865e+01 -6.72958074e+01 4.82621355e+01 1.96000920e+00 1.55123423e+00 1.26351595e+00
1.19536822e+00 9.08613000e+05 3.14958659e+02 7.54349332e+01 -3.34028732e+01 3.61344776e+01 3.55007847e+01 3.16204010e+01 -5.26219924e+01 5.32530438e+01 6.19300635e+01 -6.72143718e+01 4.77188750e+01 1.95854769e+00 1.54455212e+00 1.26803600e+00
1.19850707e+00 9.13465000e+05 3.15025114e+02 7.55013881e+01 -3.31981829e+01 3.50444219e+01 3.52533018e+01 3.13729181e+01 -5.20692756e+01 5.27877831e+01 6.16344324e+01 -6.67295195e+01 4.74577494e+01 1.96457442e+00 1.55131507e+00 1.26639292e+00
1.20164775e+00 9.20011000e+05 3.14479850e+02 7.49561241e+01 -3.13709499e+01 3.76794120e+01 3.51944321e+01 3.13140484e+01 -5.22139466e+01 5.31014345e+01 6.13394644e+01 -6.65950474e+01 4.77305031e+01 1.95884811e+00 1.54715545e+00 1.26609650e+00
1.20479252e+00 9.25173000e+05 3.13581917e+02 7.40581904e+01 -3.18738317e+01 4.09591203e+01 3.49871546e+01 3.11067709e+01 -5.19376734e+01 5.28764555e+01 6.10422708e+01 -6.67261681e+01 4.83910862e+01 1.96234675e+00 1.54297569e+00 1.27179370e+00
1.20793585e+00 9.28789000e+05 3.14460295e+02 7.49365690e+01 -3.43190168e+01 3.75062064e+01 3.49516381e+01 3.10712544e+01 -5.20401514e+01 5.28908993e+01 6.11101889e+01 -6.72681296e+01 4.80571044e+01 1.96677572e+00 1.55298589e+00 1.26644791e+00
1.21108033e+00 9.35571000e+05 3.12907289e+02 7.33835624e+01 -3.23825347e+01 3.73310911e+01 3.46237734e+01 3.07433897e+01 -5.14915024e+01 5.23879700e+01 6.04269445e+01 -6.62901915e+01 4.74330391e+01 1.96552642e+00 1.54498234e+00 1.27219992e+00
1.21422008e+00 9.35521000e+05 3.13115419e+02 7.35916929e+01 -3.28257374e+01 3.88519845e+01 3.46479277e+01 3.07675440e+01 -5.17237843e+01 5.27950289e+01 6.03958893e+01 -6.68224445e+01 4.81631477e+01 1.96297401e+00 1.54656430e+00 1.26924824e+00
1.21735874e+00 9.45049000e+05 3.12059923e+02 7.25361971e+01 -3.15643466e+01 3.57358058e+01 3.42622356e+01 3.03818519e+01 -5.10306859e+01 5.19958501e+01 5.97241303e+01 -6.59943310e+01 4.70944931e+01 1.96578308e+00 1.54514866e+00 1.27222909e+00
1.22050123e+00 9.47025000e+05 3.11139997e+02 7.16162708e+01 -3.32228165e+01 3.86545304e+01 3.41657886e+01 3.02854049e+01 -5.10098474e+01 5.20098960e+01 5.94859794e+01 -6.61632751e+01 4.77221023e+01 1.96417976e+00 1.53776212e+00 1.27729753e+00
1.22364499e+00 9.55735000e+05 3.11625530e+02 7.21018042e+01 -3.28352503e+01 3.92462185e+01 3.39828416e+01 3.01024579e+01 -5.06999978e+01 5.17475689e+01 5.94025178e+01 -6.62369230e+01 4.77577961e+01 1.97334444e+00 1.54764763e+00 1.27506055e+00
1.22678592e+00 9.55521000e+05 3.10970679e+02 7.14469523e+01 -3.33148949e+01 3.91471134e+01 3.39455990e+01 3.00652153e+01 -5.07677871e+01 5.20207856e+01 5.91656423e+01 -6.61713503e+01 4.80630731e+01 1.96791015e+00 1.54155738e+00 1.27657275e+00
1.22992635e+00 9.64621000e+05 3.10720969e+02 7.11972425e+01 -3.33953290e+01 3.84060728e+01 3.37874619e+01 2.99070783e+01 -5.06629522e+01 5.18384524e+01 5.88766414e+01 -6.62944032e+01 4.78812378e+01 1.96865240e+00 1.54292421e+00 1.27592295e+00
1.23306962e+00 9.67719000e+05 3.09980351e+02 7.04566245e+01 -3.28217306e+01 3.95611104e+01 3.33655224e+01 2.94851387e+01 -4.98092462e+01 5.09761685e+01 5.83541166e+01 -6.55045863e+01 4.73677859e+01 1.97910266e+00 1.54582145e+00 1.28029189e+00
1.23621098e+00 9.72481000e+05 3.09748506e+02 7.02247795e+01 -3.31042276e+01 4.01542303e+01 3.34625523e+01 2.95821686e+01 -5.02357627e+01 5.14760088e+01 5.83604266e+01 -6.59941180e+01 4.79101397e+01 1.97282449e+00 1.54074295e+00 1.28043714e+00
1.23934926e+00 9.76537000e+05 3.09935498e+02 7.04117722e+01 -3.38387871e+01 4.03278681e+01 3.33126010e+01 2.94322173e+01 -5.00906915e+01 5.14661899e+01 5.81101748e+01 -6.60810463e+01 4.80740061e+01 1.97437298e+00 1.54671803e+00 1.27649187e+00
1.24249042e+00 9.83853000e+05 3.09941806e+02 7.04180797e+01 -3.21750849e+01 3.92936195e+01 3.30906735e+01 2.92102898e+01 -4.95590539e+01 5.08907577e+01 5.78409869e+01 -6.54416396e+01 4.73180013e+01 1.98015793e+00 1.55265210e+00 1.27533909e+00
1.24563466e+00 9.88291000e+05 3.09722871e+02 7.01991447e+01 -3.36523952e+01 3.97992510e+01 3.29433336e+01 2.90629499e+01 -4.95041658e+01 5.07732698e+01 5.75530971e+01 -6.56454292e+01 4.73727486e+01 1.98029097e+00 1.55416120e+00 1.27418633e+00
1.24877425e+00 9.91113000e+05 3.08264618e+02 6.87408916e+01 -3.33447204e+01 3.98630058e+01 3.28507606e+01 2.89703769e+01 -4.94427103e+01 5.08969651e+01 5.72391638e+01 -6.56004601e+01 4.76778943e+01 1.97578251e+00 1.54038935e+00 1.28265137e+00
1.25191583e+00 9.99061000e+05 3.08727329e+02 6.92036023e+01 -3.17363721e+01 4.14945355e+01 3.26227750e+01 2.87423913e+01 -4.90418022e+01 5.05549154e+01 5.69879849e+01 -6.51480794e+01 4.77199404e+01 1.98271551e+00 1.55168264e+00 1.27778416e+00
1.25505897e+00 1.00302300e+06 3.08064529e+02 6.85408026e+01 -3.25420733e+01 3.88732903e+01 3.25538129e+01 2.86734292e+01 -4.90191824e+01 5.04603203e+01 5.67017389e+01 -6.50967610e+01 4.71568213e+01 1.97750114e+00 1.54609002e+00 1.27903364e+00
1.25820037e+00 1.00701700e+06 3.08046507e+02 6.85227812e+01 -3.40021720e+01 4.04474049e+01 3.24513607e+01 2.85709770e+01 -4.89601565e+01 5.05078926e+01 5.66107639e+01 -6.54186318e+01 4.77939358e+01 1.98140805e+00 1.54865595e+00 1.27943721e+00
1.26134411e+00 1.01518900e+06 3.07601901e+02 6.80781752e+01 -3.30530849e+01 4.09393626e+01 3.22571647e+01 2.83767810e+01 -4.86875197e+01 5.02369331e+01 5.62419993e+01 -6.51748649e+01 4.74296114e+01 1.98197249e+00 1.54889647e+00 1.27960295e+00
1.26448585e+00 1.01565900e+06 3.07203787e+02 6.76800607e+01 -3.29633276e+01 4.16152705e+01 3.21039803e+01 2.82235966e+01 -4.84981381e+01 4.99991348e+01 5.60195532e+01 -6.51236703e+01 4.72550745e+01 1.98484814e+00 1.54854629e+00 1.28174931e+00
1.26762602e+00 1.02429700e+06 3.07301818e+02 6.77780916e+01 -3.15835736e+01 3.90991404e+01 3.18968702e+01 2.80164865e+01 -4.81245356e+01 4.96958403e+01 5.56349557e+01 -6.44971060e+01 4.68193720e+01 1.98579346e+00 1.55538474e+00 1.27672171e+00
1.27076876e+00 1.02754500e+06 3.06593741e+02 6.70700147e+01 -3.08276921e+01 4.12011407e+01 3.17590117e+01 2.78786280e+01 -4.79925663e+01 4.96081222e+01 5.54083045e+01 -6.45103165e+01 4.69019735e+01 1.98748319e+00 1.55105966e+00 1.28137121e+00
1.27391150e+00 1.03417300e+06 3.06892495e+02 6.73687692e+01 -3.24640987e+01 4.23524744e+01 3.17130356e+01 2.78326519e+01 -4.80064101e+01 4.96425915e+01 5.53696982e+01 -6.48106766e+01 4.74216069e+01 1.98937918e+00 1.55579371e+00 1.27869085e+00
1.27705033e+00 1.03563900e+06 3.06468459e+02 6.69447332e+01 -3.38865891e+01 4.15992032e+01 3.15796827e+01 2.76992990e+01 -4.79130059e+01 4.96230223e+01 5.51241007e+01 -6.50606875e+01 4.75206362e+01 1.99009010e+00 1.55461845e+00 1.28011481e+00
1.28018839e+00 1.04337700e+06 3.05958057e+02 6.64343312e+01 -3.09734401e+01 4.22411289e+01 3.14455920e+01 2.75652084e+01 -4.75596649e+01 4.92993616e+01 5.48544041e+01 -6.42221935e+01 4.70198589e+01 1.98998692e+00 1.55244293e+00 1.28184224e+00
1.28333376e+00 1.05110500e+06 3.05714154e+02 6.61904280e+01 -3.17040511e+01 4.25857966e+01 3.12923532e+01 2.74119695e+01 -4.74375997e+01 4.92573494e+01 5.45577512e+01 -6.43219691e+01 4.72412309e+01 1.99028936e+00 1.55391577e+00 1.28082190e+00
1.28647753e+00 1.05248700e+06 3.05723784e+02 6.62000580e+01 -3.32560914e+01 4.40688026e+01 3.11545628e+01 2.72741791e+01 -4.72859778e+01 4.91021447e+01 5.44409926e+01 -6.46083318e+01 4.76751898e+01 1.99606347e+00 1.55794937e+00 1.28121202e+00
1.28961689e+00 1.05825700e+06 3.05244566e+02 6.57208398e+01 -3.35381082e+01 4.50601716e+01 3.10657813e+01 2.71853976e+01 -4.72334416e+01 4.90592489e+01 5.41962563e+01 -6.45705557e+01 4.75694617e+01 1.99357968e+00 1.55483285e+00 1.28218264e+00
1.29276008e+00 1.06563300e+06 3.04983982e+02 6.54602562e+01 -3.28330524e+01 4.29336362e+01 3.09894025e+01 2.71090189e+01 -4.71353244e+01 4.90270428e+01 5.40006941e+01 -6.43738099e+01 4.75070232e+01 1.99198261e+00 1.55393179e+00 1.28189836e+00
1.29590257e+00 1.06786900e+06 3.04373663e+02 6.48499365e+01 -3.23057090e+01 4.33707422e+01 3.07272819e+01 2.68468982e+01 -4.66808234e+01 4.84567721e+01 5.35436519e+01 -6.39782696e+01 4.68532258e+01 1.99440738e+00 1.55420292e+00 1.28323487e+00
1.29904204e+00 1.07423500e+06 3.04631905e+02 6.51081788e+01 -3.18613551e+01 4.53571410e+01 3.07456348e+01 2.68652511e+01 -4.68450143e+01 4.89495857e+01 5.35292524e+01 -6.41495089e+01 4.75567119e+01 1.99250892e+00 1.55676236e+00 1.27990564e+00
1.30218020e+00 1.07739300e+06 3.04039317e+02 6.45155904e+01 -3.25701209e+01 4.31023122e+01 3.05317596e+01 2.66513759e+01 -4.64810094e+01 4.84631621e+01 5.32482547e+01 -6.39096388e+01 4.72983708e+01 1.99795518e+00 1.55586718e+00 1.28414251e+00
1.30532359e+00 1.08762100e+06 3.03768317e+02 6.42445910e+01 -3.36135932e+01 4.59686932e+01 3.05392495e+01 2.66588658e+01 -4.66372334e+01 4.87198926e+01 5.31157297e+01 -6.43138557e+01 4.76757295e+01 1.99242271e+00 1.55237789e+00 1.28346501e+00
1.30846593e+00 1.08792300e+06 3.03720872e+02 6.41971455e+01 -3.19369869e+01 4.42718657e+01 3.03136124e+01 2.64332288e+01 -4.62697328e+01 4.83211184e+01 5.28049342e+01 -6.36665930e+01 4.72205789e+01 1.99767250e+00 1.55841368e+00 1.28186279e+00
1.31160305e+00 1.09394500e+06 3.03696640e+02 6.41729137e+01 -3.18185528e+01 4.64046410e+01 3.02547509e+01 2.63743672e+01 -4.62075378e+01 4.82648183e+01 5.26784955e+01 -6.40323638e+01 4.74364223e+01 1.99733685e+00 1.55985725e+00 1.28046131e+00
1.31474581e+00 1.10262900e+06 3.03255571e+02 6.37318448e+01 -3.04996707e+01 4.47157802e+01 3.01119443e+01 2.62315606e+01 -4.59863939e+01 4.81694076e+01 5.23475442e+01 -6.34191671e+01 4.74155467e+01 1.99559397e+00 1.55871308e+00 1.28028307e+00
1.31788925e+00 1.10461900e+06 3.03744136e+02 6.42204097e+01 -3.21260630e+01 4.74033763e+01 3.00054675e+01 2.61250838e+01 -4.58922321e+01 4.80313782e+01 5.23126590e+01 -6.38922826e+01 4.75096427e+01 2.00239201e+00 1.56786148e+00 1.27714855e+00
1.32103052e+00 1.11166900e+06 3.03198074e+02 6.36743480e+01 -3.25551943e+01 4.75578519e+01 2.99091961e+01 2.60288124e+01 -4.58373914e+01 4.80781677e+01 5.20461742e+01 -6.37789286e+01 4.75767310e+01 1.99956008e+00 1.56406600e+00 1.27843715e+00
1.32417192e+00 1.11602100e+06 3.02811227e+02 6.32875008e+01 -3.14895586e+01 4.60402320e+01 2.97405594e+01 2.58601757e+01 -4.55191371e+01 4.77445780e+01 5.17069226e+01 -6.34023080e+01 4.71587885e+01 1.99948072e+00 1.56438354e+00 1.27812692e+00
1.32731592e+00 1.12297300e+06 3.02921900e+02 6.33981735e+01 -3.27856312e+01 4.94080270e+01 2.96164419e+01 2.57360582e+01 -4.53072436e+01 4.75202530e+01 5.17084369e+01 -6.37200572e+01 4.75764443e+01 2.00918247e+00 1.56952182e+00 1.28012395e+00
1.33045950e+00 1.12717500e+06 3.02771482e+02 6.32477560e+01 -3.15185453e+01 4.75936051e+01 2.95640732e+01 2.56836896e+01 -4.53677721e+01 4.76685349e+01 5.13871349e+01 -6.35101552e+01 4.74779695e+01 2.00076920e+00 1.56925621e+00 1.27497931e+00
1.33359926e+00 1.13037700e+06 3.02520069e+02 6.29963427e+01 -3.26573287e+01 4.99368735e+01 2.94511188e+01 2.55707351e+01 -4.51945744e+01 4.74780334e+01 5.12630579e+01 -6.34800308e+01 4.73704927e+01 2.00475496e+00 1.56958942e+00 1.27724801e+00
1.33674215e+00 1.14066900e+06 3.02042995e+02 6.25192688e+01 -3.16858282e+01 4.96469414e+01 2.93351236e+01 2.54547399e+01 -4.50326327e+01 4.75302864e+01 5.09620460e+01 -6.32344706e+01 4.76446223e+01 2.00206509e+00 1.56719347e+00 1.27748432e+00
1.33988669e+00 1.14202300e+06 3.02242114e+02 6.27183877e+01 -3.22519864e+01 4.88547405e+01 2.91827533e+01 2.53023696e+01 -4.47862901e+01 4.71925259e+01 5.07756556e+01 -6.31064305e+01 4.73697546e+01 2.00675495e+00 1.57440639e+00 1.27461052e+00
1.34302911e+00 1.14927700e+06 3.02487361e+02 6.29636352e+01 -3.24367031e+01 4.78936412e+01 2.91375779e+01 2.52571942e+01 -4.47854303e+01 4.72342318e+01 5.06682931e+01 -6.33409145e+01 4.74076030e+01 2.00609350e+00 1.57889171e+00 1.27057067e+00
1.34616937e+00 1.15221300e+06 3.02157713e+02 6.26339866e+01 -3.11469872e+01 4.88527659e+01 2.90031999e+01 2.51228162e+01 -4.45824997e+01 4.71180533e+01 5.04340934e+01 -6.30664896e+01 4.74426578e+01 2.00750159e+00 1.57895905e+00 1.27140826e+00
1.34930901e+00 1.15878100e+06 3.01982117e+02 6.24583903e+01 -3.25372787e+01 4.93221053e+01 2.89574071e+01 2.50770234e+01 -4.45765886e+01 4.70234461e+01 5.03568839e+01 -6.31999114e+01 4.73847879e+01 2.00808856e+00 1.57818314e+00 1.27240528e+00
1.35244773e+00 1.16287500e+06 3.02073322e+02 6.25495963e+01 -3.07837648e+01 5.09748312e+01 2.88136422e+01 2.49332585e+01 -4.43137338e+01 4.68566876e+01 5.01061762e+01 -6.29287370e+01 4.75700311e+01 2.00961203e+00 1.58388168e+00 1.26878924e+00
1.35558784e+00 1.16998900e+06 3.02300269e+02 6.27765424e+01 -3.16630209e+01 5.10697290e+01 2.87033723e+01 2.48229886e+01 -4.41605010e+01 4.66790941e+01 5.00026475e+01 -6.29133827e+01 4.73378264e+01 2.01436855e+00 1.59027291e+00 1.26668104e+00
1.35872992e+00 1.17557700e+06 3.01863403e+02 6.23396763e+01 -3.27174259e+01 5.14455378e+01 2.86713519e+01 2.47909682e+01 -4.42297383e+01 4.69042521e+01 4.98681578e+01 -6.31065431e+01 4.76500986e+01 2.01154539e+00 1.58575295e+00 1.26851121e+00
1.36187287e+00 1.18175500e+06 3.01873758e+02 6.23500315e+01 -3.12193097e+01 5.30941452e+01 2.85343329e+01 2.46539493e+01 -4.40181799e+01 4.66600697e+01 4.95937123e+01 -6.28839033e+01 4.77220781e+01 2.01159302e+00 1.59028546e+00 1.26492574e+00
1.36501921e+00 1.18843300e+06 3.01692463e+02 6.21687368e+01 -3.11789353e+01 5.29135886e+01 2.83897745e+01 2.45093908e+01 -4.37698964e+01 4.63827620e+01 4.93844302e+01 -6.27220615e+01 4.73970774e+01 2.01491872e+00 1.59264786e+00 1.26513761e+00
1.36815899e+00 1.18829700e+06 3.01481261e+02 6.19575349e+01 -3.25525258e+01 5.40079223e+01 2.84051007e+01 2.45247170e+01 -4.39128583e+01 4.66971089e+01 4.92950349e+01 -6.29537421e+01 4.77920090e+01 2.01001442e+00 1.58944338e+00 1.26460272e+00
1.37129593e+00 1.19676100e+06 3.01381753e+02 6.18580269e+01 -3.15914273e+01 5.65760146e+01 2.82352172e+01 2.43548336e+01 -4.36095400e+01 4.63682727e+01 4.90395015e+01 -6.28910537e+01 4.78320378e+01 2.01354287e+00 1.59369587e+00 1.26344236e+00
1.37443987e+00 1.20493500e+06 3.01609443e+02 6.20857169e+01 -3.14076115e+01 5.50355047e+01 2.83006727e+01 2.44202890e+01 -4.38834235e+01 4.67356891e+01 4.89614681e+01 -6.30479324e+01 4.81123352e+01 2.00495040e+00 1.59448505e+00 1.25742816e+00
1.37758170e+00 1.20606100e+06 3.01831513e+02 6.23077872e+01 -3.12304336e+01 5.57459774e+01 2.81268885e+01 2.42465048e+01 -4.35524476e+01 4.63999447e+01 4.88554728e+01 -6.28977499e+01 4.80023310e+01 2.01494909e+00 1.60304825e+00 1.25694850e+00
1.38072348e+00 1.21561300e+06 3.01219788e+02 6.16960619e+01 -3.21734693e+01 5.55645896e+01 2.80628053e+01 2.41824216e+01 -4.35054346e+01 4.64743053e+01 4.86537410e+01 -6.29464674e+01 4.80881525e+01 2.01194660e+00 1.59727181e+00 1.25961442e+00
1.38386604e+00 1.21826700e+06 3.01415314e+02 6.18915873e+01 -3.19723159e+01 5.65737646e+01 2.79390538e+01 2.40586701e+01 -4.32985368e+01 4.61729469e+01 4.84454582e+01 -6.27048648e+01 4.78463426e+01 2.01363824e+00 1.60391003e+00 1.25545586e+00
1.38700773e+00 1.22550100e+06 3.01491037e+02 6.19673109e+01 -3.22566129e+01 5.80559479e+01 2.78137821e+01 2.39333984e+01 -4.30957264e+01 4.59956150e+01 4.83534909e+01 -6.27997697e+01 4.78995438e+01 2.02033535e+00 1.60908557e+00 1.25557981e+00
1.39014932e+00 1.22956500e+06 3.01268984e+02 6.17452574e+01 -3.11155279e+01 5.90172897e+01 2.77706628e+01 2.38902791e+01 -4.31074173e+01 4.61723591e+01 4.81023086e+01 -6.25606851e+01 4.81832669e+01 2.01346783e+00 1.60764884e+00 1.25243013e+00
1.39328874e+00 1.23503500e+06 3.01885795e+02 6.23620691e+01 -3.09085323e+01 5.79918665e+01 2.76802125e+01 2.37998289e+01 -4.29224414e+01 4.59153467e+01 4.80198406e+01 -6.26383057e+01 4.79657851e+01 2.01765487e+00 1.61872600e+00 1.24644620e+00
1.39642899e+00 1.24068900e+06 3.01597031e+02 6.20733047e+01 -3.08784643e+01 5.97427380e+01 2.76549155e+01 2.37745318e+01 -4.30025532e+01 4.60954416e+01 4.79567376e+01 -6.27646372e+01 4.83940325e+01 2.01714751e+00 1.61583290e+00 1.24836393e+00
1.39957190e+00 1.24924900e+06 3.01469006e+02 6.19452801e+01 -3.13192737e+01 6.02562073e+01 2.75229298e+01 2.36425461e+01 -4.27895044e+01 4.58817137e+01 4.75925953e+01 -6.25583704e+01 4.79757139e+01 2.01300634e+00 1.61866504e+00 1.24362131e+00
1.40271503e+00 1.25124100e+06 3.01360988e+02 6.18372614e+01 -3.13615970e+01 6.24921099e+01 2.74505249e+01 2.35701412e+01 -4.27216798e+01 4.59736796e+01 4.75292033e+01 -6.27148634e+01 4.86302615e+01 2.01650058e+00 1.61973524e+00 1.24495691e+00
1.40585753e+00 1.26072300e+06 3.01855879e+02 6.23321526e+01 -3.15355215e+01 6.11650311e+01 2.74444434e+01 2.35640597e+01 -4.27268294e+01 4.60003659e+01 4.75206646e+01 -6.27401573e+01 4.85161148e+01 2.01665864e+00 1.62641363e+00 1.23994204e+00
1.40899464e+00 1.25763700e+06 3.01673004e+02 6.21492779e+01 -3.22372931e+01 6.43241425e+01 2.73681671e+01 2.34877834e+01 -4.26675846e+01 4.59034855e+01 4.73647099e+01 -6.29797659e+01 4.88682911e+01 2.01656789e+00 1.62666090e+00 1.23969777e+00
1.41213459e+00 1.27403700e+06 3.01810286e+02 6.22865600e+01 -3.09449709e+01 6.17179161e+01 2.72198134e+01 2.33394298e+01 -4.24000297e+01 4.56769017e+01 4.71148845e+01 -6.23993340e+01 4.85652608e+01 2.01868191e+00 1.63362380e+00 1.23570794e+00
1.41528151e+00 1.27547500e+06 3.01942540e+02 6.24188136e+01 -3.13592695e+01 6.49744100e+01 2.71668310e+01 2.32864473e+01 -4.23472451e+01 4.57106509e+01 4.69842429e+01 -6.25843030e+01 4.86449180e+01 2.01766471e+00 1.63721659e+00 1.23237495e+00
1.41842438e+00 1.28110500e+06 3.01980552e+02 6.24568260e+01 -3.07789319e+01 6.64623079e+01 2.71361929e+01 2.32558092e+01 -4.23825416e+01 4.58586596e+01 4.69154389e+01 -6.28019095e+01 4.89750344e+01 2.01736428e+00 1.63879348e+00 1.23100580e+00
1.42156501e+00 1.28596900e+06 3.01608491e+02 6.20847648e+01 -3.04152893e+01 6.52893244e+01 2.70339502e+01 2.31535665e+01 -4.21810472e+01 4.55689956e+01 4.66942653e+01 -6.25542865e+01 4.86376543e+01 2.01672020e+00 1.63750853e+00 1.23157844e+00
1.42470695e+00 1.29246100e+06 3.01875435e+02 6.23517087e+01 -3.03394411e+01 6.72867143e+01 2.69813675e+01 2.31009838e+01 -4.21812741e+01 4.56728483e+01 4.65263961e+01 -6.26452874e+01 4.90301405e+01 2.01404393e+00 1.64289172e+00 1.22591398e+00
1.42784873e+00 1.29806700e+06 3.02262853e+02 6.27391264e+01 -3.16264454e+01 6.77096196e+01 2.69195073e+01 2.30391236e+01 -4.21832050e+01 4.57073369e+01 4.65474220e+01 -6.29443713e+01 4.92534895e+01 2.02036426e+00 1.65019876e+00 1.22431571e+00
1.43098940e+00 1.30299700e+06 3.02640272e+02 6.31165458e+01 -3.19407183e+01 7.10389301e+01 2.68686776e+01 2.29882939e+01 -4.20233862e+01 4.56220584e+01 4.64725570e+01 -6.29373800e+01 4.95333843e+01 2.02157486e+00 1.65698372e+00 1.22003303e+00
1.43413123e+00 1.30960500e+06 3.02839999e+02 6.33162723e+01 -3.21081621e+01 7.02758456e+01 2.68389438e+01 2.29585602e+01 -4.20111894e+01 4.55585442e+01 4.63843375e+01 -6.27788943e+01 4.93217331e+01 2.02035045e+00 1.66067767e+00 1.21658194e+00
1.43727368e+00 1.31599900e+06 3.02435075e+02 6.29113488e+01 -3.26280790e+01 7.16214052e+01 2.67418345e+01 2.28614508e+01 -4.19148256e+01 4.56410293e+01 4.61558958e+01 -6.29982212e+01 4.96193092e+01 2.01893993e+00 1.65887096e+00 1.21705665e+00
1.44041556e+00 1.31986900e+06 3.02567184e+02 6.30434577e+01 -3.04648845e+01 7.21440550e+01 2.66338190e+01 2.27534353e+01 -4.17037798e+01 4.53738689e+01 4.59915353e+01 -6.26808244e+01 4.92979864e+01 2.02130073e+00 1.66454877e+00 1.21432352e+00
1.44355661e+00 1.32764100e+06 3.03022664e+02 6.34989374e+01 -3.17415371e+01 7.32714103e+01 2.66150095e+01 2.27346259e+01 -4.17429868e+01 4.55068383e+01 4.59609718e+01 -6.27778936e+01 4.97532798e+01 2.02162869e+00 1.67124193e+00 1.20965651e+00
1.44669725e+00 1.33025500e+06 3.03060601e+02 6.35368744e+01 -3.04849653e+01 7.35118396e+01 2.64804929e+01 2.26001092e+01 -4.14834736e+01 4.52234257e+01 4.56959785e+01 -6.25762668e+01 4.93902343e+01 2.02193618e+00 1.67670884e+00 1.20589582e+00
1.44983683e+00 1.33845300e+06 3.03704886e+02 6.41811602e+01 -3.01401029e+01 7.44533490e+01 2.65878577e+01 2.27074741e+01 -4.17460437e+01 4.56342753e+01 4.57718641e+01 -6.28112303e+01 4.99756988e+01 2.01571800e+00 1.68119995e+00 1.19897577e+00
1.45297698e+00 1.34284900e+06 3.03369524e+02 6.38457980e+01 -3.16229125e+01 7.73888866e+01 2.65295032e+01 2.26491195e+01 -4.17116344e+01 4.56616567e+01 4.56694204e+01 -6.29555072e+01 5.01702000e+01 2.01638833e+00 1.67896057e+00 1.20097420e+00
1.45612056e+00 1.35236100e+06 3.04300220e+02 6.47764934e+01 -3.22384554e+01 7.74386423e+01 2.64027932e+01 2.25224095e+01 -4.15013048e+01 4.54541538e+01 4.56305622e+01 -6.30531003e+01 5.04049082e+01 2.02600713e+00 1.69590411e+00 1.19464722e+00
1.45926300e+00 1.35414700e+06 3.04414299e+02 6.48905730e+01 -3.17847306e+01 7.77773402e+01 2.63879505e+01 2.25075668e+01 -4.14703213e+01 4.55039557e+01 4.54719353e+01 -6.29597041e+01 5.03030322e+01 2.02029548e+00 1.69795639e+00 1.18983944e+00
1.46240452e+00 1.36261300e+06 3.04181788e+02 6.46580621e+01 -3.05547054e+01 7.89647388e+01 2.62825129e+01 2.24021292e+01 -4.13065569e+01 4.53234359e+01 4.52377942e+01 -6.28152865e+01 4.99457663e+01 2.01935243e+00 1.69889561e+00 1.18862656e+00
1.46554796e+00 1.36806900e+06 3.04782736e+02 6.52590096e+01 -3.15679913e+01 8.04031435e+01 2.63670873e+01 2.24867036e+01 -4.15678094e+01 4.57755495e+01 4.52624502e+01 -6.30280588e+01 5.07125123e+01 2.01285395e+00 1.70355964e+00 1.18155767e+00
1.46868909e+00 1.37208700e+06 3.05467057e+02 6.59433305e+01 -3.07686360e+01 8.06274767e+01 2.62944782e+01 2.24140945e+01 -4.14126617e+01 4.55480086e+01 4.52137977e+01 -6.30897175e+01 5.05333496e+01 2.01720385e+00 1.71523978e+00 1.17604773e+00
1.47182999e+00 1.37948100e+06 3.05643657e+02 6.61199309e+01 -3.10465314e+01 8.26485510e+01 2.62580435e+01 2.23776598e+01 -4.14138349e+01 4.56296383e+01 4.51355423e+01 -6.30925427e+01 5.08104520e+01 2.01699118e+00 1.71893266e+00 1.17339744e+00
1.47497323e+00 1.38622900e+06 3.05653854e+02 6.61301277e+01 -3.18080927e+01 8.44504418e+01 2.61803405e+01 2.22999568e+01 -4.13331414e+01 4.55822925e+01 4.50026106e+01 -6.33259632e+01 5.10795834e+01 2.01805819e+00 1.72205758e+00 1.17188775e+00
1.47811383e+00 1.38851700e+06 3.05655150e+02 6.61314243e+01 -3.16366373e+01 8.60569983e+01 2.61710970e+01 2.22907133e+01 -4.13343904e+01 4.57317955e+01 4.49588214e+01 -6.33306229e+01 5.10906691e+01 2.01693058e+00 1.72243148e+00 1.17097870e+00
1.48125524e+00 1.39926700e+06 3.06340927e+02 6.68172005e+01 -3.11520545e+01 8.61956483e+01 2.62024069e+01 2.23220232e+01 -4.14496416e+01 4.59125148e+01 4.49538972e+01 -6.34211105e+01 5.13620222e+01 2.01388095e+00 1.73012452e+00 1.16400925e+00
1.48439827e+00 1.40173300e+06 3.07118760e+02 6.75950338e+01 -3.17023828e+01 8.87536508e+01 2.61163880e+01 2.22360043e+01 -4.12805949e+01 4.57676167e+01 4.48834002e+01 -6.35255156e+01 5.17152258e+01 2.01850115e+00 1.74352838e+00 1.15771052e+00
1.48753883e+00 1.40837700e+06 3.07261452e+02 6.77377253e+01 -3.17355486e+01 9.00447548e+01 2.60574354e+01 2.21770517e+01 -4.12403552e+01 4.57560074e+01 4.47267158e+01 -6.36413913e+01 5.17276106e+01 2.01680171e+00 1.74768597e+00 1.15398404e+00
1.49067993e+00 1.41485500e+06 3.07807861e+02 6.82841348e+01 -3.17245585e+01 9.25041371e+01 2.60883838e+01 2.22080001e+01 -4.13224064e+01 4.59426496e+01 4.47362321e+01 -6.37195196e+01 5.19885864e+01 2.01441967e+00 1.75349762e+00 1.14880091e+00
1.49382338e+00 1.42175700e+06 3.08029283e+02 6.85055564e+01 -3.01241505e+01 9.20217331e+01 2.60055910e+01 2.21252073e+01 -4.12046371e+01 4.59008434e+01 4.45462618e+01 -6.35599775e+01 5.18238525e+01 2.01337150e+00 1.75962136e+00 1.14420724e+00
1.49696452e+00 1.42549300e+06 3.08075915e+02 6.85521889e+01 -3.20679203e+01 9.52522403e+01 2.60625844e+01 2.21822007e+01 -4.13660956e+01 4.61765173e+01 4.45821453e+01 -6.39866380e+01 5.25430198e+01 2.00981615e+00 1.75795740e+00 1.14326783e+00
1.50010311e+00 1.43085900e+06 3.08465230e+02 6.89415040e+01 -3.08947988e+01 9.69730233e+01 2.59330661e+01 2.20526824e+01 -4.10566095e+01 4.58442366e+01 4.44479272e+01 -6.37079383e+01 5.23038124e+01 2.01553382e+00 1.76811157e+00 1.13993588e+00
1.50324309e+00 1.43852500e+06 3.09164770e+02 6.96410442e+01 -3.08136811e+01 9.87406180e+01 2.59948247e+01 2.21144410e+01 -4.13077718e+01 4.62557243e+01 4.44521964e+01 -6.38909997e+01 5.29569877e+01 2.01009813e+00 1.77457621e+00 1.13272009e+00
1.50638491e+00 1.44529300e+06 3.10066918e+02 7.05431915e+01 -3.09577321e+01 9.98933948e+01 2.59108610e+01 2.20304773e+01 -4.11069488e+01 4.60561493e+01 4.44178879e+01 -6.41178603e+01 5.29093468e+01 2.01620180e+00 1.78943365e+00 1.12672621e+00
1.50952657e+00 1.44956100e+06 3.10143115e+02 7.06193892e+01 -3.21434209e+01 9.96318999e+01 2.59034171e+01 2.20230334e+01 -4.11518612e+01 4.62128223e+01 4.43366229e+01 -6.41096435e+01 5.30615311e+01 2.01319328e+00 1.79070237e+00 1.12424784e+00
1.51266870e+00 1.45891900e+06 3.10694867e+02 7.11711403e+01 -3.29123800e+01 1.01864348e+02 2.59521236e+01 2.20717400e+01 -4.13323707e+01 4.64297866e+01 4.43787824e+01 -6.44799035e+01 5.35248872e+01 2.01066080e+00 1.79569956e+00 1.11970891e+00
1.51581187e+00 1.46127300e+06 3.11289536e+02 7.17658098e+01 -3.15275206e+01 1.03389533e+02 2.58974409e+01 2.20170572e+01 -4.12298488e+01 4.63219000e+01 4.43137779e+01 -6.46440818e+01 5.35446939e+01 2.01270213e+00 1.80542378e+00 1.11480869e+00
1.51895448e+00 1.47164500e+06 3.11774272e+02 7.22505455e+01 -3.32675020e+01 1.05725528e+02 2.59074923e+01 2.20271086e+01 -4.13238294e+01 4.65508679e+01 4.43034424e+01 -6.49704569e+01 5.41268117e+01 2.01131448e+00 1.81109745e+00 1.11055011e+00
1.52209753e+00 1.47364300e+06 3.12712797e+02 7.31890708e+01 -3.18380558e+01 1.07524259e+02 2.58749154e+01 2.19945318e+01 -4.12362430e+01 4.65074530e+01 4.42228933e+01 -6.48481593e+01 5.38601312e+01 2.01063127e+00 1.82417188e+00 1.10221591e+00
1.52523777e+00 1.48065300e+06 3.12570698e+02 7.30469720e+01 -3.13286436e+01 1.07061511e+02 2.58963144e+01 2.20159307e+01 -4.13010681e+01 4.67033818e+01 4.40722351e+01 -6.46276746e+01 5.40080262e+01 2.00183384e+00 1.82151430e+00 1.09899431e+00
1.52837748e+00 1.48590100e+06 3.13365838e+02 7.38421120e+01 -3.29517055e+01 1.12502677e+02 2.59077084e+01 2.20273247e+01 -4.14191390e+01 4.69113683e+01 4.42121298e+01 -6.51983270e+01 5.51225045e+01 2.00714932e+00 1.83092763e+00 1.09624722e+00
1.53152027e+00 1.49508900e+06 3.14163481e+02 7.46397552e+01 -3.35255422e+01 1.14449869e+02 2.59421134e+01 2.20617297e+01 -4.15133587e+01 4.71308872e+01 4.42046000e+01 -6.53280497e+01 5.53743669e+01 2.00367789e+00 1.83935401e+00 1.08933782e+00
1.53466185e+00 1.49809900e+06 3.14942246e+02 7.54185200e+01 -3.19517710e+01 1.14026384e+02 2.59503186e+01 2.20699349e+01 -4.14922562e+01 4.71583016e+01 4.41177361e+01 -6.52908827e+01 5.50867071e+01 1.99899712e+00 1.84858097e+00 1.08136844e+00
1.53780535e+00 1.50837300e+06 3.15102261e+02 7.55785352e+01 -3.24613554e+01 1.17783202e+02 2.59229189e+01 2.20425352e+01 -4.14622222e+01 4.72539400e+01 4.41123107e+01 -6.54801738e+01 5.54585549e+01 2.00123581e+00 1.85169078e+00 1.08076134e+00
1.54094690e+00 1.50861700e+06 3.16241578e+02 7.67178522e+01 -3.28961452e+01 1.20285990e+02 2.59151898e+01 2.20348061e+01 -4.14782907e+01 4.73066403e+01 4.40605852e+01 -6.56738302e+01 5.59303688e+01 1.99959033e+00 1.86592250e+00 1.07163632e+00
1.54408727e+00 1.51992700e+06 3.16606071e+02 7.70823446e+01 -3.23536694e+01 1.23889047e+02 2.59706997e+01 2.20903160e+01 -4.17303472e+01 4.76884929e+01 4.41543419e+01 -6.62199981e+01 5.65532068e+01 1.99880989e+00 1.86799837e+00 1.07002764e+00
1.54722932e+00 1.52212500e+06 3.16750419e+02 7.72266931e+01 -3.16715632e+01 1.23813668e+02 2.59380142e+01 2.20576305e+01 -4.15889341e+01 4.76611858e+01 4.39412854e+01 -6.57371602e+01 5.62409290e+01 1.99211268e+00 1.87113142e+00 1.06465674e+00
1.55037199e+00 1.53333700e+06 3.18111394e+02 7.85876680e+01 -3.12957398e+01 1.26059686e+02 2.59299964e+01 2.20496127e+01 -4.16418973e+01 4.77311189e+01 4.39908856e+01 -6.59860063e+01 5.65041367e+01 1.99508654e+00 1.88789014e+00 1.05678106e+00
1.55351406e+00 1.53359700e+06 3.19099339e+02 7.95756132e+01 -3.17896851e+01 1.27928080e+02 2.60291886e+01 2.21488049e+01 -4.18343465e+01 4.80426336e+01 4.41184776e+01 -6.63399305e+01 5.70733612e+01 1.99191233e+00 1.89546098e+00 1.05088543e+00
1.55665465e+00 1.54450300e+06 3.20249199e+02 8.07254728e+01 -3.25552824e+01 1.32441846e+02 2.60863209e+01 2.22059372e+01 -4.20601439e+01 4.84317285e+01 4.42744158e+01 -6.70383618e+01 5.79542807e+01 1.99380983e+00 1.90664898e+00 1.04571416e+00
1.55979533e+00 1.54630500e+06 3.20496075e+02 8.09723488e+01 -3.27575567e+01 1.33180702e+02 2.59732237e+01 2.20928401e+01 -4.17573029e+01 4.81426795e+01 4.40651499e+01 -6.66282255e+01 5.77055879e+01 1.99454438e+00 1.91444368e+00 1.04184020e+00
1.56293700e+00 1.55760100e+06 3.21763514e+02 8.22397877e+01 -3.31630435e+01 1.35977055e+02 2.60656790e+01 2.21852954e+01 -4.19763352e+01 4.84811755e+01 4.42112853e+01 -6.70969047e+01 5.81106239e+01 1.99281933e+00 1.92534421e+00 1.03504574e+00
1.56607963e+00 1.55995900e+06 3.22355253e+02 8.28315264e+01 -3.23031259e+01 1.39271051e+02 2.61036254e+01 2.22232417e+01 -4.21162293e+01 4.87280878e+01 4.41641750e+01 -6.73401763e+01 5.85718665e+01 1.98729671e+00 1.93060812e+00 1.02936307e+00
1.56921959e+00 1.56730500e+06 3.22916170e+02 8.33924439e+01 -3.30033066e+01 1.40553112e+02 2.61080585e+01 2.22276748e+01 -4.21441996e+01 4.88249483e+01 4.41224215e+01 -6.74125903e+01 5.87005893e+01 1.98502191e+00 1.93694074e+00 1.02482325e+00
1.57236193e+00 1.57524100e+06 3.24382080e+02 8.48583540e+01 -3.33429352e+01 1.44042165e+02 2.62207041e+01 2.23403204e+01 -4.23614620e+01 4.92285163e+01 4.43431476e+01 -6.77339637e+01 5.93837419e+01 1.98489309e+00 1.94895855e+00 1.01843782e+00
1.57550198e+00 1.57736700e+06 3.25253760e+02 8.57300341e+01 -3.34914788e+01 1.47041270e+02 2.62229590e+01 2.23425753e+01 -4.23799459e+01 4.92712452e+01 4.43707197e+01 -6.80250854e+01 5.97459650e+01 1.98592683e+00 1.95884415e+00 1.01382585e+00
1.57864183e+00 1.58738500e+06 3.26162102e+02 8.66383755e+01 -3.32029091e+01 1.49489002e+02 2.62426083e+01 2.23622246e+01 -4.24788664e+01 4.95239565e+01 4.43176684e+01 -6.81776696e+01 6.01062311e+01 1.98180947e+00 1.96832880e+00 1.00684879e+00
1.58178466e+00 1.59359700e+06 3.27120090e+02 8.75963634e+01 -3.22978376e+01 1.52084679e+02 2.62555312e+01 2.23751475e+01 -4.24344669e+01 4.95900542e+01 4.43277456e+01 -6.81062066e+01 6.01755477e+01 1.98111523e+00 1.97860947e+00 1.00126642e+00
1.58492583e+00 1.59747700e+06 3.28128627e+02 8.86049012e+01 -3.28739061e+01 1.54633711e+02 2.63460509e+01 2.24656673e+01 -4.26967952e+01 4.99556788e+01 4.44487869e+01 -6.84975257e+01 6.08084351e+01 1.97852067e+00 1.98595412e+00 9.96256984e-01
1.58806885e+00 1.60902700e+06 3.29151392e+02 8.96276663e+01 -3.41157769e+01 1.57969463e+02 2.63944459e+01 2.25140623e+01 -4.28190439e+01 5.02420559e+01 4.44334796e+01 -6.89784961e+01 6.12036985e+01 1.97358785e+00 1.99523527e+00 9.89150442e-01
1.59121046e+00 1.60840500e+06 3.29771883e+02 9.02481565e+01 -3.30411600e+01 1.62629951e+02 2.64626259e+01 2.25822422e+01 -4.29752661e+01 5.05499519e+01 4.44687369e+01 -6.92455816e+01 6.16696238e+01 1.96919051e+00 1.99910516e+00 9.85035980e-01
1.59435141e+00 1.62108100e+06 3.31126531e+02 9.16028048e+01 -3.39824757e+01 1.63914786e+02 2.64919312e+01 2.26115475e+01 -4.30405985e+01 5.06509606e+01 4.45683797e+01 -6.94839445e+01 6.20370164e+01 1.97104509e+00 2.01274725e+00 9.79280973e-01
1.59749526e+00 1.62423900e+06 3.32652428e+02 9.31287017e+01 -3.34476262e+01 1.68543781e+02 2.65473807e+01 2.26669970e+01 -4.31568518e+01 5.09807071e+01 4.47053436e+01 -6.98038695e+01 6.29571482e+01 1.97226583e+00 2.02695814e+00 9.73017541e-01
1.60063766e+00 1.63184500e+06 3.34135799e+02 9.46120727e+01 -3.34418247e+01 1.70312294e+02 2.66634660e+01 2.27830823e+01 -4.34185509e+01 5.13367057e+01 4.48138471e+01 -7.01447435e+01 6.30276415e+01 1.96697912e+00 2.03782572e+00 9.65234220e-01
1.60377568e+00 1.63372900e+06 3.34897936e+02 9.53742100e+01 -3.30678027e+01 1.75192071e+02 2.67120595e+01 2.28316759e+01 -4.34936064e+01 5.15299502e+01 4.48459969e+01 -7.04047078e+01 6.36012949e+01 1.96420084e+00 2.04383853e+00 9.61035234e-01
1.60691761e+00 1.64716500e+06 3.35802093e+02 9.62783665e+01 -3.36040906e+01 1.79018797e+02 2.67897316e+01 2.29093480e+01 -4.37097267e+01 5.19173552e+01 4.49269365e+01 -7.07947410e+01 6.42391156e+01 1.96107443e+00 2.05001950e+00 9.56612573e-01
1.61006129e+00 1.64475100e+06 3.36919541e+02 9.73958145e+01 -3.48325384e+01 1.73739613e+02 2.65922349e+01 2.27118512e+01 -4.31628990e+01 5.10909652e+01 4.47685065e+01 -7.05361864e+01 6.36176134e+01 1.97115181e+00 2.07082729e+00 9.51866828e-01
1.61320330e+00 1.64334000e+06 3.36363491e+02 9.68397646e+01 -3.51902507e+01 1.62059300e+02 2.60656734e+01 2.21852897e+01 -4.18989034e+01 4.91042115e+01 4.43756313e+01 -6.96282314e+01 6.20081353e+01 2.00022771e+00 2.08926876e+00 9.57381717e-01
1.61634370e+00 1.63670800e+06 3.36980843e+02 9.74571166e+01 -3.37266982e+01 1.48257874e+02 2.56346792e+01 2.17542955e+01 -4.08417329e+01 4.73774012e+01 4.40246202e+01 -6.85340475e+01 6.00125412e+01 2.02372079e+00 2.11657795e+00 9.56128640e-01
1.61948456e+00 1.63747800e+06 3.36583094e+02 9.70593678e+01 -3.22961036e+01 1.36834464e+02 2.52245205e+01 2.13441368e+01 -3.98108051e+01 4.57688670e+01 4.35626101e+01 -6.73829386e+01 5.80688296e+01 2.04096378e+00 2.13245282e+00 9.57096804e-01
1.62262738e+00 1.63118200e+06 3.36165858e+02 9.66421322e+01 -3.13599261e+01 1.25208695e+02 2.48559404e+01 2.09755567e+01 -3.89352570e+01 4.44159690e+01 4.30946480e+01 -6.66277067e+01 5.64925367e+01 2.05451748e+00 2.14647831e+00 9.57157348e-01
1.62576725e+00 1.62901000e+06 3.35656124e+02 9.61323974e+01 -3.18613150e+01 1.12203868e+02 2.45586446e+01 2.06782610e+01 -3.82771503e+01 4.31955248e+01 4.26901204e+01 -6.57081995e+01 5.48997705e+01 2.06449278e+00 2.15614459e+00 9.57492735e-01
1.62890889e+00 1.62552600e+06 3.36565465e+02 9.70417386e+01 -3.21280438e+01 1.00634572e+02 2.42653229e+01 2.03849393e+01 -3.75211415e+01 4.20082585e+01 4.24359859e+01 -6.51229270e+01 5.35585872e+01 2.08173227e+00 2.18184841e+00 9.54114072e-01
1.63205108e+00 1.62316600e+06 3.35636314e+02 9.61125879e+01 -3.20268167e+01 8.96254279e+01 2.40183339e+01 2.01379502e+01 -3.69608683e+01 4.10059901e+01 4.21080629e+01 -6.43252936e+01 5.23092799e+01 2.09098058e+00 2.18465319e+00 9.57122435e-01
1.63519208e+00 1.61727000e+06 3.35666299e+02 9.61425724e+01 -3.08367666e+01 7.86663922e+01 2.37419288e+01 1.98615451e+01 -3.62784014e+01 3.98578491e+01 4.17602019e+01 -6.36358590e+01 5.10507439e+01 2.10256562e+00 2.20014525e+00 9.55648550e-01
1.63833471e+00 1.61774200e+06 3.36304834e+02 9.67811075e+01 -2.92523394e+01 6.97877376e+01 2.34713898e+01 1.95910061e+01 -3.56679385e+01 3.88608313e+01 4.14313096e+01 -6.26418377e+01 4.96361518e+01 2.11481276e+00 2.22262873e+00 9.51491685e-01
1.64147734e+00 1.61133000e+06 3.35902048e+02 9.63783219e+01 -2.86412458e+01 5.80964994e+01 2.32767835e+01 1.93963998e+01 -3.51924686e+01 3.80521614e+01 4.10973216e+01 -6.21339558e+01 4.84384309e+01 2.11881184e+00 2.22909776e+00 9.50524411e-01
1.64461860e+00 1.60827400e+06 3.35631145e+02 9.61074187e+01 -2.89241526e+01 4.57062637e+01 2.30332778e+01 1.91528941e+01 -3.46330731e+01 3.70985630e+01 4.07894053e+01 -6.14694176e+01 4.71182772e+01 2.12967320e+00 2.24006826e+00 9.50717993e-01
1.64775979e+00 1.60474000e+06 3.35097367e+02 9.55736404e+01 -2.87917836e+01 3.57287294e+01 2.27483798e+01 1.88679961e+01 -3.39431577e+01 3.59927554e+01 4.03453928e+01 -6.04583310e+01 4.57667459e+01 2.13829771e+00 2.25064074e+00 9.50083980e-01
1.65090299e+00 1.60329000e+06 3.35908191e+02 9.63844647e+01 -2.80526265e+01 2.56969555e+01 2.25890426e+01 1.87086589e+01 -3.35667599e+01 3.53546106e+01 4.01853429e+01 -6.01739251e+01 4.48956562e+01 2.14795423e+00 2.26977178e+00 9.46330485e-01
1.65404374e+00 1.59506800e+06 3.35118832e+02 9.55951054e+01 -2.84337214e+01 1.38808128e+01 2.24436030e+01 1.85632193e+01 -3.32645054e+01 3.47371678e+01 3.99022479e+01 -5.94286409e+01 4.36893076e+01 2.14953275e+00 2.26929617e+00 9.47224420e-01
1.65718382e+00 1.59555600e+06 3.35558609e+02 9.60348830e+01 -2.78183931e+01 3.56628363e+00 2.22672163e+01 1.83868326e+01 -3.28495082e+01 3.40018906e+01 3.95857309e+01 -5.89520004e+01 4.28813466e+01 2.15293910e+00 2.28539380e+00 9.42042944e-01
1.66032595e+00 1.58947000e+06 3.35754781e+02 9.62310546e+01 -2.73027701e+01 -4.28129749e+00 2.20399896e+01 1.81596059e+01 -3.23090480e+01 3.31638985e+01 3.93555343e+01 -5.83835296e+01 4.18876745e+01 2.16720200e+00 2.30199520e+00 9.41445058e-01
1.66346563e+00 1.58637000e+06 3.35535353e+02 9.60116266e+01 -2.78726134e+01 -1.73477166e+01 2.18532173e+01 1.79728336e+01 -3.19158468e+01 3.24445259e+01 3.89900424e+01 -5.76752351e+01 4.06411593e+01 2.16938761e+00 2.31128573e+00 9.38606414e-01
1.66660826e+00 1.58502400e+06 3.35303430e+02 9.57797040e+01 -2.78808467e+01 -2.58589764e+01 2.17699020e+01 1.78895183e+01 -3.16878749e+01 3.19548615e+01 3.87861588e+01 -5.73864496e+01 3.97986715e+01 2.16809408e+00 2.31386183e+00 9.37002397e-01
1.66975224e+00 1.57998400e+06 3.35275379e+02 9.57516523e+01 -2.64116933e+01 -3.59519457e+01 2.15475559e+01 1.76671722e+01 -3.12111240e+01 3.11634930e+01 3.84453793e+01 -5.66406306e+01 3.90018417e+01 2.17609127e+00 2.32803560e+00 9.34732817e-01
1.67289340e+00 1.57554000e+06 3.35550941e+02 9.60272143e+01 -2.61864999e+01 -4.50656137e+01 2.14093250e+01 1.75289413e+01 -3.08701770e+01 3.05522356e+01 3.82247655e+01 -5.61492983e+01 3.81086826e+01 2.18066595e+00 2.34055754e+00 9.31686538e-01
1.67603557e+00 1.57250200e+06 3.35646073e+02 9.61223467e+01 -2.63910618e+01 -5.61338279e+01 2.12716451e+01 1.73912615e+01 -3.05925340e+01 3.00782178e+01 3.80223395e+01 -5.56739211e+01 3.72642464e+01 2.18628992e+00 2.35096758e+00 9.29953238e-01
1.67917575e+00 1.56695400e+06 3.35294742e+02 9.57710162e+01 -2.45203255e+01 -6.55162372e+01 2.11151817e+01 1.72347980e+01 -3.02361307e+01 2.94766154e+01 3.76802037e+01 -5.49955938e+01 3.64301964e+01 2.18628636e+00 2.35729508e+00 9.27455530e-01
1.68231530e+00 1.56376600e+06 3.36149849e+02 9.66261230e+01 -2.61540353e+01 -7.42660655e+01 2.09734195e+01 1.70930358e+01 -2.99120962e+01 2.88113973e+01 3.75707768e+01 -5.49268859e+01 3.57543839e+01 2.19801663e+00 2.37759389e+00 9.24471009e-01
1.68545815e+00 1.56273400e+06 3.35733151e+02 9.62094248e+01 -2.47856525e+01 -8.39412591e+01 2.08658102e+01 1.69854265e+01 -2.96669064e+01 2.83834807e+01 3.73134073e+01 -5.42149944e+01 3.49316742e+01 2.19678954e+00 2.37996506e+00 9.23034367e-01
1.68859898e+00 1.55454600e+06 3.36223532e+02 9.66998056e+01 -2.47537351e+01 -9.16150859e+01 2.07126350e+01 1.68322513e+01 -2.93004402e+01 2.77241149e+01 3.71473440e+01 -5.39728478e+01 3.43687233e+01 2.20691477e+00 2.39685464e+00 9.20754528e-01
1.69174153e+00 1.55576200e+06 3.35893787e+02 9.63700604e+01 -2.44350185e+01 -1.00610355e+02 2.05907319e+01 1.67103482e+01 -2.90440874e+01 2.72917036e+01 3.68877945e+01 -5.33711806e+01 3.37070703e+01 2.20748210e+00 2.40147636e+00 9.19218752e-01
1.69488500e+00 1.54890600e+06 3.36504500e+02 9.69807742e+01 -2.49603641e+01 -1.11218557e+02 2.04906606e+01 1.66102769e+01 -2.88519116e+01 2.68623785e+01 3.66498184e+01 -5.30878529e+01 3.28701415e+01 2.20645439e+00 2.41631966e+00 9.13146729e-01
1.69802567e+00 1.54388800e+06 3.36036345e+02 9.65126185e+01 -2.49852694e+01 -1.18878108e+02 2.03885618e+01 1.65081781e+01 -2.86048657e+01 2.64184535e+01 3.65284131e+01 -5.25918370e+01 3.25674901e+01 2.21274648e+00 2.41792305e+00 9.15143465e-01
1.70116544e+00 1.54142400e+06 3.35945574e+02 9.64218480e+01 -2.36938388e+01 -1.28395592e+02 2.02334745e+01 1.63530909e+01 -2.82927625e+01 2.58434070e+01 3.61659975e+01 -5.21751557e+01 3.14817414e+01 2.21156953e+00 2.42821871e+00 9.10778559e-01
1.70430524e+00 1.53500200e+06 3.36445976e+02 9.69222501e+01 -2.33364443e+01 -1.36127332e+02 2.01171880e+01 1.62368043e+01 -2.80198333e+01 2.53554710e+01 3.60937893e+01 -5.17755639e+01 3.10696390e+01 2.22296140e+00 2.44321376e+00 9.09851376e-01
1.70744892e+00 1.53750400e+06 3.35983749e+02 9.64600231e+01 -2.48611005e+01 -1.45819528e+02 1.99759346e+01 1.60955509e+01 -2.76791197e+01 2.48068812e+01 3.57642694e+01 -5.12843380e+01 3.03287457e+01 2.22199722e+00 2.44805267e+00 9.07659073e-01
1.71059024e+00 1.52541000e+06 3.36392569e+02 9.68688426e+01 -2.35561507e+01 -1.53351858e+02 1.98332932e+01 1.59529095e+01 -2.73690569e+01 2.42463313e+01 3.55610430e+01 -5.08338954e+01 2.95576390e+01 2.22912585e+00 2.46417816e+00 9.04612290e-01
1.71373082e+00 1.52753200e+06 3.36271399e+02 9.67476733e+01 -2.31218058e+01 -1.62808353e+02 1.96892271e+01 1.58088434e+01 -2.70421848e+01 2.37098383e+01 3.52809046e+01 -5.03123793e+01 2.90082248e+01 2.23171952e+00 2.47383207e+00 9.02130566e-01
1.71687458e+00 1.52127000e+06 3.36606582e+02 9.70828557e+01 -2.31252074e+01 -1.69915502e+02 1.97282641e+01 1.58478804e+01 -2.71546336e+01 2.37295711e+01 3.52685120e+01 -5.05098574e+01 2.91115911e+01 2.22544032e+00 2.47505970e+00 8.99146117e-01
1.72001632e+00 1.51691200e+06 3.36284685e+02 9.67609592e+01 -2.47866749e+01 -1.77540320e+02 1.95328975e+01 1.56525138e+01 -2.67006005e+01 2.29933905e+01 3.49582444e+01 -5.00087932e+01 2.82169106e+01 2.23339490e+00 2.48632579e+00 8.98271219e-01
1.72315668e+00 1.51224000e+06 3.36901169e+02 9.73774431e+01 -2.19382679e+01 -1.88309390e+02 1.95221583e+01 1.56417746e+01 -2.66683696e+01 2.28623183e+01 3.48589825e+01 -4.93807522e+01 2.75043461e+01 2.22858233e+00 2.49508974e+00 8.93187241e-01
1.72630007e+00 1.51114000e+06 3.36537031e+02 9.70133049e+01 -2.20610288e+01 -1.95975163e+02 1.93076235e+01 1.54272398e+01 -2.61847953e+01 2.20685917e+01 3.45121949e+01 -4.88528861e+01 2.67491535e+01 2.23709460e+00 2.50767664e+00 8.92098513e-01
1.72944158e+00 1.50184600e+06 3.37062978e+02 9.75392514e+01 -2.26050401e+01 -2.03686684e+02 1.92948291e+01 1.54144454e+01 -2.62024263e+01 2.20070789e+01 3.44607449e+01 -4.89472983e+01 2.67652557e+01 2.23561367e+00 2.51550832e+00 8.88732373e-01
1.73258192e+00 1.50236400e+06 3.37008449e+02 9.74847225e+01 -2.33327060e+01 -2.08909270e+02 1.92314762e+01 1.53510925e+01 -2.61012707e+01 2.17514120e+01 3.43677691e+01 -4.88240284e+01 2.64458589e+01 2.23878328e+00 2.51998895e+00 8.88409959e-01
1.73572466e+00 1.49533000e+06 3.36488363e+02 9.69646371e+01 -2.30453497e+01 -2.17132321e+02 1.90219789e+01 1.51415952e+01 -2.55975464e+01 2.09221899e+01 3.39791825e+01 -4.81855866e+01 2.56867653e+01 2.24409528e+00 2.53058466e+00 8.86789252e-01
1.73886724e+00 1.49373000e+06 3.36743154e+02 9.72194275e+01 -2.20289001e+01 -2.25614060e+02 1.89940738e+01 1.51136901e+01 -2.55124873e+01 2.07804326e+01 3.38152440e+01 -4.79230775e+01 2.53730672e+01 2.23739165e+00 2.53624540e+00 8.82166861e-01
1.74200983e+00 1.48685200e+06 3.37287338e+02 9.77636116e+01 -2.22022929e+01 -2.33794678e+02 1.89004676e+01 1.50200839e+01 -2.53299507e+01 2.03272505e+01 3.37141966e+01 -4.78127824e+01 2.48976255e+01 2.24460775e+00 2.55124660e+00 8.79808224e-01
1.74514851e+00 1.48129000e+06 3.37219153e+02 9.76954264e+01 -2.26055535e+01 -2.40547281e+02 1.88296745e+01 1.49492908e+01 -2.51956402e+01 2.01311539e+01 3.35290481e+01 -4.73657368e+01 2.45780363e+01 2.24285209e+00 2.55638830e+00 8.77351882e-01
1.74829124e+00 1.48267800e+06 3.37549426e+02 9.80257002e+01 -2.25776240e+01 -2.48505893e+02 1.87049040e+01 1.48245203e+01 -2.49021055e+01 1.96234621e+01 3.33699890e+01 -4.69798942e+01 2.39409118e+01 2.25099958e+00 2.57145928e+00 8.75378272e-01
1.75143402e+00 1.47190000e+06 3.37901379e+02 9.83776525e+01 -2.05573916e+01 -2.56634230e+02 1.85789082e+01 1.46985245e+01 -2.46160505e+01 1.91721496e+01 3.31048979e+01 -4.63734722e+01 2.32714687e+01 2.25225993e+00 2.58708892e+00 8.70576930e-01
1.75457232e+00 1.47016800e+06 3.38095677e+02 9.85719510e+01 -2.15634101e+01 -2.64373567e+02 1.85534119e+01 1.46730282e+01 -2.45849315e+01 1.89626358e+01 3.30629959e+01 -4.64332905e+01 2.32133005e+01 2.25331782e+00 2.59189139e+00 8.69372004e-01
1.75771404e+00 1.46620000e+06 3.38261727e+02 9.87380007e+01 -2.17121305e+01 -2.69949086e+02 1.84321015e+01 1.45517178e+01 -2.42714311e+01 1.85224889e+01 3.28233312e+01 -4.61432078e+01 2.29695490e+01 2.25563275e+00 2.60486388e+00 8.65931143e-01
1.76085552e+00 1.46112000e+06 3.38261256e+02 9.87375300e+01 -2.09902688e+01 -2.77561459e+02 1.84020615e+01 1.45216779e+01 -2.42500920e+01 1.83918637e+01 3.26667885e+01 -4.57587646e+01 2.23813727e+01 2.24951888e+00 2.60755051e+00 8.62694267e-01
1.76399593e+00 1.45675600e+06 3.38121059e+02 9.85973324e+01 -2.04112027e+01 -2.85375977e+02 1.82826655e+01 1.44022818e+01 -2.39753929e+01 1.79337187e+01 3.24493714e+01 -4.54016419e+01 2.19008611e+01 2.25307155e+00 2.61647705e+00 8.61108852e-01
1.76713777e+00 1.45255600e+06 3.38779117e+02 9.92553909e+01 -2.09752413e+01 -2.91880243e+02 1.82639824e+01 1.43835987e+01 -2.39671021e+01 1.77543809e+01 3.24067176e+01 -4.55531282e+01 2.19903303e+01 2.25303265e+00 2.62689838e+00 8.57677886e-01
1.77028132e+00 1.45045200e+06 3.38448359e+02 9.89246329e+01 -2.08249735e+01 -2.98375850e+02 1.81892754e+01 1.43088918e+01 -2.37778041e+01 1.74292739e+01 3.22239278e+01 -4.50875753e+01 2.16695714e+01 2.25202122e+00 2.62935499e+00 8.56491886e-01
1.77342221e+00 1.44031600e+06 3.39034146e+02 9.95104200e+01 -1.99811630e+01 -3.05828636e+02 1.80529625e+01 1.41725788e+01 -2.34561652e+01 1.69483390e+01 3.20599676e+01 -4.47726505e+01 2.09817414e+01 2.26211249e+00 2.64978013e+00 8.53698187e-01
1.77656569e+00 1.44416400e+06 3.39840613e+02 1.00316887e+02 -2.06046023e+01 -3.13556267e+02 1.80416167e+01 1.41612330e+01 -2.34627389e+01 1.68585442e+01 3.19548669e+01 -4.45920223e+01 2.08981451e+01 2.25650315e+00 2.66156140e+00 8.47811796e-01
1.77970960e+00 1.43153200e+06 3.40100052e+02 1.00576325e+02 -2.04816974e+01 -3.20392850e+02 1.78770186e+01 1.39966349e+01 -2.31054125e+01 1.62179424e+01 3.17543277e+01 -4.43415546e+01 2.02130266e+01 2.26871158e+00 2.68062501e+00 8.46336796e-01
1.78284899e+00 1.43034000e+06 3.39800017e+02 1.00276291e+02 -2.03235852e+01 -3.27635775e+02 1.78479982e+01 1.39676145e+01 -2.30407631e+01 1.60767940e+01 3.16191087e+01 -4.39555334e+01 2.00332395e+01 2.26374436e+00 2.67940283e+00 8.44868992e-01
1.78598978e+00 1.42463200e+06 3.39670434e+02 1.00146708e+02 -1.93251454e+01 -3.32820187e+02 1.78294519e+01 1.39490682e+01 -2.30346430e+01 1.60128563e+01 3.14268453e+01 -4.38188186e+01 2.00107246e+01 2.25297093e+00 2.67945050e+00 8.40833196e-01
1.78913289e+00 1.42199800e+06 3.39860574e+02 1.00336848e+02 -1.99184352e+01 -3.39801802e+02 1.76642915e+01 1.37839078e+01 -2.26262275e+01 1.53542953e+01 3.12093890e+01 -4.34579073e+01 1.94249926e+01 2.26419021e+00 2.69801306e+00 8.39206541e-01
1.79227415e+00 1.41469800e+06 3.40314242e+02 1.00790515e+02 -1.93660594e+01 -3.45974843e+02 1.76707923e+01 1.37904087e+01 -2.26556466e+01 1.53143634e+01 3.11788610e+01 -4.33710570e+01 1.93318013e+01 2.26090915e+00 2.70346820e+00 8.36299516e-01
1.79541342e+00 1.40998000e+06 3.40683043e+02 1.01159316e+02 -1.94460486e+01 -3.54256102e+02 1.75601492e+01 1.36797655e+01 -2.24059591e+01 1.49311543e+01 3.10113733e+01 -4.30533717e+01 1.89317482e+01 2.26695211e+00 2.71934066e+00 8.33640354e-01
1.79855365e+00 1.40653200e+06 3.40636933e+02 1.01113207e+02 -1.83918797e+01 -3.59216959e+02 1.75298522e+01 1.36494685e+01 -2.23764152e+01 1.48417453e+01 3.08465877e+01 -4.27837667e+01 1.88125098e+01 2.25991126e+00 2.72173646e+00 8.30319649e-01
1.80169642e+00 1.40294800e+06 3.41178212e+02 1.01654486e+02 -1.90341595e+01 -3.66308201e+02 1.74554469e+01 1.35750632e+01 -2.22076809e+01 1.44904687e+01 3.07116496e+01 -4.25834618e+01 1.82933966e+01 2.26235777e+00 2.73648041e+00 8.26739982e-01
1.80483660e+00 1.39421400e+06 3.40936009e+02 1.01412283e+02 -1.89789801e+01 -3.72460105e+02 1.73831087e+01 1.35027250e+01 -2.20031563e+01 1.41505565e+01 3.05251844e+01 -4.22286327e+01 1.80416253e+01 2.26066845e+00 2.74053005e+00 8.24901904e-01
1.80797771e+00 1.39487200e+06 3.41768845e+02 1.02245119e+02 -1.87939590e+01 -3.78125075e+02 1.73343509e+01 1.34539672e+01 -2.19297170e+01 1.39662975e+01 3.04923406e+01 -4.22354034e+01 1.82652195e+01 2.26642002e+00 2.75674192e+00 8.22137179e-01
1.81112080e+00 1.38546400e+06 3.41423848e+02 1.01900122e+02 -1.88750542e+01 -3.83777385e+02 1.71945555e+01 1.33141718e+01 -2.16099271e+01 1.34142283e+01 3.02146645e+01 -4.18475359e+01 1.76673163e+01 2.26936117e+00 2.76649744e+00 8.20301199e-01
1.81426013e+00 1.38263400e+06 3.41999979e+02 1.02476253e+02 -1.97973186e+01 -3.90255869e+02 1.72235036e+01 1.33431200e+01 -2.16714051e+01 1.34999406e+01 3.02220217e+01 -4.17952445e+01 1.75823745e+01 2.26498913e+00 2.77129606e+00 8.17303199e-01
1.81740241e+00 1.37815000e+06 3.42462961e+02 1.02939235e+02 -1.88635729e+01 -3.97523293e+02 1.71487299e+01 1.32683462e+01 -2.15211033e+01 1.31858732e+01 3.00223851e+01 -4.15759045e+01 1.73118204e+01 2.26270739e+00 2.78536471e+00 8.12355875e-01
1.82054749e+00 1.37494800e+06 3.41914538e+02 1.02390811e+02 -1.79205143e+01 -4.02843191e+02 1.70707821e+01 1.31903984e+01 -2.13201751e+01 1.28187152e+01 2.98281473e+01 -4.10994538e+01 1.68544744e+01 2.26135303e+00 2.78613102e+00 8.11646333e-01
1.82369176e+00 1.36820800e+06 3.43038594e+02 1.03514868e+02 -1.88907168e+01 -4.10061010e+02 1.70118403e+01 1.31314567e+01 -2.12300752e+01 1.26442537e+01 2.97585101e+01 -4.10547652e+01 1.67543384e+01 2.26620023e+00 2.80766258e+00 8.07148354e-01
1.82683164e+00 1.36062400e+06 3.43186579e+02 1.03662853e+02 -1.86910331e+01 -4.15373118e+02 1.69415491e+01 1.30611654e+01 -2.10309636e+01 1.23282555e+01 2.96589906e+01 -4.08882043e+01 1.64433103e+01 2.27077673e+00 2.81721902e+00 8.06034857e-01
1.82997175e+00 1.35897000e+06 3.43463686e+02 1.03939960e+02 -1.76535099e+01 -4.20899261e+02 1.69172266e+01 1.30368429e+01 -2.10356243e+01 1.22887037e+01 2.94740777e+01 -4.07114284e+01 1.65997840e+01 2.26082940e+00 2.82361224e+00 8.00686925e-01
1.83311600e+00 1.35404200e+06 3.43799448e+02 1.04275722e+02 -1.70461462e+01 -4.27136941e+02 1.68530341e+01 1.29726504e+01 -2.08340212e+01 1.19271708e+01 2.93784067e+01 -4.04490879e+01 1.61747588e+01 2.26464183e+00 2.83515786e+00 7.98770981e-01
1.83625711e+00 1.34592600e+06 3.44205871e+02 1.04682144e+02 -1.82323030e+01 -4.34682227e+02 1.67965346e+01 1.29161509e+01 -2.07377915e+01 1.16542120e+01 2.92185862e+01 -4.02019073e+01 1.57065980e+01 2.26217441e+00 2.84688385e+00 7.94614228e-01
1.83939708e+00 1.34369800e+06 3.44648811e+02 1.05125085e+02 -1.86481143e+01 -4.39784320e+02 1.67383369e+01 1.28579532e+01 -2.05965046e+01 1.14124806e+01 2.91896228e+01 -4.01662621e+01 1.57457455e+01 2.27016091e+00 2.85934960e+00 7.93943108e-01
1.84253931e+00 1.33693800e+06 3.44872786e+02 1.05349059e+02 -1.77097132e+01 -4.45462135e+02 1.66681366e+01 1.27877530e+01 -2.04885237e+01 1.12357668e+01 2.89675645e+01 -3.98976844e+01 1.56543844e+01 2.26525837e+00 2.87024000e+00 7.89222635e-01
1.84567961e+00 1.33241800e+06 3.45220567e+02 1.05696841e+02 -1.75079503e+01 -4.51145163e+02 1.66486754e+01 1.27682917e+01 -2.04075154e+01 1.10057784e+01 2.88764184e+01 -3.97894759e+01 1.54113447e+01 2.26157258e+00 2.87716392e+00 7.86042312e-01
1.84882118e+00 1.32773200e+06 3.45178601e+02 1.05654875e+02 -1.75518469e+01 -4.56849470e+02 1.65415819e+01 1.26611982e+01 -2.01681113e+01 1.06454713e+01 2.86329030e+01 -3.95116018e+01 1.51047920e+01 2.26146867e+00 2.88873276e+00 7.82858387e-01
1.85196290e+00 1.32187800e+06 3.45601691e+02 1.06077965e+02 -1.64790829e+01 -4.62560292e+02 1.65353173e+01 1.26549336e+01 -2.01728317e+01 1.05668168e+01 2.85999485e+01 -3.92491961e+01 1.48394382e+01 2.25998407e+00 2.89522722e+00 7.80589537e-01
1.85510412e+00 1.31770600e+06 3.46108342e+02 1.06584616e+02 -1.82188812e+01 -4.68745174e+02 1.64807561e+01 1.26003724e+01 -1.99922364e+01 1.02428443e+01 2.85145483e+01 -3.91339820e+01 1.47667106e+01 2.26299251e+00 2.90840961e+00 7.78085899e-01
1.85824730e+00 1.31208600e+06 3.46805402e+02 1.07281676e+02 -1.69039758e+01 -4.74467461e+02 1.64372507e+01 1.25568670e+01 -1.99587541e+01 1.01698948e+01 2.84134587e+01 -3.91203597e+01 1.46769104e+01 2.26278248e+00 2.92295499e+00 7.74142088e-01
1.86138769e+00 1.30613200e+06 3.47137869e+02 1.07614143e+02 -1.71804896e+01 -4.79366279e+02 1.63777855e+01 1.24974018e+01 -1.98160736e+01 9.88308340e+00 2.82939431e+01 -3.88428107e+01 1.44716713e+01 2.26398604e+00 2.93443714e+00 7.71523099e-01
1.86452920e+00 1.30165200e+06 3.47641308e+02 1.08117582e+02 -1.78295165e+01 -4.84570807e+02 1.63852074e+01 1.25048237e+01 -1.98099504e+01 9.81407140e+00 2.82586487e+01 -3.89368473e+01 1.46312477e+01 2.25981984e+00 2.94042005e+00 7.68536400e-01
1.86766987e+00 1.29526000e+06 3.47621700e+02 1.08097973e+02 -1.70665927e+01 -4.90581738e+02 1.63194277e+01 1.24390441e+01 -1.96316028e+01 9.49944401e+00 2.80851359e+01 -3.85914641e+01 1.41787322e+01 2.25782108e+00 2.94791714e+00 7.65903846e-01
1.87081039e+00 1.29112000e+06 3.48107383e+02 1.08583657e+02 -1.67179977e+01 -4.96523460e+02 1.62133096e+01 1.23329259e+01 -1.94234071e+01 9.15640125e+00 2.80117708e+01 -3.84838637e+01 1.39798715e+01 2.27129970e+00 2.96721606e+00 7.65464885e-01
1.87395240e+00 1.28523000e+06 3.48583748e+02 1.09060022e+02 -1.75853008e+01 -5.00790072e+02 1.62371439e+01 1.23567602e+01 -1.94821069e+01 9.18356378e+00 2.78783550e+01 -3.84209034e+01 1.41421591e+01 2.25612171e+00 2.97084833e+00 7.59420024e-01
1.87709532e+00 1.28220400e+06 3.49126487e+02 1.09602761e+02 -1.74506609e+01 -5.05588537e+02 1.61760558e+01 1.22956721e+01 -1.93579516e+01 8.93312490e+00 2.78014449e+01 -3.83042100e+01 1.40440899e+01 2.26107565e+00 2.98562054e+00 7.57321845e-01
1.88023910e+00 1.27392000e+06 3.48828113e+02 1.09304386e+02 -1.70900622e+01 -5.11542689e+02 1.61674033e+01 1.22870196e+01 -1.93079203e+01 8.82610229e+00 2.76266387e+01 -3.79829325e+01 1.37990364e+01 2.24844099e+00 2.98260347e+00 7.53851800e-01
1.88337777e+00 1.26841000e+06 3.49966137e+02 1.10442411e+02 -1.72773543e+01 -5.17874696e+02 1.60897501e+01 1.22093664e+01 -1.91439720e+01 8.54201755e+00 2.75377401e+01 -3.78517365e+01 1.37268440e+01 2.25546020e+00 3.00760900e+00 7.49918025e-01
1.88651605e+00 1.26227400e+06 3.50963863e+02 1.11440137e+02 -1.75182265e+01 -5.23154527e+02 1.60345064e+01 1.21541227e+01 -1.89776476e+01 8.17969396e+00 2.75280450e+01 -3.79139457e+01 1.36517255e+01 2.26491419e+00 3.02802189e+00 7.47984749e-01
1.88966128e+00 1.26292000e+06 3.50379400e+02 1.10855674e+02 -1.60849735e+01 -5.27256065e+02 1.60783548e+01 1.21979712e+01 -1.90873127e+01 8.34343017e+00 2.74333768e+01 -3.76450432e+01 1.36392293e+01 2.24901145e+00 3.01463795e+00 7.46030366e-01
1.89280455e+00 1.25019400e+06 3.51563709e+02 1.12039983e+02 -1.74344126e+01 -5.34647451e+02 1.59702341e+01 1.20898504e+01 -1.88361367e+01 7.88963893e+00 2.73113079e+01 -3.74739727e+01 1.32286235e+01 2.25902777e+00 3.04422013e+00 7.42071097e-01
1.89594491e+00 1.24922400e+06 3.51355853e+02 1.11832126e+02 -1.60067496e+01 -5.38688265e+02 1.59110890e+01 1.20307053e+01 -1.87064759e+01 7.69195065e+00 2.71305937e+01 -3.71694748e+01 1.30069544e+01 2.25511248e+00 3.04886185e+00 7.39657153e-01
1.89908741e+00 1.24150600e+06 3.52021772e+02 1.12498045e+02 -1.65351575e+01 -5.43560116e+02 1.59097757e+01 1.20293920e+01 -1.87441497e+01 7.65833850e+00 2.70509374e+01 -3.71839656e+01 1.31725420e+01 2.24873688e+00 3.05809272e+00 7.35339665e-01
1.90222933e+00 1.23678600e+06 3.52653589e+02 1.13129862e+02 -1.66959725e+01 -5.50476925e+02 1.58558563e+01 1.19754727e+01 -1.85540092e+01 7.31792413e+00 2.69529925e+01 -3.68841178e+01 1.26110031e+01 2.25068298e+00 3.07356426e+00 7.32271328e-01
1.90536922e+00 1.22938000e+06 3.53099699e+02 1.13575972e+02 -1.62033675e+01 -5.54054409e+02 1.58637083e+01 1.19833246e+01 -1.86318764e+01 7.42661221e+00 2.68346329e+01 -3.69675465e+01 1.30722957e+01 2.23933122e+00 3.07860925e+00 7.27384036e-01
1.90850943e+00 1.22575600e+06 3.53555523e+02 1.14031797e+02 -1.69159938e+01 -5.58886935e+02 1.57240080e+01 1.18436244e+01 -1.82593071e+01 6.82277957e+00 2.66986855e+01 -3.67495223e+01 1.27974366e+01 2.25426649e+00 3.10292066e+00 7.26498269e-01
1.91165266e+00 1.22037000e+06 3.53873242e+02 1.14349516e+02 -1.57117839e+01 -5.64896761e+02 1.57481470e+01 1.18677633e+01 -1.83079157e+01 6.82245274e+00 2.66171281e+01 -3.65829465e+01 1.25548056e+01 2.24280915e+00 3.10407872e+00 7.22536168e-01
1.91479565e+00 1.21442800e+06 3.54731776e+02 1.15208050e+02 -1.68258733e+01 -5.67766956e+02 1.57503328e+01 1.18699491e+01 -1.83088915e+01 6.74587691e+00 2.66105358e+01 -3.66240709e+01 1.28656718e+01 2.24184077e+00 3.11542273e+00 7.19594406e-01
1.91793615e+00 1.20682800e+06 3.55512269e+02 1.15988543e+02 -1.63932664e+01 -5.75335657e+02 1.56664882e+01 1.17861045e+01 -1.80849476e+01 6.37175023e+00 2.64954610e+01 -3.64304071e+01 1.24704592e+01 2.24802529e+00 3.13705695e+00 7.16603278e-01
1.92107814e+00 1.20474400e+06 3.55588114e+02 1.16064388e+02 -1.71352386e+01 -5.77398991e+02 1.56582060e+01 1.17778223e+01 -1.80976685e+01 6.36938062e+00 2.64066254e+01 -3.63709637e+01 1.25379268e+01 2.24206350e+00 3.13918560e+00 7.14218203e-01
1.92422076e+00 1.19551200e+06 3.56356561e+02 1.16832834e+02 -1.57576510e+01 -5.85045470e+02 1.55785767e+01 1.16981930e+01 -1.78861726e+01 5.98716687e+00 2.62453167e+01 -3.59787986e+01 1.21068250e+01 2.24353597e+00 3.16026183e+00 7.09920915e-01
1.92736167e+00 1.19159800e+06 3.56041663e+02 1.16517937e+02 -1.57775041e+01 -5.89665686e+02 1.55680990e+01 1.16877154e+01 -1.79124590e+01 6.01722696e+00 2.61565372e+01 -3.59154565e+01 1.20532780e+01 2.23795125e+00 3.15741436e+00 7.08792384e-01
1.93050237e+00 1.18456600e+06 3.57877961e+02 1.18354235e+02 -1.54702092e+01 -5.95899091e+02 1.55464829e+01 1.16660992e+01 -1.78122934e+01 5.80545350e+00 2.61217436e+01 -3.57640797e+01 1.18638216e+01 2.23911551e+00 3.18514398e+00 7.02987219e-01
1.93364217e+00 1.17869400e+06 3.58216719e+02 1.18692993e+02 -1.55276216e+01 -6.00214222e+02 1.55096687e+01 1.16292850e+01 -1.77416414e+01 5.62049653e+00 2.60649733e+01 -3.58106312e+01 1.20598234e+01 2.24132209e+00 3.19474378e+00 7.01565521e-01
1.93678368e+00 1.17476800e+06 3.58815821e+02 1.19292095e+02 -1.63258056e+01 -6.03942496e+02 1.55100361e+01 1.16296525e+01 -1.77036776e+01 5.53042567e+00 2.59348350e+01 -3.57148599e+01 1.20592851e+01 2.23006105e+00 3.20274576e+00 6.96296622e-01
1.93992533e+00 1.16665800e+06 3.59567042e+02 1.20043316e+02 -1.59542740e+01 -6.10514441e+02 1.54675496e+01 1.15871659e+01 -1.75698153e+01 5.21084554e+00 2.59366626e+01 -3.56614651e+01 1.18077515e+01 2.23839572e+00 3.21869911e+00 6.95434910e-01
1.94306853e+00 1.16420200e+06 3.59464106e+02 1.19940380e+02 -1.48153104e+01 -6.15432558e+02 1.54139906e+01 1.15336070e+01 -1.74906869e+01 5.15065250e+00 2.56676828e+01 -3.52926198e+01 1.16787991e+01 2.22546883e+00 3.22478033e+00 6.90114862e-01
1.94620973e+00 1.15420200e+06 3.60083338e+02 1.20559611e+02 -1.54682660e+01 -6.20419656e+02 1.53910100e+01 1.15106263e+01 -1.74241916e+01 4.95644098e+00 2.56599064e+01 -3.52647906e+01 1.16164705e+01 2.22923633e+00 3.23631989e+00 6.88818289e-01
1.94935187e+00 1.15154800e+06 3.60365891e+02 1.20842165e+02 -1.56091430e+01 -6.24482999e+02 1.53824368e+01 1.15020531e+01 -1.73780739e+01 4.83735584e+00 2.55202461e+01 -3.51397808e+01 1.15779075e+01 2.21875573e+00 3.24131743e+00 6.84522814e-01
1.95249573e+00 1.14506200e+06 3.62129348e+02 1.22605621e+02 -1.51933452e+01 -6.30116722e+02 1.54184159e+01 1.15380323e+01 -1.74091703e+01 4.78740535e+00 2.56232287e+01 -3.52954436e+01 1.18421160e+01 2.22076245e+00 3.25978770e+00 6.81259839e-01
1.95563542e+00 1.13551800e+06 3.61768159e+02 1.22244433e+02 -1.59059867e+01 -6.33281494e+02 1.52850033e+01 1.14046196e+01 -1.71765462e+01 4.47574336e+00 2.54068120e+01 -3.50677562e+01 1.16591818e+01 2.22776497e+00 3.27396584e+00 6.80448445e-01
1.95877490e+00 1.13372200e+06 3.63358299e+02 1.23834573e+02 -1.57357853e+01 -6.39460176e+02 1.53259290e+01 1.14455453e+01 -1.72156126e+01 4.46295231e+00 2.54092783e+01 -3.50558011e+01 1.17009695e+01 2.22001464e+00 3.28929413e+00 6.74921292e-01
1.96191800e+00 1.12557000e+06 3.64476639e+02 1.24952912e+02 -1.45183115e+01 -6.47088497e+02 1.52709965e+01 1.13906128e+01 -1.70499431e+01 4.10919706e+00 2.53414843e+01 -3.48558452e+01 1.13890904e+01 2.22476918e+00 3.31207107e+00 6.71715411e-01
1.96506073e+00 1.12103200e+06 3.64534518e+02 1.25010791e+02 -1.49329200e+01 -6.50083331e+02 1.52667079e+01 1.13863242e+01 -1.70128561e+01 3.99448156e+00 2.51913611e+01 -3.46852746e+01 1.11791415e+01 2.21242261e+00 3.31346189e+00 6.67707275e-01
1.96819909e+00 1.11157800e+06 3.65194188e+02 1.25670461e+02 -1.59599709e+01 -6.52938986e+02 1.52608425e+01 1.13804588e+01 -1.69879894e+01 3.91561584e+00 2.52868566e+01 -3.48432740e+01 1.12619409e+01 2.22195406e+00 3.32304881e+00 6.68649242e-01
1.97134152e+00 1.11037000e+06 3.65792870e+02 1.26269144e+02 -1.53669411e+01 -6.58557744e+02 1.51843218e+01 1.13039382e+01 -1.67990487e+01 3.61313067e+00 2.50811592e+01 -3.44811504e+01 1.10055075e+01 2.21879834e+00 3.34220998e+00 6.63871614e-01
1.97448738e+00 1.10259400e+06 3.66692563e+02 1.27168837e+02 -1.50829874e+01 -6.63906267e+02 1.51754380e+01 1.12950543e+01 -1.67897010e+01 3.56208656e+00 2.50717083e+01 -3.44999343e+01 1.10996604e+01 2.21970675e+00 3.35541458e+00 6.61529803e-01
1.97762961e+00 1.09512000e+06 3.67669936e+02 1.28146210e+02 -1.59975530e+01 -6.68448947e+02 1.51602571e+01 1.12798734e+01 -1.66746866e+01 3.29451049e+00 2.49032669e+01 -3.44589940e+01 1.11713334e+01 2.20776121e+00 3.37054997e+00 6.55015124e-01
1.98076859e+00 1.08818200e+06 3.68413754e+02 1.28890028e+02 -1.52750814e+01 -6.73836443e+02 1.51797905e+01 1.12994068e+01 -1.67624200e+01 3.35714530e+00 2.49146916e+01 -3.43878758e+01 1.11115481e+01 2.20495571e+00 3.37739484e+00 6.52856955e-01
1.98391011e+00 1.08468600e+06 3.69302447e+02 1.29778720e+02 -1.46507756e+01 -6.80696355e+02 1.51078089e+01 1.12274252e+01 -1.65251600e+01 2.96692355e+00 2.47430145e+01 -3.40084722e+01 1.05957642e+01 2.20380132e+00 3.39986488e+00 6.48202618e-01
1.98705278e+00 1.07560600e+06 3.69720772e+02 1.30197046e+02 -1.53236577e+01 -6.82838098e+02 1.51089628e+01 1.12285791e+01 -1.65504629e+01 2.96726762e+00 2.48052178e+01 -3.42180076e+01 1.09377313e+01 2.20911458e+00 3.40516503e+00 6.48754044e-01
1.99019236e+00 1.07137000e+06 3.70090044e+02 1.30566318e+02 -1.51572476e+01 -6.87448518e+02 1.51247292e+01 1.12443455e+01 -1.65453427e+01 2.84787357e+00 2.46578257e+01 -3.40621419e+01 1.08169823e+01 2.19290894e+00 3.40759904e+00 6.43534909e-01
1.99333230e+00 1.06249200e+06 3.71593655e+02 1.32069929e+02 -1.40756962e+01 -6.95769655e+02 1.50381546e+01 1.11577710e+01 -1.63517840e+01 2.58680243e+00 2.46037550e+01 -3.36725895e+01 1.03376062e+01 2.20507797e+00 3.44043416e+00 6.40930148e-01
1.99647481e+00 1.06070200e+06 3.73168074e+02 1.33644348e+02 -1.39267677e+01 -7.00667236e+02 1.51153301e+01 1.12349464e+01 -1.64986028e+01 2.67396870e+00 2.46141690e+01 -3.39523853e+01 1.08606994e+01 2.19085772e+00 3.44897301e+00 6.35220313e-01
1.99961754e+00 1.05017400e+06 3.72695872e+02 1.33172145e+02 -1.38197365e+01 -7.04229485e+02 1.49880250e+01 1.11076413e+01 -1.61746542e+01 2.19330768e+00 2.42817547e+01 -3.35552533e+01 1.05226134e+01 2.18604059e+00 3.46254778e+00 6.31338750e-01
2.00275786e+00 1.04591800e+06 3.74405956e+02 1.34882230e+02 -1.35295850e+01 -7.10075228e+02 1.50209291e+01 1.11405454e+01 -1.62028387e+01 2.13693336e+00 2.45084198e+01 -3.37134138e+01 1.05917506e+01 2.19992997e+00 3.47955850e+00 6.32243997e-01
2.00589922e+00 1.03902600e+06 3.75827604e+02 1.36303877e+02 -1.44159023e+01 -7.14733860e+02 1.49887762e+01 1.11083925e+01 -1.61050797e+01 1.94011765e+00 2.43776224e+01 -3.35938459e+01 1.04928510e+01 2.19452296e+00 3.50290611e+00 6.26486377e-01
2.00904186e+00 1.03286200e+06 3.75821883e+02 1.36298157e+02 -1.43997335e+01 -7.19295414e+02 1.49893675e+01 1.11089838e+01 -1.61017457e+01 1.90127056e+00 2.43329456e+01 -3.36357118e+01 1.06289096e+01 2.19038448e+00 3.50273938e+00 6.25334700e-01
2.01218285e+00 1.02586000e+06 3.76726613e+02 1.37202887e+02 -1.29576523e+01 -7.26219872e+02 1.49652300e+01 1.10848464e+01 -1.60356032e+01 1.74319936e+00 2.41681706e+01 -3.33434777e+01 1.04234261e+01 2.18028918e+00 3.51816971e+00 6.19722571e-01
2.01532198e+00 1.01871000e+06 3.78053607e+02 1.38529881e+02 -1.35164793e+01 -7.32280489e+02 1.49049163e+01 1.10245326e+01 -1.58322395e+01 1.37521244e+00 2.40823492e+01 -3.32146560e+01 1.02042633e+01 2.18443267e+00 3.54479918e+00 6.16235944e-01
2.01846435e+00 1.01456800e+06 3.79524536e+02 1.40000810e+02 -1.49454300e+01 -7.33825954e+02 1.49985535e+01 1.11181698e+01 -1.60555181e+01 1.63006275e+00 2.42687851e+01 -3.37099483e+01 1.08905201e+01 2.18280397e+00 3.54853116e+00 6.15128871e-01
2.02160908e+00 1.00779600e+06 3.79567148e+02 1.40043422e+02 -1.37086880e+01 -7.40319113e+02 1.48938189e+01 1.10134352e+01 -1.57762369e+01 1.21363106e+00 2.40481203e+01 -3.31732377e+01 1.02891862e+01 2.18352583e+00 3.56590654e+00 6.12334005e-01
2.02475151e+00 9.99340000e+05 3.81034294e+02 1.41510568e+02 -1.39856528e+01 -7.45747585e+02 1.49378104e+01 1.10574267e+01 -1.58565505e+01 1.21401493e+00 2.40673819e+01 -3.32123927e+01 1.03388939e+01 2.17658074e+00 3.57739918e+00 6.08425459e-01
2.02789095e+00 9.93780000e+05 3.81911564e+02 1.42387838e+02 -1.44256999e+01 -7.50042105e+02 1.49016839e+01 1.10213002e+01 -1.57599736e+01 1.02115984e+00 2.39802700e+01 -3.30925877e+01 1.01877185e+01 2.17581135e+00 3.59434725e+00 6.05342555e-01
2.03103040e+00 9.85300000e+05 3.82720336e+02 1.43196610e+02 -1.33004959e+01 -7.55999058e+02 1.48267161e+01 1.09463324e+01 -1.55407827e+01 6.50896002e-01 2.37833935e+01 -3.29124531e+01 1.01497124e+01 2.17272714e+00 3.61686295e+00 6.00721446e-01
2.03417393e+00 9.83464000e+05 3.83360140e+02 1.43836414e+02 -1.42056381e+01 -7.58901522e+02 1.49646328e+01 1.10842491e+01 -1.57694952e+01 8.41235251e-01 2.39754985e+01 -3.31737577e+01 1.03556931e+01 2.16302415e+00 3.60231167e+00 6.00454471e-01
2.03731551e+00 9.71214000e+05 3.84802620e+02 1.45278894e+02 -1.38824352e+01 -7.65095430e+02 1.48138580e+01 1.09334743e+01 -1.54988663e+01 5.42264596e-01 2.36262133e+01 -3.27547790e+01 1.01523185e+01 2.16090628e+00 3.64520677e+00 5.92807602e-01
2.04045542e+00 9.68356000e+05 3.86003238e+02 1.46479511e+02 -1.40067761e+01 -7.70102743e+02 1.48752176e+01 1.09948339e+01 -1.55582938e+01 4.54086570e-01 2.37273429e+01 -3.28798675e+01 1.02677361e+01 2.15804469e+00 3.65001043e+00 5.91243432e-01
2.04360060e+00 9.62040000e+05 3.86255924e+02 1.46732198e+02 -1.41253822e+01 -7.74251953e+02 1.48776512e+01 1.09972675e+01 -1.55428662e+01 4.09082569e-01 2.36714263e+01 -3.27387936e+01 1.01231847e+01 2.15248254e+00 3.65275309e+00 5.89276768e-01
2.04674341e+00 9.52462000e+05 3.88004395e+02 1.48480669e+02 -1.40384887e+01 -7.81311056e+02 1.48039264e+01 1.09235427e+01 -1.53342826e+01 1.47796481e-02 2.36397690e+01 -3.28176886e+01 1.00763212e+01 2.16411192e+00 3.68683076e+00 5.86984339e-01
2.04988219e+00 9.47110000e+05 3.89420692e+02 1.49896966e+02 -1.44097256e+01 -7.84995764e+02 1.48706857e+01 1.09903020e+01 -1.54089210e+01 3.11574205e-02 2.35723258e+01 -3.26934735e+01 1.01974448e+01 2.14482966e+00 3.69310459e+00 5.80766022e-01
2.05302458e+00 9.40842000e+05 3.89646648e+02 1.50122922e+02 -1.40195098e+01 -7.90396030e+02 1.47930981e+01 1.09127144e+01 -1.52121542e+01 -2.80975398e-01 2.34509497e+01 -3.24922596e+01 9.86954970e+00 2.14895661e+00 3.70900236e+00 5.79389387e-01
2.05616728e+00 9.33076000e+05 3.91741396e+02 1.52217670e+02 -1.33937947e+01 -7.98045951e+02 1.48477637e+01 1.09673800e+01 -1.53172662e+01 -2.29422498e-01 2.34255860e+01 -3.26237391e+01 1.01899672e+01 2.13593273e+00 3.72547016e+00 5.73332396e-01
2.05930946e+00 9.28062000e+05 3.92305370e+02 1.52781644e+02 -1.42947287e+01 -8.00531232e+02 1.48082706e+01 1.09278869e+01 -1.52095452e+01 -4.47716560e-01 2.34162588e+01 -3.26104482e+01 1.00966275e+01 2.14279841e+00 3.73910355e+00 5.73078114e-01
2.06244947e+00 9.17152000e+05 3.93768526e+02 1.54244800e+02 -1.43564658e+01 -8.07285407e+02 1.47980789e+01 1.09176952e+01 -1.51280464e+01 -6.72546013e-01 2.33293636e+01 -3.23200793e+01 9.63618600e+00 2.13683961e+00 3.75871834e+00 5.68502190e-01
2.06558772e+00 9.14124000e+05 3.95813544e+02 1.56289817e+02 -1.30426817e+01 -8.14797301e+02 1.48786285e+01 1.09982448e+01 -1.52760037e+01 -5.42363357e-01 2.33786236e+01 -3.25613676e+01 1.00541770e+01 2.12566859e+00 3.76967275e+00 5.63886770e-01
2.06873078e+00 9.05692000e+05 3.96666525e+02 1.57142798e+02 -1.24062619e+01 -8.23392121e+02 1.47283096e+01 1.08479259e+01 -1.48322976e+01 -1.25948312e+00 2.31845172e+01 -3.20527866e+01 9.29366122e+00 2.13723042e+00 3.80604472e+00 5.61535813e-01
2.07187300e+00 8.99860000e+05 3.97672326e+02 1.58148599e+02 -1.25171574e+01 -8.25467203e+02 1.48650378e+01 1.09846541e+01 -1.51512654e+01 -8.53361369e-01 2.32080891e+01 -3.23372616e+01 9.99157368e+00 2.11277378e+00 3.79436829e+00 5.56818320e-01
2.07501490e+00 8.92248000e+05 3.99749567e+02 1.60225841e+02 -1.40445648e+01 -8.30865361e+02 1.48012414e+01 1.09208578e+01 -1.49241801e+01 -1.29945752e+00 2.32360626e+01 -3.23142398e+01 9.76079667e+00 2.12767744e+00 3.83034510e+00 5.55479305e-01
2.07815670e+00 8.84902000e+05 4.01137543e+02 1.61613816e+02 -1.37530597e+01 -8.37035134e+02 1.48156439e+01 1.09352602e+01 -1.49388827e+01 -1.31622848e+00 2.32308263e+01 -3.22951803e+01 9.79379363e+00 2.12439630e+00 3.84436560e+00 5.52599966e-01
2.08129805e+00 8.79078000e+05 4.00450883e+02 1.60927157e+02 -1.46520585e+01 -8.37911788e+02 1.48601279e+01 1.09797442e+01 -1.50355918e+01 -1.30099055e+00 2.31791224e+01 -3.23264624e+01 9.84992655e+00 2.11108036e+00 3.82841102e+00 5.51424690e-01
2.08444092e+00 8.70886000e+05 4.02842389e+02 1.63318662e+02 -1.19956477e+01 -8.49087772e+02 1.47480987e+01 1.08677150e+01 -1.47279391e+01 -1.75575575e+00 2.30248707e+01 -3.17791670e+01 9.18430053e+00 2.11864874e+00 3.87658032e+00 5.46525176e-01
2.08758106e+00 8.64246000e+05 4.03805122e+02 1.64281396e+02 -1.39966386e+01 -8.50472691e+02 1.48524325e+01 1.09720488e+01 -1.48880446e+01 -1.65406138e+00 2.30529812e+01 -3.20250780e+01 9.56942427e+00 2.10106441e+00 3.86945969e+00 5.42986509e-01
2.09072429e+00 8.58064000e+05 4.06064152e+02 1.66540425e+02 -1.34198889e+01 -8.59055768e+02 1.47984155e+01 1.09180318e+01 -1.46713280e+01 -2.06188053e+00 2.30508312e+01 -3.20532314e+01 9.51373668e+00 2.11126251e+00 3.90559906e+00 5.40573284e-01
2.09386939e+00 8.50816000e+05 4.07235164e+02 1.67711438e+02 -1.30870415e+01 -8.64541569e+02 1.48272039e+01 1.09468202e+01 -1.47565550e+01 -1.97628158e+00 2.30289561e+01 -3.18936371e+01 9.32615060e+00 2.10371191e+00 3.91414895e+00 5.37463428e-01
2.09700872e+00 8.41644000e+05 4.08827583e+02 1.69303857e+02 -1.39845568e+01 -8.69731343e+02 1.48568643e+01 1.09764806e+01 -1.47206599e+01 -2.19482019e+00 2.29663134e+01 -3.19877693e+01 9.57160108e+00 2.09232032e+00 3.92737045e+00 5.32753492e-01
2.10014679e+00 8.34970000e+05 4.09256835e+02 1.69733109e+02 -1.25242963e+01 -8.76263516e+02 1.47683243e+01 1.08879406e+01 -1.44871674e+01 -2.55131292e+00 2.28611211e+01 -3.16147497e+01 8.94663046e+00 2.09967357e+00 3.94830244e+00 5.31791474e-01
2.10329010e+00 8.30718000e+05 4.12362191e+02 1.72838465e+02 -1.34830609e+01 -8.82709456e+02 1.48401162e+01 1.09597325e+01 -1.46388721e+01 -2.40340974e+00 2.29851969e+01 -3.19096273e+01 9.35399400e+00 2.09724068e+00 3.97118594e+00 5.28114449e-01
2.10643032e+00 8.18782000e+05 4.12568811e+02 1.73045085e+02 -1.33131768e+01 -8.87921148e+02 1.47687949e+01 1.08884112e+01 -1.43449199e+01 -3.00556067e+00 2.27253774e+01 -3.14457353e+01 8.77838124e+00 2.08711601e+00 3.98655148e+00 5.23539209e-01
2.10956908e+00 8.15484000e+05 4.14895150e+02 1.75371423e+02 -1.34842249e+01 -8.92810806e+02 1.48427796e+01 1.09623959e+01 -1.45029977e+01 -2.80393745e+00 2.28518198e+01 -3.18547073e+01 9.48976989e+00 2.08456436e+00 3.99969313e+00 5.21181074e-01
2.11271308e+00 8.07460000e+05 4.16041799e+02 1.76518073e+02 -1.34835367e+01 -9.00390114e+02 1.48144499e+01 1.09340662e+01 -1.43794226e+01 -3.11121405e+00 2.28322455e+01 -3.17104826e+01 9.04563406e+00 2.08817517e+00 4.01794271e+00 5.19712531e-01
2.11585675e+00 7.99936000e+05 4.17951368e+02 1.78427642e+02 -1.24168443e+01 -9.07982074e+02 1.47651112e+01 1.08847275e+01 -1.41954736e+01 -3.43644952e+00 2.25966130e+01 -3.13506542e+01 9.02591712e+00 2.07599253e+00 4.04876236e+00 5.12747439e-01
2.11899503e+00 7.91196000e+05 4.19742931e+02 1.80219205e+02 -1.33363574e+01 -9.14185035e+02 1.48403043e+01 1.09599206e+01 -1.43265490e+01 -3.31605205e+00 2.27187186e+01 -3.16864367e+01 9.29558472e+00 2.07289079e+00 4.05505576e+00 5.11186755e-01
2.12213389e+00 7.85128000e+05 4.20305795e+02 1.80782069e+02 -1.27769731e+01 -9.19982866e+02 1.47140577e+01 1.08336740e+01 -1.39632082e+01 -3.94964333e+00 2.26157995e+01 -3.10630934e+01 8.27099913e+00 2.08754661e+00 4.08497868e+00 5.11029990e-01
2.12528033e+00 7.80168000e+05 4.23059353e+02 1.83535627e+02 -1.24266581e+01 -9.26623897e+02 1.49645499e+01 1.10841663e+01 -1.45181925e+01 -3.30299227e+00 2.27514385e+01 -3.18014710e+01 9.42576940e+00 2.05260711e+00 4.06919661e+00 5.04425641e-01
2.12842387e+00 7.69432000e+05 4.24141415e+02 1.84617689e+02 -1.20659024e+01 -9.33816920e+02 1.48011345e+01 1.09207508e+01 -1.40307204e+01 -4.11262342e+00 2.26319239e+01 -3.13517621e+01 8.61009709e+00 2.07237801e+00 4.11159573e+00 5.04032534e-01
2.13156355e+00 7.62898000e+05 4.26609599e+02 1.87085873e+02 -1.23142904e+01 -9.41138676e+02 1.48857537e+01 1.10053700e+01 -1.40931050e+01 -4.13319220e+00 2.27046699e+01 -3.14436909e+01 8.63402218e+00 2.06305376e+00 4.12304593e+00 5.00371277e-01
2.13470343e+00 7.55670000e+05 4.28439428e+02 1.88915702e+02 -1.25862906e+01 -9.47371961e+02 1.49181602e+01 1.10377765e+01 -1.41520171e+01 -4.17509650e+00 2.26316526e+01 -3.13872031e+01 8.70739437e+00 2.05038148e+00 4.13707343e+00 4.95611576e-01
2.13784584e+00 7.48084000e+05 4.28565274e+02 1.89041548e+02 -1.09794108e+01 -9.54489838e+02 1.47903818e+01 1.09099981e+01 -1.38188350e+01 -4.67260821e+00 2.24483898e+01 -3.09324780e+01 7.98860202e+00 2.05759795e+00 4.16261548e+00 4.94304113e-01
2.14098621e+00 7.40802000e+05 4.29922558e+02 1.90398832e+02 -1.20537592e+01 -9.57658828e+02 1.49054563e+01 1.10250726e+01 -1.39449299e+01 -4.67342127e+00 2.24422370e+01 -3.10251612e+01 8.30034432e+00 2.03556364e+00 4.15567342e+00 4.89827625e-01
2.14412676e+00 7.32814000e+05 4.32430692e+02 1.92906965e+02 -1.21430557e+01 -9.66804421e+02 1.47728948e+01 1.08925111e+01 -1.35850332e+01 -5.27838797e+00 2.22994127e+01 -3.07883669e+01 7.85350006e+00 2.04722423e+00 4.20833155e+00 4.86469329e-01
2.14727026e+00 7.26930000e+05 4.33823557e+02 1.94299831e+02 -1.19346296e+01 -9.71763462e+02 1.48779228e+01 1.09975391e+01 -1.37989925e+01 -5.05567189e+00 2.22846742e+01 -3.08801402e+01 8.29685351e+00 2.02633279e+00 4.20328128e+00 4.82083558e-01
2.15041287e+00 7.17988000e+05 4.36072056e+02 1.96548330e+02 -1.20615366e+01 -9.81811914e+02 1.48494816e+01 1.09690980e+01 -1.36385513e+01 -5.38655161e+00 2.23625466e+01 -3.08320190e+01 7.79568637e+00 2.03868602e+00 4.23300929e+00 4.81616239e-01
2.15355492e+00 7.10638000e+05 4.38377732e+02 1.98854006e+02 -1.21858473e+01 -9.88994354e+02 1.48672035e+01 1.09868198e+01 -1.36735793e+01 -5.45384244e+00 2.23782773e+01 -3.08148081e+01 7.76913223e+00 2.03682938e+00 4.25432997e+00 4.78766196e-01
2.15669546e+00 7.03290000e+05 4.39548044e+02 2.00024318e+02 -1.15589180e+01 -9.94176199e+02 1.49404322e+01 1.10600485e+01 -1.37659770e+01 -5.40567997e+00 2.22790361e+01 -3.07206522e+01 7.76408871e+00 2.01437056e+00 4.25268174e+00 4.73670658e-01
2.15983399e+00 6.93670000e+05 4.39904140e+02 2.00380414e+02 -1.17772868e+01 -1.00061432e+03 1.47026552e+01 1.08222715e+01 -1.31222685e+01 -6.46236584e+00 2.20489048e+01 -3.02239298e+01 7.09126666e+00 2.03736385e+00 4.30297102e+00 4.73478403e-01
2.16297630e+00 6.89790000e+05 4.44150550e+02 2.04626823e+02 -1.21206941e+01 -1.00957311e+03 1.49821190e+01 1.11017353e+01 -1.36657831e+01 -5.85451784e+00 2.23091897e+01 -3.07576011e+01 7.77557675e+00 2.00952276e+00 4.29324672e+00 4.68065985e-01
2.16612082e+00 6.79972000e+05 4.44942088e+02 2.05418362e+02 -1.16119720e+01 -1.01785820e+03 1.47696373e+01 1.08892536e+01 -1.30991948e+01 -6.72830672e+00 2.19551781e+01 -3.01666385e+01 7.12669109e+00 2.01622434e+00 4.34330747e+00 4.64214047e-01
2.16926222e+00 6.72132000e+05 4.48093537e+02 2.08569811e+02 -1.18714665e+01 -1.02613908e+03 1.48921439e+01 1.10117603e+01 -1.32707990e+01 -6.65714853e+00 2.22769714e+01 -3.04477787e+01 7.15145591e+00 2.02301638e+00 4.35208481e+00 4.64838456e-01
2.17240467e+00 6.65974000e+05 4.47857860e+02 2.08334134e+02 -1.23531327e+01 -1.02887921e+03 1.48386832e+01 1.09582995e+01 -1.31475068e+01 -6.90945720e+00 2.21428762e+01 -3.01595502e+01 6.51032839e+00 2.02064893e+00 4.36022231e+00 4.63427960e-01
2.17554535e+00 6.54988000e+05 4.50308944e+02 2.10785218e+02 -1.16564498e+01 -1.03903525e+03 1.47220656e+01 1.08416819e+01 -1.27818551e+01 -7.52402433e+00 2.18703367e+01 -2.98082317e+01 6.45841136e+00 2.01724574e+00 4.40932129e+00 4.57495749e-01
2.17868486e+00 6.50784000e+05 4.52342317e+02 2.12818590e+02 -1.22953870e+01 -1.04440601e+03 1.48911342e+01 1.10107505e+01 -1.30935849e+01 -7.19323503e+00 2.19057531e+01 -3.00516430e+01 6.73800095e+00 1.98948773e+00 4.39639110e+00 4.52527468e-01
2.18182967e+00 6.41398000e+05 4.54426104e+02 2.14902377e+02 -1.20381810e+01 -1.05435393e+03 1.47607995e+01 1.08804158e+01 -1.26455076e+01 -8.05326959e+00 2.19394635e+01 -2.96779775e+01 5.81604077e+00 2.01641774e+00 4.44424367e+00 4.53714487e-01
2.18497371e+00 6.34296000e+05 4.56836699e+02 2.17312973e+02 -1.32927444e+01 -1.06136234e+03 1.48494602e+01 1.09690766e+01 -1.27860093e+01 -7.99859907e+00 2.19089581e+01 -2.98183641e+01 6.09292695e+00 1.99733843e+00 4.45100203e+00 4.48739051e-01
2.18811328e+00 6.24736000e+05 4.58396146e+02 2.18872420e+02 -1.12007998e+01 -1.06997136e+03 1.47297559e+01 1.08493723e+01 -1.24903523e+01 -8.42325923e+00 2.17094385e+01 -2.95908862e+01 6.08272707e+00 2.00098568e+00 4.49151873e+00 4.45503136e-01
2.19124968e+00 6.16776000e+05 4.60218161e+02 2.20694435e+02 -1.05954800e+01 -1.08178596e+03 1.46404821e+01 1.07600984e+01 -1.21569167e+01 -9.06771814e+00 2.15075633e+01 -2.88274232e+01 4.76094926e+00 1.99882590e+00 4.52884618e+00 4.41354336e-01
2.19439249e+00 6.11902000e+05 4.61622290e+02 2.22098564e+02 -1.19531374e+01 -1.08599477e+03 1.48104310e+01 1.09300474e+01 -1.24939765e+01 -8.74802328e+00 2.16239825e+01 -2.92209035e+01 5.35339256e+00 1.97839788e+00 4.50777108e+00 4.38886057e-01
2.19753435e+00 6.00382000e+05 4.63139577e+02 2.23615850e+02 -9.89774394e+00 -1.09895120e+03 1.45511826e+01 1.06707989e+01 -1.17950861e+01 -9.85230618e+00 2.13192488e+01 -2.83254054e+01 4.00647631e+00 1.99790560e+00 4.57775794e+00 4.36437581e-01
2.20067398e+00 5.94930000e+05 4.66220174e+02 2.26696448e+02 -1.05182334e+01 -1.10517934e+03 1.47713849e+01 1.08910012e+01 -1.21755882e+01 -9.46288963e+00 2.14567936e+01 -2.85128730e+01 4.25101214e+00 1.97013968e+00 4.56234849e+00 4.31825777e-01
2.20381420e+00 5.85712000e+05 4.68428802e+02 2.28905076e+02 -9.21850901e+00 -1.11816085e+03 1.46769103e+01 1.07965266e+01 -1.19106880e+01 -9.99042700e+00 2.13073268e+01 -2.83825315e+01 4.05307046e+00 1.97353534e+00 4.60453398e+00 4.28606966e-01
2.20695793e+00 5.78778000e+05 4.69502804e+02 2.29979078e+02 -1.11352608e+01 -1.12243681e+03 1.45864118e+01 1.07060281e+01 -1.16153101e+01 -1.05182816e+01 2.12947835e+01 -2.81260639e+01 3.48364767e+00 1.98904609e+00 4.63478907e+00 4.29155689e-01
2.21010158e+00 5.71066000e+05 4.72525187e+02 2.33001461e+02 -1.20065212e+01 -1.12976803e+03 1.47099411e+01 1.08295575e+01 -1.18069976e+01 -1.04218557e+01 2.13184946e+01 -2.84204684e+01 3.99437522e+00 1.96854717e+00 4.63846162e+00 4.24396563e-01
2.21324016e+00 5.59918000e+05 4.71666869e+02 2.32143143e+02 -9.93703147e+00 -1.13926060e+03 1.43089257e+01 1.04285420e+01 -1.08201295e+01 -1.19097163e+01 2.08108157e+01 -2.72751544e+01 2.32945517e+00 1.99556330e+00 4.71808903e+00 4.22960077e-01
2.21638299e+00 5.57052000e+05 4.77409278e+02 2.37885552e+02 -1.16556057e+01 -1.14886674e+03 1.47065637e+01 1.08261800e+01 -1.16479537e+01 -1.09179574e+01 2.12518982e+01 -2.81559538e+01 3.43268346e+00 1.96300987e+00 4.68755537e+00 4.18770493e-01
2.21952670e+00 5.43940000e+05 4.76201192e+02 2.36677466e+02 -8.34813325e+00 -1.16159865e+03 1.43027915e+01 1.04224079e+01 -1.06048061e+01 -1.25532556e+01 2.06985581e+01 -2.66706903e+01 1.16559166e+00 1.98596700e+00 4.76534582e+00 4.16751915e-01
2.22266807e+00 5.39346000e+05 4.78681509e+02 2.39157783e+02 -9.42960532e+00 -1.16845858e+03 1.45144423e+01 1.06340586e+01 -1.09367105e+01 -1.22964098e+01 2.08563193e+01 -2.69096088e+01 1.36630605e+00 1.96127555e+00 4.74234051e+00 4.13567004e-01
2.22580862e+00 5.28796000e+05 4.80034171e+02 2.40510445e+02 -1.00108746e+01 -1.17670746e+03 1.42543421e+01 1.03739584e+01 -1.03672366e+01 -1.30852048e+01 2.04902249e+01 -2.62846848e+01 8.06660802e-01 1.97515972e+00 4.81498256e+00 4.10211190e-01
2.22895075e+00 5.22078000e+05 4.80583091e+02 2.41059365e+02 -9.65903138e+00 -1.18587055e+03 1.41263667e+01 1.02459830e+01 -9.93851172e+00 -1.39097872e+01 2.02767316e+01 -2.54996470e+01 -6.66162824e-01 1.97899329e+00 4.85048526e+00 4.07999032e-01
2.23209475e+00 5.14198000e+05 4.82654960e+02 2.43131234e+02 -7.48239237e+00 -1.19593321e+03 1.43074932e+01 1.04271095e+01 -1.03337900e+01 -1.34843310e+01 2.03880198e+01 -2.57339268e+01 -2.97870491e-01 1.95528970e+00 4.82879103e+00 4.04923239e-01
2.23523510e+00 5.03710000e+05 4.82665756e+02 2.43142030e+02 -9.48545587e+00 -1.20439513e+03 1.38514343e+01 9.97105058e+00 -9.15037558e+00 -1.52816169e+01 1.97616474e+01 -2.41794600e+01 -2.50182222e+00 1.98190224e+00 4.93809635e+00 4.01349446e-01
2.23837402e+00 4.97652000e+05 4.86625424e+02 2.47101698e+02 -8.94656807e+00 -1.21456479e+03 1.41356840e+01 1.02553004e+01 -9.77331401e+00 -1.45310750e+01 1.99222824e+01 -2.48979952e+01 -1.36707976e+00 1.94263275e+00 4.90866815e+00 3.95755569e-01
2.24151800e+00 4.88908000e+05 4.85312804e+02 2.45789078e+02 -9.31861380e+00 -1.22129004e+03 1.37133545e+01 9.83297079e+00 -8.73681076e+00 -1.61726182e+01 1.93741735e+01 -2.37624692e+01 -2.88220282e+00 1.97032757e+00 4.99964209e+00 3.94093724e-01
2.24466167e+00 4.80288000e+05 4.88148486e+02 2.48624760e+02 -8.48381086e+00 -1.23457383e+03 1.37486908e+01 9.86830714e+00 -8.80774927e+00 -1.61368101e+01 1.94801205e+01 -2.34584478e+01 -3.73158134e+00 1.97400833e+00 5.01938906e+00 3.93276614e-01
2.24779956e+00 4.71538000e+05 4.88939697e+02 2.49415971e+02 -8.39403071e+00 -1.24383175e+03 1.35911826e+01 9.71079887e+00 -8.33323889e+00 -1.70254273e+01 1.91141090e+01 -2.28178757e+01 -4.56371563e+00 1.96833539e+00 5.06797717e+00 3.88386790e-01
2.25093546e+00 4.62360000e+05 4.89150294e+02 2.49626567e+02 -8.12904137e+00 -1.25490564e+03 1.33001670e+01 9.41978327e+00 -7.54588161e+00 -1.82906795e+01 1.87360259e+01 -2.18771693e+01 -5.99491895e+00 1.98900817e+00 5.14783890e+00 3.86377315e-01
2.25407758e+00 4.56976000e+05 4.90584854e+02 2.51061127e+02 -7.29919157e+00 -1.26415483e+03 1.33525053e+01 9.47212158e+00 -7.71854213e+00 -1.80988562e+01 1.85690009e+01 -2.18477154e+01 -5.70373361e+00 1.96038456e+00 5.14832678e+00 3.80780910e-01
2.25722323e+00 4.46398000e+05 4.89317908e+02 2.49794182e+02 -6.74141102e+00 -1.27191142e+03 1.28706700e+01 8.99028628e+00 -6.55500709e+00 -1.98029023e+01 1.79647641e+01 -2.02738560e+01 -7.83580037e+00 1.99824161e+00 5.27113815e+00 3.79091109e-01
2.26036195e+00 4.38312000e+05 4.90883725e+02 2.51359999e+02 -6.32351206e+00 -1.28324359e+03 1.28914042e+01 9.01102056e+00 -6.50420918e+00 -2.00696876e+01 1.77778004e+01 -1.98376755e+01 -8.41432303e+00 1.97289533e+00 5.28154631e+00 3.73545022e-01
2.26350189e+00 4.30156000e+05 4.89902587e+02 2.50378861e+02 -8.65791728e+00 -1.28936598e+03 1.25066212e+01 8.62623756e+00 -5.68840787e+00 -2.12446541e+01 1.72479918e+01 -1.87131389e+01 -9.94590759e+00 1.99948026e+00 5.38751041e+00 3.71132510e-01
2.26664654e+00 4.22088000e+05 4.90773409e+02 2.51249683e+02 -7.58089004e+00 -1.30161539e+03 1.23799664e+01 8.49958269e+00 -5.24421275e+00 -2.21339853e+01 1.71733112e+01 -1.80082903e+01 -1.15618637e+01 2.02048875e+00 5.43693273e+00 3.71622908e-01
2.26978949e+00 4.13146000e+05 4.89920813e+02 2.50397087e+02 -6.82834797e+00 -1.31030710e+03 1.21661577e+01 8.28577399e+00 -4.78885110e+00 -2.28762998e+01 1.66742270e+01 -1.70446811e+01 -1.26852134e+01 2.01239221e+00 5.49728300e+00 3.66070331e-01
2.27292858e+00 4.04056000e+05 4.89448993e+02 2.49925266e+02 -6.04221701e+00 -1.32328870e+03 1.17936347e+01 7.91325101e+00 -3.95385503e+00 -2.40802290e+01 1.59447600e+01 -1.56335295e+01 -1.41630885e+01 2.01494430e+00 5.61988736e+00 3.58538201e-01
2.27606948e+00 3.96645000e+05 4.89422910e+02 2.49899184e+02 -4.38882336e+00 -1.33744553e+03 1.15634945e+01 7.68311086e+00 -3.36842595e+00 -2.50743719e+01 1.56514830e+01 -1.43625131e+01 -1.64550357e+01 2.03712836e+00 5.70313785e+00 3.57194305e-01
2.27921602e+00 3.89290000e+05 4.88423919e+02 2.48900193e+02 -4.52382320e+00 -1.34379308e+03 1.14186472e+01 7.53826351e+00 -2.99786433e+00 -2.57940873e+01 1.53853872e+01 -1.37533422e+01 -1.73940788e+01 2.04097233e+00 5.74615001e+00 3.55189531e-01
2.28235673e+00 3.80277000e+05 4.88907011e+02 2.49383285e+02 -4.09894362e+00 -1.35418738e+03 1.12732231e+01 7.39283940e+00 -2.69653408e+00 -2.62503122e+01 1.49159908e+01 -1.30634254e+01 -1.78507586e+01 2.01762679e+00 5.80801908e+00 3.47386391e-01
2.28549364e+00 3.74080000e+05 4.89122796e+02 2.49599070e+02 -1.99969082e+00 -1.36665291e+03 1.11823684e+01 7.30198467e+00 -2.41470867e+00 -2.68207109e+01 1.46580692e+01 -1.22525533e+01 -1.92555826e+01 2.00740893e+00 5.84656824e+00 3.43348243e-01
2.28863741e+00 3.67857000e+05 4.89004055e+02 2.49480329e+02 -3.57915972e+00 -1.37224511e+03 1.10989528e+01 7.21856915e+00 -2.27236509e+00 -2.70581716e+01 1.44719852e+01 -1.18388436e+01 -1.98076507e+01 2.00482740e+00 5.87885290e+00 3.41023570e-01
2.29178163e+00 3.60598000e+05 4.88560699e+02 2.49036972e+02 -3.95260904e+00 -1.37868923e+03 1.10332806e+01 7.15289693e+00 -2.10265282e+00 -2.74168508e+01 1.41061992e+01 -1.13911168e+01 -2.01368060e+01 1.97209596e+00 5.90052874e+00 3.34223601e-01
2.29492246e+00 3.54154000e+05 4.92345568e+02 2.52821842e+02 -3.02533699e+00 -1.39687037e+03 1.10022854e+01 7.12190167e+00 -2.03142827e+00 -2.76671658e+01 1.42155088e+01 -1.08458976e+01 -2.15130965e+01 1.99602711e+00 5.95812086e+00 3.35009503e-01
2.29806313e+00 3.47835000e+05 4.89998476e+02 2.50474750e+02 -2.45068614e+00 -1.39948022e+03 1.09596219e+01 7.07923824e+00 -1.84089155e+00 -2.81163721e+01 1.39562052e+01 -1.02763790e+01 -2.23032318e+01 1.97142754e+00 5.94824313e+00 3.31430222e-01
2.30120454e+00 3.41587000e+05 4.90628525e+02 2.51104799e+02 -1.98395706e+00 -1.40919883e+03 1.08970768e+01 7.01669313e+00 -1.75386831e+00 -2.82559184e+01 1.36027777e+01 -9.90680926e+00 -2.21587101e+01 1.93863084e+00 5.98220463e+00 3.24066287e-01
2.30434832e+00 3.36276000e+05 4.91023854e+02 2.51500128e+02 -3.40473983e+00 -1.41270809e+03 1.09043075e+01 7.02392386e+00 -1.72328189e+00 -2.84610119e+01 1.34578226e+01 -9.74506844e+00 -2.21017900e+01 1.91599780e+00 5.98382945e+00 3.20195923e-01
2.30748882e+00 3.28984000e+05 4.93157439e+02 2.53633713e+02 -2.48803062e+00 -1.42936884e+03 1.08550516e+01 6.97466789e+00 -1.57184464e+00 -2.88076363e+01 1.32196903e+01 -9.33747561e+00 -2.27402855e+01 1.89538635e+00 6.03033895e+00 3.14308427e-01
2.31062948e+00 3.24597000e+05 4.93442561e+02 2.53918835e+02 -2.94990360e+00 -1.43422340e+03 1.08475244e+01 6.96714072e+00 -1.54943740e+00 -2.89540417e+01 1.31993624e+01 -9.04377870e+00 -2.32124953e+01 1.89451641e+00 6.03698598e+00 3.13818255e-01
2.31377400e+00 3.18196000e+05 4.94734803e+02 2.55211076e+02 -1.52139856e+00 -1.44761195e+03 1.08423995e+01 6.96201578e+00 -1.44136659e+00 -2.93085998e+01 1.29815839e+01 -8.55501716e+00 -2.37871002e+01 1.86463005e+00 6.05455541e+00 3.07971425e-01
2.31691508e+00 3.12661000e+05 4.94928434e+02 2.55404707e+02 -4.28884587e-01 -1.45500456e+03 1.08180781e+01 6.93769446e+00 -1.34861046e+00 -2.95189323e+01 1.28403918e+01 -8.19025803e+00 -2.41779558e+01 1.85081541e+00 6.06745919e+00 3.05039614e-01
2.32005200e+00 3.06501000e+05 4.96510786e+02 2.56987060e+02 -3.75081864e+00 -1.45974546e+03 1.08016800e+01 6.92129633e+00 -1.34504683e+00 -2.95841690e+01 1.28082268e+01 -7.94322451e+00 -2.45536627e+01 1.85055317e+00 6.09343112e+00 3.03696412e-01
2.32319103e+00 3.02161000e+05 4.96229619e+02 2.56705892e+02 -1.63538203e+00 -1.46930698e+03 1.07594286e+01 6.87904489e+00 -1.25853271e+00 -2.97938641e+01 1.25787428e+01 -7.79388141e+00 -2.45308057e+01 1.82855949e+00 6.10877103e+00 2.99333447e-01
2.32633711e+00 2.97021000e+05 4.97245521e+02 2.57721795e+02 -2.23844665e+00 -1.47782513e+03 1.07579579e+01 6.87757424e+00 -1.18828689e+00 -3.00507880e+01 1.22900443e+01 -7.40435244e+00 -2.45401676e+01 1.78697371e+00 6.12150108e+00 2.91917568e-01
2.32947915e+00 2.91061000e+05 4.99763277e+02 2.60239551e+02 -1.64130575e+00 -1.48906447e+03 1.08018817e+01 6.92149797e+00 -1.19789717e+00 -3.02468672e+01 1.22663582e+01 -7.41319125e+00 -2.45253616e+01 1.77221148e+00 6.13178054e+00 2.89020697e-01
2.33261681e+00 2.86110000e+05 4.99098070e+02 2.59574343e+02 -1.33855723e+00 -1.49465839e+03 1.07215902e+01 6.84120648e+00 -1.08135185e+00 -3.03859224e+01 1.23734134e+01 -6.83499633e+00 -2.61400062e+01 1.80865955e+00 6.15977052e+00 2.93624502e-01
2.33576034e+00 2.81689000e+05 5.01839608e+02 2.62315882e+02 -2.10357895e+00 -1.50666346e+03 1.07491721e+01 6.86878844e+00 -1.05786585e+00 -3.06338881e+01 1.21947830e+01 -6.71183137e+00 -2.59267731e+01 1.77539068e+00 6.17976874e+00 2.87290795e-01
2.33890718e+00 2.76766000e+05 5.02526080e+02 2.63002354e+02 -2.86143940e+00 -1.51227614e+03 1.07592459e+01 6.87886218e+00 -1.02300486e+00 -3.08213197e+01 1.19484905e+01 -6.57465022e+00 -2.55573723e+01 1.73698647e+00 6.18331702e+00 2.80914995e-01
2.34204685e+00 2.70774000e+05 5.03061194e+02 2.63537468e+02 -2.57925595e+00 -1.51955388e+03 1.07447489e+01 6.86436525e+00 -1.00492328e+00 -3.09271841e+01 1.19053019e+01 -6.48935736e+00 -2.58473038e+01 1.73436311e+00 6.19613673e+00 2.79910401e-01
2.34518433e+00 2.66794000e+05 5.05424347e+02 2.65900620e+02 -2.73688900e+00 -1.53158798e+03 1.08087843e+01 6.92840061e+00 -1.02373569e+00 -3.12111590e+01 1.19524275e+01 -6.32666409e+00 -2.62593731e+01 1.72513516e+00 6.19502666e+00 2.78470982e-01
2.34833164e+00 2.62662000e+05 5.04472380e+02 2.64948654e+02 -8.94888249e-01 -1.53697731e+03 1.07400270e+01 6.85964331e+00 -8.90065648e-01 -3.13325450e+01 1.16749923e+01 -5.93500035e+00 -2.63209189e+01 1.70198242e+00 6.21484199e+00 2.73857714e-01
2.35147273e+00 2.56522000e+05 5.09761039e+02 2.70237313e+02 -4.37924666e-01 -1.55791304e+03 1.07765412e+01 6.89615750e+00 -8.87567991e-01 -3.15637719e+01 1.17600101e+01 -5.71198343e+00 -2.70197839e+01 1.70529895e+00 6.25992415e+00 2.72415273e-01
2.35460459e+00 2.52106000e+05 5.10437597e+02 2.70913870e+02 1.01316388e+00 -1.56633818e+03 1.08051573e+01 6.92477360e+00 -8.69860579e-01 -3.17624324e+01 1.14078079e+01 -5.68864324e+00 -2.61279425e+01 1.64739074e+00 6.25479141e+00 2.63380604e-01
2.35774582e+00 2.48910000e+05 5.09602942e+02 2.70079216e+02 -1.52058289e+00 -1.56510899e+03 1.08005306e+01 6.92014692e+00 -8.26872080e-01 -3.19271325e+01 1.12813770e+01 -5.47726294e+00 -2.62394563e+01 1.63022219e+00 6.24723617e+00 2.60950946e-01
2.36089216e+00 2.43778000e+05 5.12624239e+02 2.73100513e+02 -6.17427913e-01 -1.58139281e+03 1.08119857e+01 6.93160204e+00 -8.09594578e-01 -3.21202869e+01 1.11780696e+01 -5.28531721e+00 -2.63673900e+01 1.61262426e+00 6.27688898e+00 2.56914575e-01
2.36403153e+00 2.39211000e+05 5.15244008e+02 2.75720282e+02 -5.96919749e-01 -1.59302174e+03 1.08249208e+01 6.94453710e+00 -7.62772082e-01 -3.23151567e+01 1.10452320e+01 -5.15578466e+00 -2.62961911e+01 1.59049219e+00 6.30104680e+00 2.52417136e-01
2.36716871e+00 2.34862000e+05 5.16368892e+02 2.76845166e+02 1.93046330e-01 -1.60072465e+03 1.08553537e+01 6.97496999e+00 -7.44980241e-01 -3.25179810e+01 1.10715761e+01 -5.01253912e+00 -2.66630120e+01 1.58732957e+00 6.30009793e+00 2.51953158e-01
2.37031351e+00 2.31615000e+05 5.15896101e+02 2.76372375e+02 -5.30306892e-01 -1.60517330e+03 1.08286985e+01 6.94831484e+00 -7.20669010e-01 -3.26032530e+01 1.11666340e+01 -4.93451754e+00 -2.72834299e+01 1.60709960e+00 6.30677838e+00 2.54821004e-01
2.37345750e+00 2.26318000e+05 5.18246708e+02 2.78722981e+02 -6.37113350e-01 -1.61630692e+03 1.08684540e+01 6.98807029e+00 -6.98192119e-01 -3.28437972e+01 1.09227666e+01 -4.65314138e+00 -2.70611068e+01 1.56305906e+00 6.31550025e+00 2.47495684e-01
2.37659737e+00 2.22763000e+05 5.19728274e+02 2.80204548e+02 -8.92164961e-01 -1.62439445e+03 1.08515185e+01 6.97113483e+00 -6.81956606e-01 -3.29249298e+01 1.08638608e+01 -4.51792399e+00 -2.72808020e+01 1.55840635e+00 6.33995023e+00 2.45807347e-01
2.37973945e+00 2.18586000e+05 5.23176685e+02 2.83652959e+02 7.02502109e-02 -1.64096707e+03 1.08452340e+01 6.96485027e+00 -6.61402939e-01 -3.30090697e+01 1.06163159e+01 -4.47723855e+00 -2.65824428e+01 1.52427051e+00 6.38172032e+00 2.38849470e-01
2.38288120e+00 2.14399000e+05 5.22776871e+02 2.83253145e+02 -2.81922114e-01 -1.64264659e+03 1.09272749e+01 7.04689126e+00 -6.48111006e-01 -3.33824875e+01 1.07579604e+01 -4.26659825e+00 -2.74017977e+01 1.52662501e+00 6.33999018e+00 2.40792961e-01
2.38602474e+00 2.10915000e+05 5.26746925e+02 2.87223198e+02 -1.06539683e+00 -1.65819312e+03 1.09306093e+01 7.05022562e+00 -6.12014590e-01 -3.35384062e+01 1.07338511e+01 -4.14512315e+00 -2.77009719e+01 1.52248334e+00 6.38275610e+00 2.38530709e-01
2.38916755e+00 2.06542000e+05 5.30172642e+02 2.90648916e+02 3.42110642e-01 -1.67475763e+03 1.09906056e+01 7.11022188e+00 -6.05410274e-01 -3.38193097e+01 1.04957870e+01 -4.05578606e+00 -2.71882440e+01 1.47615464e+00 6.39356047e+00 2.30881470e-01
2.39230542e+00 2.02611000e+05 5.28409072e+02 2.88885346e+02 -6.85104764e-02 -1.67367610e+03 1.09469319e+01 7.06654820e+00 -5.75373444e-01 -3.38096561e+01 1.05781847e+01 -3.90594049e+00 -2.77270493e+01 1.49693803e+00 6.39380068e+00 2.34123349e-01
2.39545365e+00 1.99999000e+05 5.30257212e+02 2.90733485e+02 -1.81646268e-01 -1.68235285e+03 1.09585114e+01 7.07812771e+00 -5.37722939e-01 -3.39907267e+01 1.04651450e+01 -3.74931832e+00 -2.76868534e+01 1.47851881e+00 6.40897135e+00 2.30695182e-01
2.39860202e+00 1.95133000e+05 5.31384236e+02 2.91860510e+02 4.15222682e-01 -1.69010114e+03 1.10166599e+01 7.13627621e+00 -5.38772437e-01 -3.42437887e+01 1.04583679e+01 -3.73058314e+00 -2.77371575e+01 1.46552173e+00 6.39516631e+00 2.29160848e-01
2.40173541e+00 1.90899000e+05 5.33963002e+02 2.94439276e+02 -1.69055351e-01 -1.70184982e+03 1.10658476e+01 7.18546396e+00 -5.28453042e-01 -3.45037453e+01 1.04190095e+01 -3.58626471e+00 -2.80498199e+01 1.45001208e+00 6.40133363e+00 2.26517186e-01
2.40487443e+00 1.88455000e+05 5.35499550e+02 2.95975824e+02 1.33920268e+00 -1.71222749e+03 1.10792878e+01 7.19890416e+00 -4.84920643e-01 -3.47037384e+01 9.98468136e+00 -3.34930986e+00 -2.70154548e+01 1.38697240e+00 6.41202081e+00 2.16308156e-01
2.40802266e+00 1.84551000e+05 5.40628750e+02 3.01105024e+02 -3.19451644e-01 -1.73060633e+03 1.10629685e+01 7.18258486e+00 -5.10841662e-01 -3.46817870e+01 1.01024652e+01 -3.37850209e+00 -2.74527621e+01 1.40652222e+00 6.47468461e+00 2.17234091e-01
2.41116462e+00 1.80775000e+05 5.42588353e+02 3.03064627e+02 -3.24384283e-01 -1.73985954e+03 1.11530915e+01 7.27270784e+00 -4.49908847e-01 -3.51221811e+01 1.00545467e+01 -3.09062803e+00 -2.77412831e+01 1.38250386e+00 6.45534643e+00 2.14164162e-01
2.41429838e+00 1.76751000e+05 5.42596543e+02 3.03072817e+02 -1.32271938e+00 -1.74226428e+03 1.11320856e+01 7.25170195e+00 -4.53468465e-01 -3.51308850e+01 1.01281913e+01 -3.24833706e+00 -2.79244420e+01 1.39666403e+00 6.46477657e+00 2.16042119e-01
2.41744517e+00 1.75039000e+05 5.46290762e+02 3.06767036e+02 -2.28156620e+00 -1.75708721e+03 1.11732056e+01 7.29282187e+00 -4.05711773e-01 -3.54227936e+01 9.90767169e+00 -3.10558985e+00 -2.74750431e+01 1.35855117e+00 6.48569531e+00 2.09468855e-01
2.42059583e+00 1.70335000e+05 5.48514993e+02 3.08991267e+02 -6.98665130e-01 -1.76993637e+03 1.12005298e+01 7.32014612e+00 -4.37363380e-01 -3.55304990e+01 1.00421063e+01 -3.04279346e+00 -2.80413414e+01 1.37184505e+00 6.49700540e+00 2.11150364e-01
2.42373020e+00 1.66683000e+05 5.51383944e+02 3.11860218e+02 -1.77020764e+00 -1.78067897e+03 1.12114168e+01 7.33103308e+00 -4.29143364e-01 -3.56508494e+01 9.73613624e+00 -3.00972811e+00 -2.72174524e+01 1.32807152e+00 6.52224937e+00 2.03621702e-01
2.42686606e+00 1.63939000e+05 5.53351913e+02 3.13828187e+02 -6.32557991e-01 -1.79152091e+03 1.13043528e+01 7.42396912e+00 -3.80160432e-01 -3.60710098e+01 9.99215147e+00 -2.84476402e+00 -2.83268621e+01 1.34593117e+00 6.50171451e+00 2.07011731e-01
2.43001457e+00 1.61163000e+05 5.55947681e+02 3.16423955e+02 1.11286730e+00 -1.80673436e+03 1.12884786e+01 7.40809491e+00 -3.94293433e-01 -3.60991332e+01 9.72904877e+00 -2.87884812e+00 -2.75490709e+01 1.31329969e+00 6.53553896e+00 2.00947420e-01
2.43315730e+00 1.56979000e+05 5.57320091e+02 3.17796364e+02 7.53857268e-01 -1.81433296e+03 1.13834075e+01 7.50302377e+00 -4.02884429e-01 -3.64704611e+01 9.85299974e+00 -2.65794492e+00 -2.83012630e+01 1.31320386e+00 6.50813123e+00 2.01778946e-01
2.43629351e+00 1.54279000e+05 5.58533849e+02 3.19010122e+02 -6.34040929e-01 -1.81797137e+03 1.13624798e+01 7.48209614e+00 -3.92069954e-01 -3.64630603e+01 9.87419501e+00 -2.76115338e+00 -2.82841525e+01 1.31970972e+00 6.52966033e+00 2.02110011e-01
2.43943711e+00 1.51356000e+05 5.59401936e+02 3.19878210e+02 -2.52507458e-01 -1.82611985e+03 1.14153448e+01 7.53496116e+00 -3.68046540e-01 -3.67513723e+01 9.70606731e+00 -2.48861553e+00 -2.82154963e+01 1.28813767e+00 6.51556107e+00 1.97701726e-01
2.44258554e+00 1.48351000e+05 5.65006587e+02 3.25482861e+02 1.29524155e+00 -1.84933216e+03 1.15106271e+01 7.63024345e+00 -3.34735603e-01 -3.71760118e+01 9.88503124e+00 -2.44915629e+00 -2.89423282e+01 1.29550666e+00 6.53122830e+00 1.98355746e-01
2.44572531e+00 1.44519000e+05 5.69176430e+02 3.29652704e+02 -1.80693629e+00 -1.86181476e+03 1.15386247e+01 7.65824102e+00 -3.61468192e-01 -3.72809687e+01 9.73884480e+00 -2.58468355e+00 -2.82906142e+01 1.27168168e+00 6.56090585e+00 1.93827149e-01
2.44885824e+00 1.41811000e+05 5.71459144e+02 3.31935418e+02 -5.84486683e-01 -1.87397235e+03 1.15361371e+01 7.65575337e+00 -3.22729847e-01 -3.73897830e+01 9.82092504e+00 -2.42610695e+00 -2.88777023e+01 1.28281628e+00 6.58465204e+00 1.94819145e-01
2.45200142e+00 1.39404000e+05 5.73297617e+02 3.33773890e+02 -7.96488286e-01 -1.88320206e+03 1.15663906e+01 7.68600687e+00 -3.05858358e-01 -3.75920551e+01 9.75755686e+00 -2.35183124e+00 -2.88853208e+01 1.26952227e+00 6.58985405e+00 1.92648010e-01
2.45514793e+00 1.36105000e+05 5.76027319e+02 3.36503593e+02 -5.45700608e-01 -1.89538565e+03 1.16038257e+01 7.72344205e+00 -3.02772154e-01 -3.77787109e+01 9.69532393e+00 -2.15798895e+00 -2.89589141e+01 1.25531128e+00 6.60069106e+00 1.90178766e-01
2.45828759e+00 1.33132000e+05 5.75238558e+02 3.35714832e+02 -4.39922104e-01 -1.89497242e+03 1.17217964e+01 7.84141269e+00 -2.91840115e-01 -3.82299569e+01 9.36258515e+00 -2.12534134e+00 -2.79427297e+01 1.19399214e+00 6.54316857e+00 1.82479197e-01
2.46142397e+00 1.30251000e+05 5.81605014e+02 3.42081288e+02 -9.93066677e-01 -1.91915879e+03 1.17535036e+01 7.87311990e+00 -2.73104877e-01 -3.84375514e+01 9.36983153e+00 -1.92825508e+00 -2.83687016e+01 1.19010401e+00 6.59160579e+00 1.80548419e-01
2.46456583e+00 1.27771000e+05 5.85935722e+02 3.46411996e+02 -3.16626431e-02 -1.93761851e+03 1.17717659e+01 7.89138225e+00 -2.84088292e-01 -3.85483253e+01 9.17429088e+00 -2.00153089e+00 -2.76588246e+01 1.16257084e+00 6.62551927e+00 1.75468638e-01
2.46771723e+00 1.25400000e+05 5.89182100e+02 3.49658374e+02 7.53321126e-01 -1.95128699e+03 1.18511236e+01 7.97073996e+00 -2.68076218e-01 -3.88684112e+01 9.54306719e+00 -1.94407870e+00 -2.89977447e+01 1.19726239e+00 6.62327285e+00 1.80765978e-01
2.47085926e+00 1.21663000e+05 5.89142063e+02 3.49618336e+02 -1.23867273e+00 -1.95238146e+03 1.18423330e+01 7.96194934e+00 -3.10559154e-01 -3.88563981e+01 9.43081681e+00 -1.82248204e+00 -2.88091477e+01 1.18448591e+00 6.62654873e+00 1.78748540e-01
2.47398931e+00 1.19208000e+05 5.91310851e+02 3.51787125e+02 1.17161782e+00 -1.96513528e+03 1.19181563e+01 8.03777261e+00 -2.20722378e-01 -3.92900539e+01 9.46175274e+00 -1.86762486e+00 -2.89486443e+01 1.17716104e+00 6.61564378e+00 1.77935977e-01
2.47713750e+00 1.17427000e+05 5.98150594e+02 3.58626868e+02 -4.60510125e-01 -1.98831885e+03 1.19639346e+01 8.08355094e+00 -2.61426644e-01 -3.94212841e+01 9.61595914e+00 -1.79973417e+00 -2.95871399e+01 1.18957117e+00 6.66070688e+00 1.78595334e-01
2.48028555e+00 1.13992000e+05 6.01957197e+02 3.62433470e+02 5.73304847e-01 -2.00439954e+03 1.20805017e+01 8.20011802e+00 -2.69280182e-01 -3.98470499e+01 9.18273077e+00 -1.75782096e+00 -2.82355137e+01 1.11982910e+00 6.64820033e+00 1.68440938e-01
2.48341160e+00 1.10847000e+05 6.05746726e+02 3.66223000e+02 1.51624229e+00 -2.02148003e+03 1.20526594e+01 8.17227573e+00 -1.84561818e-01 -3.99526458e+01 9.33538852e+00 -1.69693329e+00 -2.88899959e+01 1.14232422e+00 6.69424037e+00 1.70642845e-01
2.48654871e+00 1.09660000e+05 6.07431524e+02 3.67907798e+02 -1.24429495e+00 -2.02580307e+03 1.21460839e+01 8.26570019e+00 -2.11453563e-01 -4.02725025e+01 9.24517278e+00 -1.65794904e+00 -2.86873150e+01 1.11849844e+00 6.67159496e+00 1.67650831e-01
2.48970756e+00 1.07079000e+05 6.09626209e+02 3.70102482e+02 5.77604806e-01 -2.03846312e+03 1.22329664e+01 8.35258272e+00 -2.37599027e-01 -4.05786572e+01 9.18267350e+00 -1.63594646e+00 -2.85622352e+01 1.09938133e+00 6.65657158e+00 1.65157291e-01
2.49285104e+00 1.03744000e+05 6.14585183e+02 3.75061457e+02 3.84700714e-01 -2.05788758e+03 1.22130505e+01 8.33266680e+00 -2.17859002e-01 -4.05979124e+01 9.28252788e+00 -1.54834548e+00 -2.90751995e+01 1.11399245e+00 6.70902191e+00 1.66043942e-01
2.49597499e+00 1.01115000e+05 6.16749968e+02 3.77226242e+02 -8.94109025e-01 -2.06543322e+03 1.22970574e+01 8.41667371e+00 -2.02334190e-01 -4.09472388e+01 9.34332590e+00 -1.52028423e+00 -2.93034462e+01 1.11009720e+00 6.69469357e+00 1.65817477e-01
2.49912079e+00 1.00138000e+05 6.23664582e+02 3.84140856e+02 1.77537279e-01 -2.09255815e+03 1.23933846e+01 8.51300090e+00 -2.13869648e-01 -4.13090844e+01 9.60430648e+00 -1.41083536e+00 -3.03772558e+01 1.12819282e+00 6.71744177e+00 1.67949773e-01
2.50227832e+00 9.70030000e+04 6.24851740e+02 3.85328014e+02 3.32718264e+00 -2.10242437e+03 1.23803488e+01 8.49996516e+00 -1.64583305e-01 -4.13829518e+01 8.89297582e+00 -1.22929926e+00 -2.83044257e+01 1.04623674e+00 6.73297062e+00 1.55390065e-01
2.50541433e+00 9.42960000e+04 6.29577633e+02 3.90053907e+02 -8.84103508e-01 -2.11641505e+03 1.25230594e+01 8.64267572e+00 -1.78652735e-01 -4.18884807e+01 9.63561509e+00 -1.54010621e+00 -3.04328964e+01 1.11488796e+00 6.71797227e+00 1.65956023e-01
2.50853861e+00 9.17920000e+04 6.32411224e+02 3.92887498e+02 1.00567497e+00 -2.13025035e+03 1.25548042e+01 8.67442054e+00 -2.29738583e-01 -4.19596195e+01 9.37520272e+00 -1.45232758e+00 -2.96662242e+01 1.08078720e+00 6.72998147e+00 1.60592895e-01
2.51168721e+00 9.09390000e+04 6.41788205e+02 4.02264479e+02 -7.18573387e-02 -2.16332050e+03 1.26073991e+01 8.72701543e+00 -1.78167807e-01 -4.22712621e+01 9.21113128e+00 -1.33472075e+00 -2.93800686e+01 1.05547324e+00 6.78926829e+00 1.55462002e-01
2.51484444e+00 8.78200000e+04 6.45897681e+02 4.06373955e+02 1.58610995e+00 -2.18186171e+03 1.27029557e+01 8.82257203e+00 -2.00055988e-01 -4.26177763e+01 8.99425140e+00 -1.22689000e+00 -2.88155031e+01 1.01945911e+00 6.78680430e+00 1.50211950e-01
2.51797921e+00 8.53960000e+04 6.46739701e+02 4.07215975e+02 6.79798709e-01 -2.18458091e+03 1.27918496e+01 8.91146593e+00 -1.70199165e-01 -4.29817328e+01 8.87553508e+00 -1.34466282e+00 -2.82628045e+01 9.95968019e-01 6.75986196e+00 1.47335556e-01
2.52111633e+00 8.36790000e+04 6.56051740e+02 4.16528014e+02 2.21857416e+00 -2.22105759e+03 1.29241152e+01 9.04373152e+00 -1.73677304e-01 -4.34846456e+01 9.42124717e+00 -1.16475177e+00 -3.03819086e+01 1.04174335e+00 6.78653788e+00 1.53501442e-01
2.52426438e+00 8.14240000e+04 6.52019413e+02 4.12495687e+02 6.74803558e-01 -2.20829908e+03 1.28575815e+01 8.97719780e+00 -1.66520346e-01 -4.33173159e+01 9.16477091e+00 -1.05493782e+00 -2.97108842e+01 1.02089439e+00 6.77858910e+00 1.50605735e-01
2.52741056e+00 7.94640000e+04 6.61253762e+02 4.21730036e+02 -1.21138048e+00 -2.23855662e+03 1.30350350e+01 9.15465128e+00 -1.52086722e-01 -4.39681385e+01 9.41057217e+00 -9.92232494e-01 -3.06264359e+01 1.02795529e+00 6.78728934e+00 1.51452993e-01
2.53053475e+00 7.63270000e+04 6.65544848e+02 4.26021122e+02 -3.65347906e-02 -2.25706396e+03 1.31123235e+01 9.23193978e+00 -1.56072663e-01 -4.42753969e+01 9.08083668e+00 -1.03493437e+00 -2.95168000e+01 9.83632574e-01 6.79311684e+00 1.44798418e-01
2.53367391e+00 7.60320000e+04 6.69104279e+02 4.29580553e+02 1.03260153e+00 -2.27299532e+03 1.31671836e+01 9.28679995e+00 -1.49889828e-01 -4.45163208e+01 9.18980272e+00 -9.81447580e-01 -2.99477759e+01 9.89555365e-01 6.80125818e+00 1.45495927e-01
2.53683753e+00 7.33180000e+04 6.76543061e+02 4.37019335e+02 8.13304047e-01 -2.29994115e+03 1.32828372e+01 9.40245353e+00 -1.49847827e-01 -4.49462765e+01 8.81784224e+00 -1.08125289e+00 -2.86231583e+01 9.37823538e-01 6.81757192e+00 1.37559757e-01
2.53997296e+00 7.08520000e+04 6.77134598e+02 4.37610872e+02 1.33828549e+00 -2.30427008e+03 1.34552633e+01 9.57487960e+00 -8.82081831e-02 -4.56387824e+01 8.70226701e+00 -8.66533889e-01 -2.85109542e+01 9.08864379e-01 6.76047780e+00 1.34437891e-01
2.54309650e+00 6.90870000e+04 6.81355645e+02 4.41831919e+02 -7.87806446e-01 -2.31726467e+03 1.34432805e+01 9.56289682e+00 -1.06393941e-01 -4.56208918e+01 9.18116486e+00 -9.91191077e-01 -3.00355747e+01 9.60081974e-01 6.79725884e+00 1.41245463e-01
2.54624206e+00 6.77680000e+04 6.88303006e+02 4.48779279e+02 -7.89136157e-02 -2.34592698e+03 1.34962257e+01 9.61584205e+00 -1.18370909e-01 -4.58594693e+01 8.80425139e+00 -8.82454151e-01 -2.88939854e+01 9.15598586e-01 6.83160485e+00 1.34023938e-01
2.54940146e+00 6.58320000e+04 6.91819718e+02 4.52295992e+02 9.13136103e-01 -2.35946824e+03 1.35972540e+01 9.71687034e+00 -1.06521636e-01 -4.62286386e+01 9.22799471e+00 -8.37901227e-01 -3.03954042e+01 9.49687953e-01 6.82257260e+00 1.39197926e-01
2.55253911e+00 6.32800000e+04 7.01829516e+02 4.62305790e+02 -3.66926966e-01 -2.39460705e+03 1.37414086e+01 9.86102490e+00 -1.07521814e-01 -4.67600276e+01 8.95236198e+00 -8.80152099e-01 -2.94836918e+01 9.07853095e-01 6.84705219e+00 1.32590357e-01
2.55566254e+00 6.17280000e+04 7.05780796e+02 4.66257069e+02 -9.35969920e-01 -2.40907611e+03 1.37533748e+01 9.87299116e+00 -1.19779196e-01 -4.68347153e+01 9.09831709e+00 -9.76174947e-01 -2.99076314e+01 9.21536031e-01 6.87208212e+00 1.34098518e-01
2.55881418e+00 6.05590000e+04 7.15162537e+02 4.75638811e+02 -5.45479231e-01 -2.44400105e+03 1.38338091e+01 9.95342537e+00 -1.29045932e-01 -4.71312192e+01 9.08816954e+00 -7.85092564e-01 -3.01156607e+01 9.13069542e-01 6.91277402e+00 1.32084390e-01
2.56196797e+00 5.83000000e+04 7.19900675e+02 4.80376948e+02 2.31897670e-01 -2.46302220e+03 1.39102573e+01 1.00298736e+01 -1.13742688e-01 -4.74509039e+01 9.08247310e+00 -7.00652653e-01 -3.02225974e+01 9.05542127e-01 6.92059364e+00 1.30847464e-01
2.56509959e+00 5.64000000e+04 7.25727675e+02 4.86203949e+02 -9.91584766e-01 -2.48284221e+03 1.41613755e+01 1.02809918e+01 -1.14044755e-01 -4.83288441e+01 8.89534200e+00 -7.87016691e-01 -2.95420518e+01 8.65222169e-01 6.87688457e+00 1.25816009e-01
2.56823499e+00 5.50480000e+04 7.34935039e+02 4.95411313e+02 -4.09331439e-01 -2.51751990e+03 1.41392685e+01 1.02588848e+01 -1.05156170e-01 -4.83216307e+01 9.00040083e+00 -8.56490688e-01 -2.97987783e+01 8.77327410e-01 6.94916916e+00 1.26249252e-01
2.57139889e+00 5.37720000e+04 7.34587592e+02 4.95063866e+02 1.79288606e-01 -2.51897937e+03 1.44568285e+01 1.05764448e+01 -7.61438868e-02 -4.94760919e+01 9.17670383e+00 -6.33906523e-01 -3.07546202e+01 8.67654865e-01 6.84164853e+00 1.26819561e-01
2.57454519e+00 5.12620000e+04 7.45791805e+02 5.06268078e+02 -3.47753361e-02 -2.55846244e+03 1.45164580e+01 1.06360743e+01 -8.32443795e-02 -4.97008033e+01 9.32059200e+00 -6.16838526e-01 -3.12281294e+01 8.76318813e-01 6.89921360e+00 1.27017203e-01
2.57764494e+00 4.92160000e+04 7.48840258e+02 5.09316531e+02 7.26176845e-02 -2.57084220e+03 1.46031453e+01 1.07227616e+01 -1.09227833e-01 -5.00016351e+01 9.06591083e+00 -5.81539302e-01 -3.04240272e+01 8.45482833e-01 6.89192530e+00 1.22677307e-01
2.58078226e+00 4.91430000e+04 7.54445075e+02 5.14921349e+02 1.50418498e-01 -2.59277724e+03 1.45496200e+01 1.06692363e+01 -6.53130890e-02 -4.99285635e+01 9.31060162e+00 -4.29723287e-01 -3.14716506e+01 8.72658677e-01 6.94710371e+00 1.25614747e-01
2.58395834e+00 4.71400000e+04 7.56166572e+02 5.16642846e+02 5.29867039e-01 -2.60063918e+03 1.48512102e+01 1.09708265e+01 -1.09270827e-01 -5.09336265e+01 9.54493754e+00 -5.36478965e-01 -3.21416265e+01 8.70029027e-01 6.86239221e+00 1.26782178e-01
2.58710299e+00 4.52280000e+04 7.70945027e+02 5.31421301e+02 -7.80645583e-01 -2.65093708e+03 1.49818002e+01 1.11014165e+01 -9.31260650e-02 -5.14197238e+01 9.32793619e+00 -6.11469392e-01 -3.13644746e+01 8.40247386e-01 6.91879210e+00 1.21444231e-01
2.59021741e+00 4.34440000e+04 7.78807417e+02 5.39283691e+02 -1.29302966e+00 -2.67956715e+03 1.50948776e+01 1.12144939e+01 -1.08023944e-01 -5.18326154e+01 9.53727678e+00 -5.17844144e-01 -3.22203693e+01 8.50442011e-01 6.93455829e+00 1.22638238e-01
2.59336455e+00 4.29600000e+04 7.77185618e+02 5.37661891e+02 1.74164846e-01 -2.67795445e+03 1.51643274e+01 1.12839437e+01 -7.99246945e-02 -5.21497980e+01 9.50143082e+00 -4.27155753e-01 -3.22241866e+01 8.42031036e-01 6.90278223e+00 1.21984297e-01
2.59652924e+00 4.09720000e+04 7.91542027e+02 5.52018300e+02 1.00459035e+00 -2.72961032e+03 1.53293431e+01 1.14489595e+01 -1.28720322e-01 -5.26862816e+01 9.56813687e+00 -4.34493453e-01 -3.24711267e+01 8.35721089e-01 6.94374445e+00 1.20355969e-01
2.59965976e+00 3.93400000e+04 7.96421308e+02 5.56897581e+02 -1.81056287e-02 -2.74624200e+03 1.54710511e+01 1.15906674e+01 -3.60042888e-02 -5.33070834e+01 9.52298956e+00 -3.55856391e-01 -3.23804319e+01 8.21608385e-01 6.93159920e+00 1.18530856e-01
2.60278715e+00 3.81960000e+04 8.09400797e+02 5.69877071e+02 -4.17579500e-01 -2.79221432e+03 1.55032397e+01 1.16228560e+01 -5.27632056e-02 -5.34352146e+01 9.67538583e+00 -3.47589343e-01 -3.29689490e+01 8.32444779e-01 7.00219438e+00 1.18883415e-01
2.60594749e+00 3.71500000e+04 8.14811334e+02 5.75287608e+02 -9.09246650e-01 -2.81281707e+03 1.57333314e+01 1.18529478e+01 1.09695940e-02 -5.43405924e+01 8.56583996e+00 -3.43915339e-01 -2.91238752e+01 7.22675923e-01 6.96673553e+00 1.03732361e-01
2.60910085e+00 3.54120000e+04 8.30798941e+02 5.91275214e+02 2.24637738e+00 -2.87244694e+03 1.59553960e+01 1.20750123e+01 -7.04528414e-02 -5.50296560e+01 9.54203249e+00 -3.37664809e-01 -3.25492346e+01 7.90229631e-01 6.99763115e+00 1.12928163e-01
2.61220596e+00 3.35920000e+04 8.36867189e+02 5.97343463e+02 -5.98496754e-01 -2.89151782e+03 1.60001809e+01 1.21197972e+01 -5.06037665e-02 -5.52360565e+01 9.37199370e+00 -3.39219905e-01 -3.19773452e+01 7.73279747e-01 7.02044080e+00 1.10146894e-01
2.61533882e+00 3.34200000e+04 8.35530184e+02 5.96006458e+02 2.46077636e-01 -2.89002312e+03 1.62727780e+01 1.23923943e+01 -7.15466449e-02 -5.61965493e+01 9.50800066e+00 -4.72400809e-01 -3.23037466e+01 7.67244847e-01 6.93502245e+00 1.10633362e-01
2.61852836e+00 3.20080000e+04 8.45423772e+02 6.05900046e+02 2.17055758e+00 -2.92820523e+03 1.62680264e+01 1.23876427e+01 -6.42181397e-02 -5.62171196e+01 8.76765984e+00 -4.53210819e-01 -2.98332575e+01 7.07774679e-01 6.99368645e+00 1.01201946e-01
2.62166839e+00 3.00640000e+04 8.57452874e+02 6.17929148e+02 1.21501581e+00 -2.96924330e+03 1.66143183e+01 1.27339346e+01 -3.91138309e-02 -5.74643613e+01 9.04019389e+00 -3.34591820e-01 -3.08965718e+01 7.09929348e-01 6.96607319e+00 1.01912416e-01
2.62474674e+00 2.86320000e+04 8.69583056e+02 6.30059330e+02 -4.26247068e-02 -3.01089012e+03 1.68201307e+01 1.29397470e+01 -7.27069583e-02 -5.81551601e+01 1.00149498e+01 -4.21121443e-01 -3.41890723e+01 7.73967977e-01 6.97794964e+00 1.10916246e-01
2.62789351e+00 2.87800000e+04 8.78311288e+02 6.38787562e+02 3.57781663e+00 -3.04790491e+03 1.68478546e+01 1.29674709e+01 -1.76380684e-02 -5.83706119e+01 9.01419590e+00 -1.52909682e-01 -3.10536676e+01 6.95139088e-01 7.01860150e+00 9.90423931e-02
2.63110266e+00 2.73000000e+04 8.73105837e+02 6.33582110e+02 4.78744203e-02 -3.02653163e+03 1.69324150e+01 1.30520313e+01 -2.72550111e-02 -5.86666236e+01 9.58833311e+00 -1.69749481e-01 -3.30804669e+01 7.34623820e-01 6.96726613e+00 1.05439322e-01
2.63423888e+00 2.53420000e+04 8.98719564e+02 6.59195838e+02 -3.53476490e-01 -3.11639218e+03 1.72795926e+01 1.33992089e+01 1.96303340e-03 -5.99227511e+01 9.34157348e+00 -8.87855737e-02 -3.22703320e+01 6.97173509e-01 7.01403049e+00 9.93969886e-02
2.63731611e+00 2.43720000e+04 9.00915887e+02 6.61392161e+02 1.22756282e-01 -3.12544990e+03 1.75853057e+01 1.37049220e+01 -1.76608341e-02 -6.09838102e+01 1.03018056e+01 -3.70522488e-01 -3.53329551e+01 7.51686553e-01 6.94690305e+00 1.08204555e-01
2.64047527e+00 2.41960000e+04 9.19041105e+02 6.79517379e+02 8.96753291e-01 -3.19152456e+03 1.75902514e+01 1.37098677e+01 -2.49295034e-02 -6.10364298e+01 1.06910257e+01 -2.23837376e-01 -3.68882096e+01 7.79805165e-01 7.04017820e+00 1.10764975e-01
2.64366382e+00 2.26720000e+04 9.37627579e+02 6.98103852e+02 1.47338141e+00 -3.25757539e+03 1.77115733e+01 1.38311896e+01 -1.87313537e-02 -6.14807469e+01 1.10598205e+01 -1.91398412e-01 -3.81742355e+01 7.99629015e-01 7.10444653e+00 1.12553316e-01
2.64679118e+00 2.13600000e+04 9.43885081e+02 7.04361354e+02 1.86370951e+00 -3.28011720e+03 1.78327158e+01 1.39523321e+01 -1.89862977e-02 -6.19149067e+01 1.03804962e+01 6.26612365e-02 -3.61024185e+01 7.43997208e-01 7.10516810e+00 1.04712119e-01
2.64989500e+00 2.04640000e+04 9.44897115e+02 7.05373389e+02 -4.08273890e-01 -3.28337959e+03 1.82793205e+01 1.43989368e+01 -1.09620271e-01 -6.34014991e+01 9.35778728e+00 -1.87221895e-03 -3.24973287e+01 6.49894321e-01 6.99913423e+00 9.28535301e-02
2.65305573e+00 1.99080000e+04 9.70562592e+02 7.31038865e+02 -1.06541782e-01 -3.37392720e+03 1.80439899e+01 1.41636062e+01 -5.42780674e-02 -6.26727121e+01 9.31855747e+00 -2.32873077e-01 -3.21412753e+01 6.57922660e-01 7.18428102e+00 9.15780798e-02
2.65622636e+00 1.87240000e+04 9.74785362e+02 7.35261635e+02 -1.41000213e+00 -3.38780398e+03 1.87840688e+01 1.49036851e+01 -2.32009719e-02 -6.52878558e+01 1.05429182e+01 -1.40935373e-01 -3.64956604e+01 7.07403444e-01 7.02383207e+00 1.00714743e-01
2.65932506e+00 1.73320000e+04 9.80746547e+02 7.41222821e+02 -4.83463065e-01 -3.41028839e+03 1.88973560e+01 1.50169723e+01 2.57863731e-02 -6.57476993e+01 9.83306915e+00 -4.00846059e-02 -3.41619593e+01 6.54797047e-01 7.02559645e+00 9.32016309e-02
2.66246152e+00 1.72860000e+04 9.93808008e+02 7.54284282e+02 1.47413479e-01 -3.45889101e+03 1.90661301e+01 1.51857464e+01 2.36053688e-03 -6.63612260e+01 1.07416731e+01 -2.21697738e-01 -3.71181477e+01 7.07352334e-01 7.04773325e+00 1.00365935e-01
2.66566512e+00 1.61320000e+04 1.01529055e+03 7.75766820e+02 -2.04109941e+00 -3.53212677e+03 1.91527573e+01 1.52723736e+01 -6.70548615e-02 -6.65983675e+01 8.93796325e+00 -3.45905444e-01 -3.07263705e+01 5.85237337e-01 7.12709144e+00 8.21144701e-02
2.66879336e+00 1.49040000e+04 1.00818895e+03 7.68665225e+02 -1.06186102e+00 -3.50922330e+03 1.96512823e+01 1.57708986e+01 -6.80087262e-02 -6.83460328e+01 1.18401595e+01 -3.35762061e-01 -4.08589988e+01 7.50759980e-01 6.98136585e+00 1.07537693e-01
2.67184260e+00 1.39000000e+04 1.03641346e+03 7.96889735e+02 5.44301598e-02 -3.60890258e+03 1.99851559e+01 1.61047722e+01 -4.56595072e-02 -6.95425278e+01 1.08106200e+01 -2.18367698e-01 -3.74413873e+01 6.71268109e-01 7.03431517e+00 9.54276419e-02
2.67503533e+00 1.43400000e+04 1.05719337e+03 8.17669640e+02 1.04965148e-01 -3.68420253e+03 1.99829276e+01 1.61025439e+01 -3.65163718e-02 -6.95923810e+01 1.13663173e+01 -1.33029164e-02 -3.96033945e+01 7.05870908e-01 7.12593227e+00 9.90566401e-02
2.67827838e+00 1.26970000e+04 1.06922817e+03 8.29704440e+02 -1.40494399e+00 -3.72486221e+03 2.03068724e+01 1.64264888e+01 -3.13392493e-02 -7.07474634e+01 1.06615857e+01 -1.75747518e-01 -3.69689783e+01 6.49048366e-01 7.10704944e+00 9.13245886e-02
2.68134593e+00 1.15720000e+04 1.08304479e+03 8.43521063e+02 3.55788244e-01 -3.77516630e+03 2.06247408e+01 1.67443571e+01 -4.39960749e-03 -7.18801344e+01 1.18980863e+01 -3.17829395e-01 -4.11064839e+01 7.10572895e-01 7.09763607e+00 1.00114022e-01
2.68438460e+00 1.11600000e+04 1.10024085e+03 8.60717119e+02 2.32316399e-01 -3.83600067e+03 2.09809408e+01 1.71005571e+01 1.61705990e-04 -7.31419121e+01 9.84687849e+00 9.18826031e-02 -3.44429268e+01 5.75822087e-01 7.09455387e+00 8.11639600e-02
2.68763507e+00 1.13320000e+04 1.10302989e+03 8.63506168e+02 -2.80693656e+00 -3.84451262e+03 2.10705017e+01 1.71901180e+01 -3.09971581e-02 -7.34696644e+01 9.60222052e+00 -1.43960455e-01 -3.33480719e+01 5.58589565e-01 7.08750361e+00 7.88133023e-02
2.69088499e+00 9.72600000e+03 1.13231215e+03 8.92788428e+02 -1.15869091e+00 -3.94921168e+03 2.13473089e+01 1.74669252e+01 -3.75449040e-02 -7.44334806e+01 1.07918653e+01 -8.02336420e-02 -3.75834042e+01 6.17845735e-01 7.14934155e+00 8.64199494e-02
2.69385052e+00 8.53600000e+03 1.14982265e+03 9.10298921e+02 7.18786614e-01 -4.01214116e+03 2.16667397e+01 1.77863560e+01 8.01366212e-03 -7.55943087e+01 1.12156206e+01 -9.33153698e-02 -3.90392092e+01 6.30574389e-01 7.15399321e+00 8.81429952e-02
2.69689333e+00 8.90400000e+03 1.16533881e+03 9.25815085e+02 5.12461969e-01 -4.06735696e+03 2.23558936e+01 1.84755099e+01 2.59431699e-02 -7.80428146e+01 1.12168197e+01 -8.93042678e-02 -3.90363502e+01 6.07118278e-01 7.07886956e+00 8.57648629e-02
2.70022308e+00 8.59600000e+03 1.17105984e+03 9.31536111e+02 6.71098200e-01 -4.08884795e+03 2.26142041e+01 1.87338204e+01 3.29553110e-03 -7.89577842e+01 1.09387755e+01 -1.22511880e-01 -3.80653278e+01 5.83905219e-01 7.05158380e+00 8.28048330e-02
2.70347853e+00 7.26100000e+03 1.20629017e+03 9.66766443e+02 8.74549042e-01 -4.21307948e+03 2.27076954e+01 1.88273117e+01 9.69299453e-03 -7.92948111e+01 1.30995252e+01 2.33500789e-01 -4.59911748e+01 6.95772473e-01 7.16583208e+00 9.70958383e-02
2.70632784e+00 5.98800000e+03 1.21815579e+03 9.78632062e+02 -1.19552335e+00 -4.25145766e+03 2.34256379e+01 1.95452542e+01 -3.51769503e-02 -8.17422047e+01 1.34447539e+01 2.24036307e-01 -4.71441948e+01 6.87878181e-01 7.07602010e+00 9.72125814e-02
2.70941064e+00 6.92800000e+03 1.25385974e+03 1.01433601e+03 1.60581141e+00 -4.38126374e+03 2.34222754e+01 1.95418918e+01 -2.07224855e-02 -8.17875240e+01 1.03416841e+01 1.57545279e-01 -3.62763054e+01 5.29205882e-01 7.20456261e+00 7.34542693e-02
2.71284530e+00 6.27600000e+03 1.27708068e+03 1.03755695e+03 -4.05692561e+00 -4.45771499e+03 2.39195295e+01 2.00391459e+01 -1.11451170e-02 -8.35566970e+01 1.10777042e+01 -3.12577975e-02 -3.86576154e+01 5.52803214e-01 7.19558933e+00 7.68252869e-02
2.71610874e+00 5.12200000e+03 1.28047869e+03 1.04095496e+03 3.51908363e-01 -4.47437122e+03 2.47079505e+01 2.08275668e+01 -8.27732111e-02 -8.62481355e+01 1.46473407e+01 3.38934636e-02 -5.12134558e+01 7.03267011e-01 7.06963028e+00 9.94771980e-02
2.71882491e+00 4.02000000e+03 1.29720933e+03 1.05768560e+03 1.87832161e+00 -4.53349999e+03 2.41660247e+01 2.02856410e+01 -2.28718970e-02 -8.43961264e+01 9.76388111e+00 -9.50810915e-02 -3.40226265e+01 4.81319823e-01 7.22077694e+00 6.66576224e-02
2.72195720e+00 5.02900000e+03 1.33140966e+03 1.09188594e+03 1.82744202e+00 -4.65527596e+03 2.54178606e+01 2.15374769e+01 -1.40754602e-02 -8.88241155e+01 1.22795435e+01 -1.76292602e-02 -4.28928322e+01 5.70147726e-01 7.12018412e+00 8.00748572e-02
2.72547675e+00 4.32400000e+03 1.35759260e+03 1.11806888e+03 1.80419999e-01 -4.74617387e+03 2.58009836e+01 2.19206000e+01 4.03491615e-02 -9.02388495e+01 1.29914657e+01 -2.63749337e-01 -4.51394618e+01 5.92660134e-01 7.14180621e+00 8.29846285e-02
2.72874185e+00 3.33600000e+03 1.35956284e+03 1.12003911e+03 -1.45433990e-01 -4.75339501e+03 2.53654716e+01 2.14850879e+01 9.59852413e-03 -8.86998923e+01 1.23001760e+01 -2.93729218e-01 -4.27243330e+01 5.72498287e-01 7.22018004e+00 7.92914142e-02
2.73135763e+00 2.62000000e+03 1.36536533e+03 1.12584161e+03 1.39768891e+00 -4.77431142e+03 2.61375232e+01 2.22571396e+01 -2.59314606e-02 -9.13400727e+01 1.25158465e+01 -8.04545125e-02 -4.36764437e+01 5.62329516e-01 7.11220020e+00 7.90654792e-02
2.73451679e+00 3.25200000e+03 1.39147485e+03 1.15195113e+03 1.88579535e-01 -4.86612940e+03 2.76163366e+01 2.37359529e+01 -2.43086701e-02 -9.65482960e+01 1.38624966e+01 -5.22701957e-02 -4.84329976e+01 5.84029494e-01 6.96648476e+00 8.38341738e-02
2.73808887e+00 2.77300000e+03 1.41351746e+03 1.17399374e+03 5.62666163e-01 -4.94414429e+03 2.73081830e+01 2.34277993e+01 1.60092443e-02 -9.55215436e+01 1.35907123e+01 -2.33063803e-01 -4.72937430e+01 5.80110495e-01 7.07892225e+00 8.19489853e-02
2.74135447e+00 1.89400000e+03 1.47547106e+03 1.23594733e+03 7.96534446e-01 -5.16193117e+03 2.79650283e+01 2.40846446e+01 7.14866755e-02 -9.78910979e+01 1.98341371e+01 -4.50355729e-02 -6.93365185e+01 8.23517949e-01 7.16357581e+00 1.14959061e-01
2.74386120e+00 1.60800000e+03 1.50101431e+03 1.26149059e+03 1.26469439e+00 -5.25106025e+03 2.75419068e+01 2.36615231e+01 8.35528403e-02 -9.64115081e+01 1.17228929e+01 2.92836203e-01 -4.12960597e+01 4.95441181e-01 7.30164407e+00 6.78533734e-02
2.74709714e+00 1.85200000e+03 1.50172955e+03 1.26220582e+03 8.63537462e-01 -5.25419660e+03 2.90669318e+01 2.51865481e+01 3.32564841e-02 -1.01716249e+02 1.37223591e+01 6.14385711e-02 -4.80563938e+01 5.44828893e-01 7.07914429e+00 7.69625355e-02
2.75069574e+00 1.52400000e+03 1.58577273e+03 1.34624900e+03 -1.68373223e+00 -5.54624236e+03 2.85641100e+01 2.46837264e+01 -5.19917834e-02 -9.98794798e+01 1.69007956e+01 4.23462633e-02 -5.91673580e+01 6.84693848e-01 7.38511624e+00 9.27126704e-02
2.75356410e+00 6.97000000e+02 1.50831943e+03 1.26879570e+03 -1.69222706e+00 -5.27566084e+03 2.98998026e+01 2.60194189e+01 3.60438660e-02 -1.04653559e+02 1.48820440e+01 -1.08314323e-01 -5.19582607e+01 5.71959123e-01 6.98308057e+00 8.19064191e-02
2.75613901e+00 1.04400000e+03 1.45011224e+03 1.21058852e+03 2.84422977e+00 -5.07664541e+03 3.02408958e+01 2.63605122e+01 -1.74136182e-02 -1.05793269e+02 9.85101190e+00 1.90967047e-01 -3.46601488e+01 3.73703357e-01 6.77674826e+00 5.51449372e-02
2.75969778e+00 8.44000000e+02 1.65024651e+03 1.41072278e+03 1.38383538e+00 -5.77583157e+03 2.91929616e+01 2.53125779e+01 3.25078813e-02 -1.02184676e+02 1.15363699e+01 3.27687883e-01 -4.07062948e+01 4.55756422e-01 7.46539259e+00 6.10492236e-02
2.76329934e+00 6.28000000e+02 1.63282663e+03 1.39330290e+03 3.69879732e+00 -5.71759690e+03 3.05166279e+01 2.66362442e+01 4.54521523e-02 -1.06836417e+02 5.35117326e+00 -1.47325612e-01 -1.85686265e+01 2.00898190e-01 7.23246393e+00 2.77772820e-02
2.76608134e+00 2.43000000e+02 1.46712510e+03 1.22760137e+03 -9.60570497e-01 -5.13330097e+03 3.27991142e+01 2.89187305e+01 2.20413861e-02 -1.14804895e+02 1.86337513e+01 -1.08493509e-01 -6.51002281e+01 6.44348868e-01 6.51536980e+00 9.88967454e-02
2.76869856e+00 3.64000000e+02 1.70254789e+03 1.46302416e+03 -1.57126426e+00 -5.95673211e+03 3.03564247e+01 2.64760410e+01 6.99687120e-02 -1.06306478e+02 1.55094206e+01 1.14200000e-01 -5.43916792e+01 5.85790775e-01 7.43360067e+00 7.88030998e-02
2.77229138e+00 2.28000000e+02 1.58841068e+03 1.34888696e+03 -4.41579220e-01 -5.55856554e+03 3.52411667e+01 3.13607830e+01 3.60031406e-03 -1.23340054e+02 2.52813929e+01 9.00412226e-02 -8.85652375e+01 8.06146736e-01 6.55834606e+00 1.22919213e-01
2.77586966e+00 1.24000000e+02 1.48982513e+03 1.25030140e+03 -1.40712796e+00 -5.21278141e+03 3.41230029e+01 3.02426192e+01 1.57489040e-02 -1.19441903e+02 3.56374249e+01 -7.76098873e-03 -1.24714408e+02 1.17838421e+00 6.42980288e+00 1.83269103e-01
2.77874665e+00 3.30000000e+01 1.79187224e+03 1.55234852e+03 5.94022228e+00 -6.27735036e+03 3.47215118e+01 3.08411281e+01 9.49085959e-02 -1.21617543e+02 -2.24867325e+01 -4.47332876e-01 7.91486569e+01 -7.29115108e-01 7.09462571e+00 -1.02770060e-01
2.78114085e+00 2.80000000e+01 1.27098038e+03 1.03145665e+03 3.67032825e+00 -4.45206495e+03 5.77014528e+01 5.38210691e+01 1.14366472e-01 -2.02066971e+02 2.72524115e+01 2.05048298e-02 -9.54017644e+01 5.06352101e-01 4.37773360e+00 1.15665353e-01
2.78463636e+00 4.00000000e+00 1.09316737e+03 8.53643648e+02 -5.86096668e+00 -3.82019661e+03 2.91530542e+01 2.52726705e+01 3.96558891e-02 -1.02075186e+02 -4.96233283e+01 8.68823191e-02 1.73594329e+02 -1.96351740e+00 5.81182781e+00 -3.37848515e-01
