# AbacusPNG P(k) multipoles  --  space = real
# 
# SimName = Abacus_pngbase_c000_ph001
# ZD_f_NL = 0.0
# ZD_Seed = 12421
# Redshift = 0.5
# BoxSize_Mpch = 2000.0
# ParticleMassHMsun = 10135022355.24357
# Omega_M = 0.315192
# f_growth = 0.759069923632896
# M_min_Msunh = 1000000000000.0
# N_min = 99
# N_halos = 33399614
# nbar_halo = 0.00417495175
# P_shot_hh = 239.5237262322852
# mean_halo_mass = 4415035067399.799
# N_matter = 2061651797
# nbar_matter = 0.257706474625
# P_shot_mm = 3.8803836863437127
# P_selfterm_hm_lowk_INFO_ONLY = 50.47062299571136
# grid = 1024
# MAS = TSC
# LOS_axis = 2
# k_fundamental = 0.0031415926535897933
# pos_field = x_L2com
# vel_field = v_L2com
# cleaned = False
# RSD_factor_Mpch_per_kms = 0.011343534115768038
# VelZSpace_to_kms = 176311.8953571892
# smoke = False
# created = 2026-09-03 02:09:01
# space = real
# 
# Shot noise is NOT subtracted from P2 or P4 (it is isotropic: ell=0 only).
# P0_hm carries a halo/matter self-pair term ~<M_h>/rho_m; NOT subtracted.
# b_cross = P0_hm / P0_mm_shotsub
# b_auto  = sqrt(P0_hh_shotsub / P0_mm_shotsub)
# r       = P0_hm / sqrt(P0_hh_shotsub * P0_mm_shotsub)
# 
# columns: k  Nmodes  P0_hh_raw  P0_hh_shotsub  P2_hh  P4_hh  P0_mm_raw  P0_mm_shotsub  P2_mm  P4_mm  P0_hm  P2_hm  P4_hm  b_cross  b_auto  r
4.44982061e-03 1.30000000e+01 1.50208041e+04 1.47812804e+04 2.10874133e+04 5.09957823e+03 8.77346218e+03 8.76958180e+03 1.25778592e+04 4.14430722e+03 1.12225216e+04 1.63718494e+04 4.75536002e+03 1.27971000e+00 1.29827468e+00 9.85700505e-01
7.53956108e-03 3.30000000e+01 2.11663638e+04 2.09268401e+04 -2.09070769e+03 5.90944017e+03 1.33936452e+04 1.33897649e+04 -7.80661886e+02 4.59630698e+03 1.67271347e+04 -1.33838884e+03 5.24306695e+03 1.24924783e+00 1.25015929e+00 9.99270927e-01
1.07239509e-02 7.90000000e+01 1.92784630e+04 1.90389392e+04 2.92606892e+03 -7.52186978e+03 1.20466989e+04 1.20428185e+04 1.89444410e+03 -4.54665947e+03 1.50417995e+04 2.32753642e+03 -5.71036349e+03 1.24902651e+00 1.25735324e+00 9.93377574e-01
1.39183039e-02 1.17000000e+02 2.37555594e+04 2.35160357e+04 -9.73522373e+03 -3.83844430e+03 1.46437820e+04 1.46399016e+04 -5.22964761e+03 -3.23524634e+03 1.84511119e+04 -7.16010511e+03 -3.47489206e+03 1.26033032e+00 1.26739788e+00 9.94423567e-01
1.71754989e-02 2.05000000e+02 2.28163650e+04 2.25768413e+04 -1.09900185e+03 1.63214102e+02 1.41904428e+04 1.41865624e+04 5.51993879e+02 -1.83203617e+02 1.78114262e+04 -6.77434267e+01 -3.07867209e+01 1.25551389e+00 1.26151670e+00 9.95241597e-01
2.02394338e-02 2.35000000e+02 2.33267793e+04 2.30872556e+04 -2.59501047e+03 3.20275055e+03 1.45367471e+04 1.45328667e+04 -1.59843786e+03 1.34284500e+03 1.82155858e+04 -2.03604983e+03 2.10773569e+03 1.25340624e+00 1.26040614e+00 9.94446316e-01
2.33835834e-02 3.69000000e+02 2.10308671e+04 2.07913434e+04 -2.90243105e+03 -1.79630658e+03 1.30840470e+04 1.30801666e+04 -2.23935557e+03 -7.96668238e+02 1.64143145e+04 -2.57538628e+03 -1.23319911e+03 1.25490103e+00 1.26076643e+00 9.95347744e-01
2.65411255e-02 4.33000000e+02 1.95947654e+04 1.93552417e+04 2.94779121e+03 -4.93910784e+03 1.20568491e+04 1.20529688e+04 1.84106954e+03 -2.82667528e+03 1.51848007e+04 2.30752981e+03 -3.70917329e+03 1.25983905e+00 1.26722077e+00 9.94174869e-01
2.97268122e-02 5.85000000e+02 1.84927370e+04 1.82532133e+04 -4.04053568e+02 3.75282587e+02 1.13189527e+04 1.13150723e+04 -3.04974107e+02 -1.70730563e+02 1.43021666e+04 -3.65676572e+02 4.33735227e+00 1.26399251e+00 1.27010901e+00 9.95184268e-01
3.28811241e-02 6.79000000e+02 1.67887161e+04 1.65491924e+04 -1.28471169e+03 3.18299669e+03 1.04145062e+04 1.04106258e+04 -6.81508121e+02 2.09195452e+03 1.30560710e+04 -9.29336826e+02 2.56988765e+03 1.25411010e+00 1.26081098e+00 9.94685259e-01
3.59831645e-02 8.13000000e+02 1.66792738e+04 1.64397501e+04 9.45043803e+01 -2.43675682e+03 1.02639255e+04 1.02600451e+04 4.69884591e+02 -1.57058306e+03 1.29125399e+04 3.44538063e+02 -1.95239487e+03 1.25852663e+00 1.26582297e+00 9.94235892e-01
3.91393046e-02 9.85000000e+02 1.42739934e+04 1.40344697e+04 -2.25093948e+02 -5.15240936e+02 8.81439034e+03 8.81050996e+03 -1.58140258e+02 -6.05316687e+02 1.10595451e+04 -1.97379226e+02 -5.60584778e+02 1.25526731e+00 1.26211079e+00 9.94577744e-01
4.23519947e-02 1.18300000e+03 1.38591347e+04 1.36196110e+04 -5.39419314e+01 1.82957961e+03 8.51806585e+03 8.51418547e+03 9.49735455e+01 1.46650580e+03 1.07006408e+04 4.23005681e+01 1.64943256e+03 1.25680147e+00 1.26476779e+00 9.93701354e-01
4.54842731e-02 1.26900000e+03 1.26335145e+04 1.23939908e+04 -6.24049445e+02 9.71320898e+02 7.81230143e+03 7.80842105e+03 -2.41317826e+02 5.07110523e+02 9.77415003e+03 -3.86522918e+02 6.85099965e+02 1.25174475e+00 1.25986489e+00 9.93554752e-01
4.86039489e-02 1.53700000e+03 1.15515081e+04 1.13119843e+04 -9.68037615e+02 9.08811471e+02 7.02330245e+03 7.01942206e+03 -4.40972515e+02 5.93316501e+02 8.83943181e+03 -6.60452790e+02 7.38335362e+02 1.25928199e+00 1.26945912e+00 9.91983102e-01
5.17381519e-02 1.65300000e+03 1.10047773e+04 1.07652536e+04 -5.50698886e+02 -2.27811031e+02 6.71906208e+03 6.71518170e+03 -3.44360031e+02 3.20271994e+01 8.43510909e+03 -4.44039476e+02 -9.38424530e+01 1.25612522e+00 1.26614443e+00 9.92086838e-01
5.48788222e-02 1.96300000e+03 1.11167739e+04 1.08772502e+04 1.27029312e+03 2.92025660e+02 6.71607055e+03 6.71219017e+03 6.22177462e+02 -5.01288337e+01 8.47919262e+03 8.91248556e+02 6.53467907e+01 1.26325274e+00 1.27299715e+00 9.92345297e-01
5.80271542e-02 2.12100000e+03 1.06712124e+04 1.04316886e+04 3.55437402e+02 1.66238532e+03 6.47177992e+03 6.46789954e+03 9.33824672e+01 1.03348961e+03 8.14756082e+03 1.84530533e+02 1.31989827e+03 1.25969192e+00 1.26997647e+00 9.91901782e-01
6.11834833e-02 2.41300000e+03 1.00721458e+04 9.83262207e+03 -1.64421080e+02 -3.03715587e+02 6.10740709e+03 6.10352671e+03 -3.36050663e+01 -3.03210689e+02 7.68367543e+03 -7.84938011e+01 -3.00494454e+02 1.25889110e+00 1.26924146e+00 9.91845240e-01
6.43408632e-02 2.63500000e+03 9.64067508e+03 9.40115136e+03 -2.57215680e+02 -1.94843113e+02 5.87710313e+03 5.87322274e+03 -1.21576345e+02 -1.84256333e+02 7.36674522e+03 -1.75763682e+02 -1.74733753e+02 1.25429352e+00 1.26517991e+00 9.91395382e-01
6.74750401e-02 2.87700000e+03 9.71166304e+03 9.47213931e+03 -5.83604678e+01 -6.04277011e+02 5.89635068e+03 5.89247029e+03 -1.15267612e+01 -3.53598250e+02 7.40882161e+03 -3.68261768e+01 -4.81552358e+02 1.25733712e+00 1.26787179e+00 9.91691061e-01
7.05974779e-02 3.16900000e+03 9.09973473e+03 8.86021100e+03 3.57260890e+02 3.72704484e+02 5.51619156e+03 5.51231118e+03 8.30658126e+01 2.31322755e+02 6.92878306e+03 1.87922892e+02 2.85884218e+02 1.25696515e+00 1.26781291e+00 9.91443725e-01
7.37566788e-02 3.50700000e+03 8.76380824e+03 8.52428451e+03 3.23282203e+02 1.92547854e+02 5.23950025e+03 5.23561987e+03 9.97263983e+01 3.05392982e+02 6.62153434e+03 1.88073977e+02 2.57836283e+02 1.26470876e+00 1.27598308e+00 9.91164215e-01
7.68932537e-02 3.68500000e+03 8.42061906e+03 8.18109534e+03 2.82170798e+02 -1.76389763e+02 5.03705540e+03 5.03317502e+03 1.36675065e+02 -2.28360565e+02 6.36279102e+03 2.00728262e+02 -2.16685500e+02 1.26417043e+00 1.27492522e+00 9.91564378e-01
8.00328772e-02 4.16500000e+03 7.94751707e+03 7.70799334e+03 -4.90282635e+02 -2.02903280e+01 4.76845827e+03 4.76457789e+03 -2.57563623e+02 -2.82990408e+01 6.00848686e+03 -3.52252871e+02 -3.39993945e+01 1.26107433e+00 1.27191606e+00 9.91476066e-01
8.31995584e-02 4.37700000e+03 7.38026622e+03 7.14074250e+03 6.68115789e+01 -2.69460374e+02 4.45217767e+03 4.44829728e+03 -2.58250964e+00 -1.65136004e+02 5.58223556e+03 2.46423474e+01 -2.23488160e+02 1.25491513e+00 1.26699466e+00 9.90465998e-01
8.63597823e-02 4.85500000e+03 6.99629986e+03 6.75677614e+03 -1.10691308e+02 4.16884579e+02 4.17697703e+03 4.17309665e+03 -9.40461141e+01 2.70983050e+02 5.25906978e+03 -1.02212480e+02 3.40420073e+02 1.26023196e+00 1.27244947e+00 9.90398437e-01
8.94882607e-02 4.92900000e+03 6.61423591e+03 6.37471218e+03 -9.31586413e+01 8.81552202e+01 3.93075718e+03 3.92687679e+03 -2.43651952e+01 1.27762871e+02 4.95432008e+03 -4.76319131e+01 1.09625185e+02 1.26164388e+00 1.27410920e+00 9.90216441e-01
9.26176845e-02 5.58100000e+03 6.25758338e+03 6.01805965e+03 2.42796987e+00 -1.52937937e+02 3.71368306e+03 3.70980268e+03 4.50853267e+01 -1.17179576e+02 4.67254833e+03 2.97685905e+01 -1.32476547e+02 1.25951398e+00 1.27365803e+00 9.88894936e-01
9.57403394e-02 5.67900000e+03 5.84349873e+03 5.60397500e+03 8.50502681e+01 -1.55567974e+02 3.45443214e+03 3.45055176e+03 4.76402754e+01 -1.08163809e+02 4.34871312e+03 5.92971230e+01 -1.38807606e+02 1.26029500e+00 1.27439430e+00 9.88936466e-01
9.88944934e-02 6.38500000e+03 5.52553962e+03 5.28601589e+03 -1.85106659e+00 1.14999084e+02 3.26288730e+03 3.25900691e+03 -2.26759135e+01 2.10280305e+01 4.10198111e+03 -1.28226393e+01 6.67097215e+01 1.25865984e+00 1.27356640e+00 9.88295422e-01
1.02046887e-01 6.55300000e+03 5.35896473e+03 5.11944100e+03 -1.93269824e+02 3.42715060e+02 3.18849051e+03 3.18461013e+03 -1.09171177e+02 1.92705973e+02 3.99068644e+03 -1.43654314e+02 2.64824359e+02 1.25311617e+00 1.26789455e+00 9.88344154e-01
1.05196965e-01 7.12500000e+03 5.12883720e+03 4.88931347e+03 2.34411067e+02 2.34244168e+02 3.04742481e+03 3.04354443e+03 1.21595209e+02 1.42759089e+02 3.81115093e+03 1.70830428e+02 1.79037534e+02 1.25220808e+00 1.26745958e+00 9.87966875e-01
1.08345485e-01 7.44700000e+03 4.90634948e+03 4.66682575e+03 -1.61012371e+00 -5.30902671e+01 2.89840778e+03 2.89452739e+03 9.78226730e+00 2.61808330e+00 3.62793379e+03 3.86853545e+00 -1.80627491e+01 1.25337691e+00 1.26976093e+00 9.87096764e-01
1.11485014e-01 7.92900000e+03 4.72892939e+03 4.48940566e+03 1.19307796e+02 8.50018266e+01 2.79560636e+03 2.79172598e+03 7.00009980e+01 8.28995041e+01 3.49563401e+03 8.81361886e+01 7.55821544e+01 1.25214080e+00 1.26811322e+00 9.87404580e-01
1.14631001e-01 8.35300000e+03 4.70431112e+03 4.46478740e+03 3.34804749e+01 8.42495975e+01 2.77074042e+03 2.76686003e+03 -7.94714145e+00 2.62828560e+01 3.47054019e+03 8.41977005e+00 4.68738451e+01 1.25432445e+00 1.27030146e+00 9.87422664e-01
1.17757075e-01 8.77500000e+03 4.62261041e+03 4.38308669e+03 6.09321945e+01 4.88472566e+01 2.72565309e+03 2.72177270e+03 4.85718048e+01 -7.27437731e+00 3.40964153e+03 4.90915728e+01 8.33633709e+00 1.25272824e+00 1.26900725e+00 9.87171855e-01
1.20895529e-01 9.31300000e+03 4.40539112e+03 4.16586739e+03 2.17305967e+01 -1.34351833e+01 2.58122546e+03 2.57734508e+03 4.26867456e+01 -4.29894972e+01 3.23331963e+03 3.59414053e+01 -3.60899376e+01 1.25451561e+00 1.27135383e+00 9.86755676e-01
1.24042827e-01 9.84100000e+03 4.36571450e+03 4.12619077e+03 7.28680597e+01 1.89121774e+02 2.56131466e+03 2.55743428e+03 5.88123842e+01 1.14400666e+02 3.20598207e+03 6.62578788e+01 1.47581121e+02 1.25359314e+00 1.27020088e+00 9.86925106e-01
1.27174613e-01 1.01910000e+04 4.21640193e+03 3.97687820e+03 -1.16038811e+02 1.30242920e+02 2.46316644e+03 2.45928606e+03 -8.13325608e+01 6.81136434e+01 3.08457799e+03 -9.49118626e+01 9.36431602e+01 1.25425750e+00 1.27164715e+00 9.86325103e-01
1.30316713e-01 1.08970000e+04 4.10104537e+03 3.86152165e+03 3.08066143e+00 3.02393112e+01 2.41426202e+03 2.41038164e+03 1.43501247e+01 3.71999485e+01 3.01191427e+03 7.27665072e+00 4.13924529e+01 1.24955908e+00 1.26571618e+00 9.87234817e-01
1.33462869e-01 1.13010000e+04 3.96063264e+03 3.72110891e+03 6.98319996e+00 -2.12791561e+01 2.34206053e+03 2.33818015e+03 1.97985166e+01 -1.86871370e+01 2.91069081e+03 8.03846212e+00 -1.30087011e+01 1.24485310e+00 1.26152891e+00 9.86781275e-01
1.36621167e-01 1.20250000e+04 3.90966127e+03 3.67013755e+03 6.85893460e+01 3.35747532e+01 2.29367678e+03 2.28979639e+03 5.37530900e+01 3.37143273e+01 2.86005033e+03 5.73818754e+01 3.30460984e+01 1.24904133e+00 1.26602633e+00 9.86584011e-01
1.39776484e-01 1.24230000e+04 3.74703564e+03 3.50751191e+03 1.36045802e+02 1.82578907e+01 2.19526260e+03 2.19138221e+03 4.37389608e+01 4.36818955e+01 2.73328071e+03 8.15038029e+01 3.14133052e+01 1.24728616e+00 1.26514561e+00 9.85883486e-01
1.42918315e-01 1.30210000e+04 3.62386217e+03 3.38433844e+03 7.49955275e+01 -4.42458257e+01 2.11561102e+03 2.11173063e+03 5.26792449e+01 1.12260299e+00 2.63563122e+03 7.12611324e+01 -1.17976827e+01 1.24809063e+00 1.26595315e+00 9.85890066e-01
1.46043814e-01 1.34050000e+04 3.47324392e+03 3.23372020e+03 -2.54938708e+01 7.40234545e+01 2.03331440e+03 2.02943401e+03 -3.96551231e+01 1.53798473e+01 2.52362078e+03 -3.82953793e+01 3.28319823e+01 1.24350965e+00 1.26230340e+00 9.85111545e-01
1.49172492e-01 1.42470000e+04 3.40197618e+03 3.16245246e+03 -6.79128761e+01 8.49545080e+01 1.97240844e+03 1.96852806e+03 3.39526125e+00 2.71316031e+01 2.45683026e+03 -2.56025690e+01 4.79883844e+01 1.24805448e+00 1.26748024e+00 9.84673717e-01
1.52319132e-01 1.47130000e+04 3.24222633e+03 3.00270260e+03 -3.25889845e+01 1.28067759e+01 1.89218486e+03 1.88830448e+03 -3.42323915e+01 3.17664943e+01 2.34471031e+03 -3.76062518e+01 2.47898972e+01 1.24170140e+00 1.26101470e+00 9.84684318e-01
1.55463956e-01 1.54890000e+04 3.11808996e+03 2.87856624e+03 4.75871088e+01 5.88182641e+01 1.81248920e+03 1.80860881e+03 2.95278170e+01 1.19886784e+01 2.24793433e+03 3.47717494e+01 2.77358175e+01 1.24290798e+00 1.26158290e+00 9.85197238e-01
1.58608409e-01 1.59130000e+04 2.99869152e+03 2.75916780e+03 -4.98744073e+01 1.49344504e+02 1.73554169e+03 1.73166130e+03 -1.64917384e+01 8.12316095e+01 2.15042422e+03 -2.93515071e+01 1.11357502e+02 1.24182726e+00 1.26228546e+00 9.83792732e-01
1.61759378e-01 1.68790000e+04 2.93431415e+03 2.69479042e+03 -1.06884519e+02 -5.83074507e+01 1.68883715e+03 1.68495677e+03 -2.71096276e+01 -1.27074505e+01 2.09662998e+03 -5.77178368e+01 -3.10657937e+01 1.24432271e+00 1.26464350e+00 9.83931609e-01
1.64908411e-01 1.71930000e+04 2.82808388e+03 2.58856015e+03 -3.48733685e+01 -3.01368671e+01 1.63414741e+03 1.63026703e+03 -1.92237584e+01 -4.10830283e+01 2.02055065e+03 -2.43815661e+01 -3.61128413e+01 1.23939859e+00 1.26008476e+00 9.83583507e-01
1.68058821e-01 1.81570000e+04 2.73280221e+03 2.49327849e+03 -1.79309858e+00 3.53928089e+00 1.58621130e+03 1.58233092e+03 1.73105527e+01 8.35531989e+00 1.95201778e+03 8.97004891e+00 9.80700727e+00 1.23363435e+00 1.25526881e+00 9.82765081e-01
1.71185019e-01 1.83390000e+04 2.68547198e+03 2.44594826e+03 4.69690906e+01 -3.49918763e+01 1.54247741e+03 1.53859703e+03 4.10240499e+00 -3.64211671e+01 1.90791323e+03 2.16143955e+01 -3.42030760e+01 1.24003439e+00 1.26084351e+00 9.83495875e-01
1.74323910e-01 1.95730000e+04 2.62477275e+03 2.38524902e+03 -1.10878501e+02 4.49597035e+01 1.51463101e+03 1.51075062e+03 -4.66978495e+01 3.02738691e+01 1.86616045e+03 -7.61165550e+01 3.84785021e+01 1.23525380e+00 1.25652309e+00 9.83072903e-01
1.77470581e-01 1.99410000e+04 2.55316351e+03 2.31363978e+03 3.13038579e+01 5.77391446e+01 1.46124834e+03 1.45736796e+03 2.50763832e+01 1.20436710e+01 1.80469614e+03 3.08026916e+01 3.07266038e+01 1.23832566e+00 1.25997887e+00 9.82814624e-01
1.80595847e-01 2.06290000e+04 2.51959417e+03 2.28007044e+03 -5.36125229e+01 1.25050730e+02 1.44950558e+03 1.44562520e+03 -3.54488225e+01 8.01794026e+01 1.78418603e+03 -4.71794984e+01 1.02440673e+02 1.23419683e+00 1.25587460e+00 9.82738901e-01
1.83738354e-01 2.16550000e+04 2.46417182e+03 2.22464810e+03 2.59887429e+01 -3.77896968e+01 1.41021700e+03 1.40633661e+03 1.72594834e+01 -3.96774952e+01 1.73791418e+03 2.28492590e+01 -3.94910942e+01 1.23577397e+00 1.25772594e+00 9.82546296e-01
1.86882390e-01 2.21130000e+04 2.44161291e+03 2.20208918e+03 1.59013188e+01 3.91800190e+01 1.40642525e+03 1.40254486e+03 -1.14609424e+00 2.43788594e+01 1.72865984e+03 4.38327410e+00 3.49633549e+01 1.23251661e+00 1.25302308e+00 9.83634403e-01
1.90032702e-01 2.31850000e+04 2.39113495e+03 2.15161122e+03 4.74948176e+01 -6.82260603e+01 1.36544148e+03 1.36156109e+03 2.73801889e+01 -2.23219641e+01 1.68084292e+03 3.61281168e+01 -3.68527426e+01 1.23449688e+00 1.25708121e+00 9.82034312e-01
1.93176993e-01 2.36670000e+04 2.34767253e+03 2.10814880e+03 -4.22721405e+00 3.12605417e+01 1.33749538e+03 1.33361499e+03 -5.83903532e+00 2.92463309e+01 1.64688120e+03 -6.53954955e+00 2.89595849e+01 1.23490003e+00 1.25728981e+00 9.82192030e-01
1.96307009e-01 2.43850000e+04 2.31039939e+03 2.07087566e+03 3.64311331e+01 1.32404567e+01 1.32480368e+03 1.32092329e+03 1.67217692e+01 4.50148168e+00 1.62480763e+03 2.73483160e+01 6.66915706e+00 1.23005449e+00 1.25209769e+00 9.82394987e-01
1.99463225e-01 2.57490000e+04 2.25362908e+03 2.01410535e+03 -4.28950395e+00 -4.84951061e+00 1.28383344e+03 1.27995306e+03 -2.35772848e+01 3.40866950e+01 1.57726552e+03 -1.68698075e+01 1.87018485e+01 1.23228388e+00 1.25442318e+00 9.82351011e-01
2.02603662e-01 2.56750000e+04 2.19406459e+03 1.95454087e+03 -4.02324300e+01 2.50459204e+01 1.25154547e+03 1.24766509e+03 -6.41406334e+00 3.28715321e+01 1.53446276e+03 -1.77413207e+01 3.12598865e+01 1.22986751e+00 1.25162251e+00 9.82618561e-01
2.05745824e-01 2.74090000e+04 2.14942100e+03 1.90989728e+03 3.62251197e+01 -4.17846622e+01 1.22184675e+03 1.21796637e+03 1.48448995e+01 -4.41059548e+01 1.49681781e+03 2.41972903e+01 -4.77978524e+01 1.22894839e+00 1.25223938e+00 9.81400531e-01
2.08890714e-01 2.74050000e+04 2.08100197e+03 1.84147824e+03 -4.16750667e+01 4.56265779e+00 1.18307231e+03 1.17919193e+03 -1.54479951e+01 -2.02529147e+01 1.44663681e+03 -2.63442055e+01 -1.74567289e+01 1.22680352e+00 1.24965764e+00 9.81711700e-01
2.12020032e-01 2.87170000e+04 2.04988337e+03 1.81035965e+03 -2.82844141e+01 -3.68358186e+01 1.16269851e+03 1.15881813e+03 -1.90994710e+01 -3.82967884e+01 1.42249696e+03 -2.23329688e+01 -3.57778445e+01 1.22754117e+00 1.24989862e+00 9.82112586e-01
2.15171285e-01 2.95950000e+04 2.02856269e+03 1.78903897e+03 4.26204715e+00 6.73397357e+00 1.14702057e+03 1.14314019e+03 6.19874877e+00 -2.73184244e+00 1.40218004e+03 5.21137248e+00 5.19094874e+00 1.22660375e+00 1.25100819e+00 9.80492178e-01
2.18317928e-01 3.03010000e+04 1.95763411e+03 1.71811038e+03 2.90640456e+01 -1.36028966e+01 1.11531473e+03 1.11143435e+03 1.68556077e+01 -8.70889077e+00 1.35474190e+03 2.22922841e+01 -1.42289997e+01 1.21891311e+00 1.24332201e+00 9.80367994e-01
2.21449809e-01 3.11010000e+04 1.92108962e+03 1.68156589e+03 1.21936213e+01 4.45828663e+01 1.08933832e+03 1.08545794e+03 -3.13606087e+00 1.97948656e+01 1.32470395e+03 5.59182843e-01 2.90894828e+01 1.22041021e+00 1.24465917e+00 9.80517587e-01
2.24581721e-01 3.20230000e+04 1.84738936e+03 1.60786563e+03 3.84347059e+01 -3.06399525e+01 1.04610286e+03 1.04222248e+03 3.00795129e+01 -2.28346235e+01 1.26826678e+03 3.57125214e+01 -2.52645354e+01 1.21688680e+00 1.24206596e+00 9.79728006e-01
2.27720707e-01 3.29770000e+04 1.80727212e+03 1.56774839e+03 5.63723299e+00 4.77959211e+01 1.02905624e+03 1.02517585e+03 1.16480674e+00 1.13483679e+01 1.24182067e+03 6.80269048e-01 2.79509066e+01 1.21132454e+00 1.23662778e+00 9.79538515e-01
2.30881724e-01 3.44490000e+04 1.79310021e+03 1.55357648e+03 -1.22077285e+01 2.54524781e+00 1.01507556e+03 1.01119518e+03 9.72838064e+00 -7.26999116e+00 1.22883871e+03 1.64904588e+00 -8.83727600e+00 1.21523395e+00 1.23950654e+00 9.80417534e-01
2.34032212e-01 3.45490000e+04 1.78019671e+03 1.54067298e+03 1.81965491e+00 2.18770952e+01 9.93184910e+02 9.89304527e+02 2.36753385e-01 2.29274077e+01 1.20996061e+03 4.53524009e-01 1.95793969e+01 1.22304162e+00 1.24793003e+00 9.80056244e-01
2.37174262e-01 3.61110000e+04 1.75486673e+03 1.51534301e+03 4.24149581e+00 1.92891231e+01 9.89678374e+02 9.85797991e+02 2.72198900e+00 2.00842473e+01 1.19768572e+03 4.53381653e+00 1.94292409e+01 1.21494031e+00 1.23982820e+00 9.79926342e-01
2.40317807e-01 3.65410000e+04 1.71000857e+03 1.47048485e+03 3.09801909e+01 2.01537252e+01 9.56083057e+02 9.52202673e+02 -5.92928555e+00 1.85254496e+01 1.15832203e+03 8.57427397e+00 1.92629154e+01 1.21646585e+00 1.24269794e+00 9.78891016e-01
2.43450963e-01 3.77170000e+04 1.69258105e+03 1.45305732e+03 1.92014562e+01 -1.55103717e+01 9.50015189e+02 9.46134805e+02 5.83628430e+00 -7.31659316e+00 1.14786797e+03 1.20935085e+01 -1.19623424e+01 1.21321821e+00 1.23926694e+00 9.78980530e-01
2.46584855e-01 3.86190000e+04 1.66835981e+03 1.42883609e+03 3.80873352e+00 -3.35095932e+01 9.31274042e+02 9.27393659e+02 4.01623807e+00 -2.27304390e+01 1.12714721e+03 3.38456995e+00 -2.79155154e+01 1.21539240e+00 1.24124966e+00 9.79168365e-01
2.49725337e-01 3.96610000e+04 1.62691427e+03 1.38739055e+03 1.72244010e+01 1.53563488e+00 9.11359845e+02 9.07479462e+02 1.08649012e+01 -5.26451165e+00 1.09954150e+03 1.17177971e+01 -3.80385551e+00 1.21164340e+00 1.23646254e+00 9.79927303e-01
2.52857953e-01 4.05450000e+04 1.59971075e+03 1.36018703e+03 8.68079899e+00 1.33830510e+01 8.96518540e+02 8.92638156e+02 -8.49869559e-01 3.12586069e-01 1.07897794e+03 1.24019332e-01 1.32089724e+00 1.20875176e+00 1.23441614e+00 9.79209299e-01
2.55996200e-01 4.18150000e+04 1.57441794e+03 1.33489421e+03 1.42549212e+01 2.70644549e+01 8.80156761e+02 8.76276377e+02 1.02606395e+01 2.12846812e+01 1.05917807e+03 1.27820838e+01 2.09926844e+01 1.20872604e+00 1.23424925e+00 9.79320860e-01
2.59156305e-01 4.31250000e+04 1.55619067e+03 1.31666695e+03 -5.35104415e+00 3.29426321e+01 8.67094543e+02 8.63214159e+02 -1.92599019e+00 1.31746986e+01 1.04414541e+03 -5.16275318e+00 2.11632296e+01 1.20960181e+00 1.23503336e+00 9.79408211e-01
2.62304482e-01 4.36810000e+04 1.53257914e+03 1.29305541e+03 1.02476150e+01 2.16992632e+01 8.58355759e+02 8.54475375e+02 7.57349410e+00 1.53609872e+01 1.02972293e+03 9.27053905e+00 1.66519354e+01 1.20509375e+00 1.23015204e+00 9.79629918e-01
2.65437865e-01 4.46290000e+04 1.51217673e+03 1.27265301e+03 2.19078954e+01 -1.29674835e+01 8.40871164e+02 8.36990780e+02 7.32107842e+00 4.08380376e+00 1.01040012e+03 1.06634777e+01 -2.58383875e+00 1.20718190e+00 1.23308969e+00 9.78989529e-01
2.68578676e-01 4.62270000e+04 1.48948565e+03 1.24996193e+03 -1.01685194e+00 7.51771224e+00 8.32878364e+02 8.28997981e+02 -4.67606509e-02 -1.33665553e+00 9.96816719e+02 1.89396175e+00 8.61461312e-01 1.20243564e+00 1.22792448e+00 9.79242345e-01
2.71728978e-01 4.69090000e+04 1.45680708e+03 1.21728336e+03 -2.34846403e+00 -3.72564445e+00 8.07174108e+02 8.03293724e+02 -1.60568666e+00 -1.16122383e+01 9.67349329e+02 -1.49322198e+00 -1.11908162e+01 1.20422867e+00 1.23100171e+00 9.78251012e-01
2.74871533e-01 4.82370000e+04 1.44599020e+03 1.20646647e+03 2.07834359e+01 1.63698519e+01 8.01277308e+02 7.97396924e+02 4.81371188e+00 2.49453387e+00 9.60213682e+02 1.16510005e+01 5.03234156e+00 1.20418534e+00 1.23004316e+00 9.78978115e-01
2.77996871e-01 4.85830000e+04 1.41477877e+03 1.17525504e+03 -1.80522023e+01 2.32651178e+01 7.84910314e+02 7.81029930e+02 -3.91600806e+00 9.56334635e+00 9.36878933e+02 -9.72204720e+00 1.42285413e+01 1.19954293e+00 1.22668265e+00 9.77875517e-01
2.81142734e-01 5.09970000e+04 1.40040609e+03 1.16088237e+03 8.87580431e+00 -1.47433916e+01 7.72340032e+02 7.68459649e+02 3.15234321e+00 -1.90678795e+01 9.24829279e+02 3.51724072e+00 -1.88768187e+01 1.20348450e+00 1.22908968e+00 9.79167362e-01
2.84300577e-01 5.13970000e+04 1.36855243e+03 1.12902870e+03 7.34316410e+00 -1.96230525e+01 7.59341074e+02 7.55460690e+02 5.42545529e+00 -1.83472070e+01 9.03919141e+02 6.15187293e+00 -1.77051769e+01 1.19651380e+00 1.22249349e+00 9.78748605e-01
2.87440229e-01 5.24890000e+04 1.34211931e+03 1.10259558e+03 -9.00957537e+00 -2.36869159e+00 7.44998411e+02 7.41118027e+02 -1.05539152e+01 6.11750991e+00 8.84155351e+02 -1.17552908e+01 2.17024116e+00 1.19300208e+00 1.21973205e+00 9.78085379e-01
2.90577511e-01 5.37870000e+04 1.33203137e+03 1.09250765e+03 -2.88758885e-01 1.00638973e+01 7.33800440e+02 7.29920056e+02 4.33419184e+00 3.30564361e+00 8.72392669e+02 2.84166846e+00 6.72473284e+00 1.19518934e+00 1.22341723e+00 9.76927008e-01
2.93719725e-01 5.49130000e+04 1.31908406e+03 1.07956033e+03 1.06720718e+01 -6.26094199e+00 7.26757169e+02 7.22876785e+02 3.64558408e+00 -3.21555904e-01 8.63758690e+02 7.06060354e+00 -3.60373159e+00 1.19489062e+00 1.22205660e+00 9.77770277e-01
2.96858811e-01 5.59770000e+04 1.29014109e+03 1.05061736e+03 -1.54224519e+01 -3.41037069e+01 7.10710699e+02 7.06830316e+02 -4.46685189e+00 -1.21965880e+01 8.42486543e+02 -1.06687069e+01 -1.94706122e+01 1.19192191e+00 1.21917122e+00 9.77649317e-01
2.99998598e-01 5.74150000e+04 1.28605279e+03 1.04652906e+03 8.42185511e+00 3.47147818e+01 7.06642840e+02 7.02762456e+02 1.15168125e+00 1.55316168e+01 8.38919852e+02 3.39925334e+00 2.40702113e+01 1.19374597e+00 1.22031337e+00 9.78229034e-01
3.03133956e-01 5.81050000e+04 1.26293241e+03 1.02340868e+03 6.63657084e+00 1.22839876e+01 6.93179226e+02 6.89298843e+02 -2.94755260e+00 1.08053705e+00 8.20653334e+02 -3.44226537e-01 5.91526097e+00 1.19056247e+00 1.21848664e+00 9.77082907e-01
3.06273479e-01 6.00330000e+04 1.24206234e+03 1.00253861e+03 5.00381454e+00 -1.38823536e+01 6.85457546e+02 6.81577162e+02 1.83404884e+00 -3.77336129e+00 8.08464473e+02 2.28825189e+00 -5.49237437e+00 1.18616720e+00 1.21281075e+00 9.78031564e-01
3.09423887e-01 6.09490000e+04 1.23244209e+03 9.92918365e+02 1.26691323e+01 6.19830046e+00 6.77656278e+02 6.73775895e+02 4.95860417e+00 2.20576703e+00 8.00133753e+02 8.27343790e+00 4.59203376e+00 1.18753692e+00 1.21394507e+00 9.78246009e-01
3.12565528e-01 6.22350000e+04 1.21397229e+03 9.74448561e+02 2.42975469e+01 2.10313238e+01 6.66115920e+02 6.62235536e+02 7.19837435e+00 1.08029763e+01 7.86088081e+02 1.45728539e+01 1.36254074e+01 1.18702190e+00 1.21303468e+00 9.78555610e-01
3.15701373e-01 6.32290000e+04 1.19925546e+03 9.59731737e+02 3.08086378e+01 -7.74529193e+00 6.56063645e+02 6.52183261e+02 6.79991707e+00 -3.71547400e-01 7.73532285e+02 1.72781188e+01 -4.10752400e+00 1.18606584e+00 1.21308185e+00 9.77729440e-01
3.18850178e-01 6.51330000e+04 1.19131245e+03 9.51788726e+02 -8.48452516e+00 -3.44224788e+00 6.48765887e+02 6.44885503e+02 -1.72193442e+00 -8.69021267e-01 7.65316999e+02 -3.64306531e+00 7.29547659e-01 1.18674865e+00 1.21486766e+00 9.76854260e-01
3.21992889e-01 6.57070000e+04 1.17123936e+03 9.31715638e+02 -7.50287391e+00 -1.60180245e+01 6.37670144e+02 6.33789760e+02 -2.46395011e+00 -2.66383688e+00 7.51113071e+02 -3.90138309e+00 -6.19389371e+00 1.18511393e+00 1.21246464e+00 9.77442049e-01
3.25134271e-01 6.75610000e+04 1.15948383e+03 9.19960108e+02 3.16101043e+00 1.43758594e+01 6.30646620e+02 6.26766236e+02 1.87943994e+00 2.70795949e+00 7.42083548e+02 2.75154007e+00 7.90193652e+00 1.18398775e+00 1.21152311e+00 9.77272121e-01
3.28279306e-01 6.85050000e+04 1.14323762e+03 9.03713898e+02 -4.14438496e+00 -2.55883298e+00 6.25406220e+02 6.21525836e+02 -6.65715453e-01 4.99950128e+00 7.33008981e+02 -1.35543047e+00 2.38005062e+00 1.17937009e+00 1.20582945e+00 9.78057126e-01
3.31418464e-01 6.99430000e+04 1.12521079e+03 8.85687068e+02 -4.97767146e+00 1.54132164e+01 6.13030579e+02 6.09150195e+02 4.71905079e+00 8.61705749e+00 7.17953230e+02 1.52273342e+00 1.09602265e+01 1.17861446e+00 1.20580744e+00 9.77448328e-01
3.34559272e-01 7.10970000e+04 1.11757042e+03 8.78046690e+02 -2.08698964e+00 1.40488023e+01 6.11025215e+02 6.07144831e+02 6.24084034e+00 6.94206213e+00 7.14056443e+02 2.15558698e+00 1.09588900e+01 1.17608914e+00 1.20257634e+00 9.77974624e-01
3.37703510e-01 7.30210000e+04 1.10897896e+03 8.69455234e+02 -4.81541905e+00 1.78562172e+01 6.02984842e+02 5.99104458e+02 -1.22363360e-01 8.66060165e+00 7.05306604e+02 -2.88194437e+00 1.17616136e+01 1.17726816e+00 1.20468177e+00 9.77244110e-01
3.40841776e-01 7.33170000e+04 1.09395811e+03 8.54434382e+02 -1.82530710e+01 -5.73076212e+00 5.93590216e+02 5.89709832e+02 -8.62426825e+00 -5.60843560e-01 6.94013460e+02 -1.39864678e+01 -3.59123979e+00 1.17687280e+00 1.20370530e+00 9.77708410e-01
3.43979627e-01 7.57990000e+04 1.08164664e+03 8.42122909e+02 3.99496998e+00 -1.54327401e+01 5.83631800e+02 5.79751416e+02 2.39042528e+00 -3.64291883e+00 6.82728643e+02 4.27224805e+00 -7.81786523e+00 1.17762307e+00 1.20522139e+00 9.77101035e-01
3.47117216e-01 7.60210000e+04 1.06592613e+03 8.26402399e+02 -6.81107890e+00 3.99917323e+00 5.80161845e+02 5.76281462e+02 -1.33092512e+00 4.50301969e+00 6.74989638e+02 -3.05604011e+00 5.30320575e+00 1.17128466e+00 1.19750810e+00 9.78101662e-01
3.50258770e-01 7.87530000e+04 1.06013728e+03 8.20613557e+02 7.53146260e-01 1.47080058e+01 5.74345081e+02 5.70464697e+02 -1.33860552e+00 8.39941064e+00 6.68805721e+02 1.17969742e-01 1.06640987e+01 1.17238757e+00 1.19937490e+00 9.77498836e-01
3.53406248e-01 7.92910000e+04 1.04445427e+03 8.04930542e+02 -1.43064006e+01 -1.13940438e+01 5.63069503e+02 5.59189120e+02 -3.97756735e+00 -1.69028131e+00 6.55442536e+02 -8.95119918e+00 -6.01626257e+00 1.17213035e+00 1.19977511e+00 9.76958381e-01
3.56550950e-01 8.11290000e+04 1.03471271e+03 7.95188988e+02 -2.82584251e+01 9.71307634e+00 5.58056041e+02 5.54175657e+02 -9.62071198e+00 -2.79959471e+00 6.48599755e+02 -1.69586410e+01 2.45697762e+00 1.17038658e+00 1.19787488e+00 9.77052452e-01
3.59695913e-01 8.24410000e+04 1.02364074e+03 7.84117018e+02 -1.35187479e+01 8.65551937e+00 5.51539417e+02 5.47659034e+02 -1.20277135e+01 -3.58170085e+00 6.40015693e+02 -1.28983694e+01 8.12708411e-01 1.16863898e+00 1.19656229e+00 9.76663719e-01
3.62841690e-01 8.39490000e+04 1.01267754e+03 7.73153813e+02 -1.10380719e+01 5.33193005e-01 5.44812797e+02 5.40932413e+02 -2.15918901e-01 6.30992598e+00 6.31743058e+02 -3.58967483e+00 2.71120445e+00 1.16787799e+00 1.19553267e+00 9.76868317e-01
3.65982634e-01 8.51230000e+04 1.00048370e+03 7.60959972e+02 -6.56862354e-01 -5.98129741e+00 5.39861629e+02 5.35981245e+02 5.10406415e+00 2.09428365e+00 6.24530065e+02 3.75610921e+00 8.19680442e-01 1.16520880e+00 1.19153310e+00 9.77907208e-01
3.69125400e-01 8.69290000e+04 9.86826639e+02 7.47302912e+02 2.89991886e+00 4.89611205e+00 5.30898803e+02 5.27018419e+02 -8.48653525e-01 3.55504763e+00 6.13101937e+02 4.23698692e-01 3.24091131e+00 1.16334062e+00 1.19079072e+00 9.76948012e-01
3.72263292e-01 8.77890000e+04 9.75734931e+02 7.36211205e+02 -2.39172178e+00 -7.42990629e+00 5.25439467e+02 5.21559084e+02 1.46721059e+00 -2.96586927e+00 6.06452120e+02 4.65530798e-01 -7.04170189e+00 1.16276782e+00 1.18809031e+00 9.78686393e-01
3.75393555e-01 8.96230000e+04 9.70940321e+02 7.31416595e+02 3.95028746e-01 4.64528829e+00 5.21221636e+02 5.17341253e+02 -6.95503981e+00 5.78527729e+00 6.01450700e+02 -4.75452301e+00 2.90631447e+00 1.16258021e+00 1.18903284e+00 9.77752814e-01
3.78537923e-01 9.13410000e+04 9.63216848e+02 7.23693122e+02 1.95893367e+00 -2.82710531e-01 5.15297171e+02 5.11416788e+02 -9.65552436e-02 -1.67388638e+00 5.94731155e+02 -4.10406618e-02 -1.86448339e+00 1.16290894e+00 1.18956926e+00 9.77588259e-01
3.81682062e-01 9.28450000e+04 9.52537030e+02 7.13013304e+02 3.02818159e+00 1.43450765e+00 5.08953854e+02 5.05073470e+02 -1.35732628e+00 -7.08554976e-01 5.86469430e+02 2.13661372e-01 -1.55649782e-01 1.16115667e+00 1.18815073e+00 9.77280615e-01
3.84823148e-01 9.40870000e+04 9.38971803e+02 6.99448077e+02 -2.76266159e+00 9.66019653e+00 5.03703094e+02 4.99822710e+02 3.21918349e-01 3.92932959e+00 5.78526788e+02 -2.37682819e+00 7.86455415e+00 1.15746399e+00 1.18295915e+00 9.78447980e-01
3.87969743e-01 9.63330000e+04 9.33721618e+02 6.94197892e+02 -6.17777230e+00 -1.39376982e+01 4.99936508e+02 4.96056124e+02 -1.88689969e+00 -6.37818872e+00 5.73419656e+02 -2.09746176e+00 -9.67596644e+00 1.15595721e+00 1.18297683e+00 9.77159644e-01
3.91116457e-01 9.72490000e+04 9.23811223e+02 6.84287497e+02 -6.20616466e+00 2.12080835e+01 4.93875700e+02 4.89995317e+02 -1.81728844e+00 1.02124957e+01 5.66095658e+02 -3.10063738e+00 1.36147235e+01 1.15530830e+00 1.18174381e+00 9.77630084e-01
3.94265747e-01 9.95010000e+04 9.13635357e+02 6.74111631e+02 -3.82765669e+00 -4.50753918e-01 4.87968456e+02 4.84088072e+02 -4.69256498e+00 1.50577001e+00 5.58678937e+02 -5.52629071e+00 2.21485957e+00 1.15408532e+00 1.18005899e+00 9.77989511e-01
3.97394828e-01 9.92830000e+04 9.08870027e+02 6.69346300e+02 7.71939379e+00 -5.74342272e+00 4.82404187e+02 4.78523803e+02 1.80691432e+00 -2.99269844e+00 5.53074978e+02 4.50157904e+00 -4.39174338e+00 1.15579408e+00 1.18269745e+00 9.77252532e-01
4.00524555e-01 1.02537000e+05 8.95209850e+02 6.55686124e+02 -1.19753461e-02 7.96096367e+00 4.79067881e+02 4.75187498e+02 -2.16608504e+00 2.13286912e-01 5.46082321e+02 -9.40282365e-01 2.21476158e+00 1.14919337e+00 1.17466896e+00 9.78312533e-01
4.03668203e-01 1.03477000e+05 8.91842170e+02 6.52318444e+02 -7.07063930e+00 1.04700057e+01 4.73639729e+02 4.69759345e+02 -9.17887816e-01 6.01823139e-01 5.41896590e+02 -4.09476959e+00 4.22196203e+00 1.15356213e+00 1.17839832e+00 9.78923772e-01
4.06811474e-01 1.05751000e+05 8.83060291e+02 6.43536564e+02 3.30201388e-01 -9.55062728e+00 4.69881385e+02 4.66001001e+02 -4.95237126e+00 7.19510531e-01 5.35798597e+02 -3.12246605e+00 -1.09287449e+00 1.14977993e+00 1.17514969e+00 9.78411466e-01
4.09957650e-01 1.06869000e+05 8.72809291e+02 6.33285564e+02 -8.10085689e+00 1.78983656e+01 4.65135741e+02 4.61255358e+02 -3.28192088e+00 9.23453334e+00 5.28875962e+02 -5.98281514e+00 1.27982970e+01 1.14660123e+00 1.17173414e+00 9.78550677e-01
4.13097632e-01 1.08697000e+05 8.65469825e+02 6.25946098e+02 1.80812060e-01 -1.41752739e+01 4.59741061e+02 4.55860677e+02 -1.84694200e+00 -9.49944023e+00 5.22990234e+02 -6.57831591e-01 -9.70566131e+00 1.14725893e+00 1.17179706e+00 9.79059409e-01
4.16244854e-01 1.10577000e+05 8.58935620e+02 6.19411894e+02 -3.28604276e+00 -2.06522240e+00 4.55033517e+02 4.51153134e+02 -4.59928280e+00 3.00849395e+00 5.17464361e+02 -4.77710800e+00 4.94340480e-01 1.14698164e+00 1.17173062e+00 9.78878264e-01
4.19397965e-01 1.12555000e+05 8.50449202e+02 6.10925476e+02 -2.22292197e+00 5.06551103e-01 4.50940317e+02 4.47059933e+02 -8.10301419e-01 -2.70394802e+00 5.12058315e+02 -1.79854236e+00 -7.92994786e-01 1.14539076e+00 1.16899120e+00 9.79811271e-01
4.22531732e-01 1.12593000e+05 8.40591342e+02 6.01067616e+02 -9.71572155e+00 5.62154409e+00 4.44908633e+02 4.41028250e+02 -2.55207508e+00 2.45517728e+00 5.04282886e+02 -6.57407429e+00 2.96163532e+00 1.14342536e+00 1.16742358e+00 9.79443437e-01
4.25664143e-01 1.15573000e+05 8.35823974e+02 5.96300248e+02 -5.74414656e+00 9.99776809e+00 4.41629937e+02 4.37749553e+02 -2.84655670e-01 4.05972922e+00 5.00178427e+02 -3.17606025e+00 8.43327932e+00 1.14261322e+00 1.16713109e+00 9.78993044e-01
4.28809913e-01 1.17283000e+05 8.29158447e+02 5.89634720e+02 4.83561847e+00 8.95009647e+00 4.37306906e+02 4.33426523e+02 2.63017206e+00 3.73487161e-01 4.94845951e+02 3.42785330e+00 3.36252739e+00 1.14170667e+00 1.16636313e+00 9.78860390e-01
4.31952924e-01 1.18581000e+05 8.23690138e+02 5.84166412e+02 -6.53241889e+00 -8.58987075e+00 4.34128398e+02 4.30248014e+02 -1.71853381e+00 4.08571439e+00 4.91249267e+02 -3.23754424e+00 2.86342576e-01 1.14178160e+00 1.16522248e+00 9.79882919e-01
4.35091937e-01 1.20625000e+05 8.16994981e+02 5.77471255e+02 -3.77082723e+00 1.43370796e+01 4.29882041e+02 4.26001658e+02 -1.22950167e+00 5.16483837e+00 4.85624064e+02 -2.17980518e+00 8.03192184e+00 1.13995816e+00 1.16428564e+00 9.79105226e-01
4.38232055e-01 1.21935000e+05 8.11835245e+02 5.72311519e+02 4.79505653e+00 1.27734383e+00 4.27987953e+02 4.24107570e+02 1.66672135e+00 -1.35309607e+00 4.82780660e+02 3.40578148e+00 -7.53025525e-01 1.13834483e+00 1.16165785e+00 9.79931251e-01
4.41375194e-01 1.24441000e+05 8.03225916e+02 5.63702190e+02 -4.63935403e+00 -1.37765552e+01 4.23425136e+02 4.19544752e+02 -1.03399171e+00 -4.32883877e+00 4.76626540e+02 -2.75219700e+00 -8.03171035e+00 1.13605649e+00 1.15913952e+00 9.80086064e-01
4.44516638e-01 1.25517000e+05 7.95711936e+02 5.56188209e+02 5.63837445e-01 8.00311129e+00 4.16200612e+02 4.12320228e+02 5.66925396e-01 7.30920450e+00 4.68435587e+02 4.85216143e-01 5.89325403e+00 1.13609655e+00 1.16143141e+00 9.78186515e-01
4.47654212e-01 1.27357000e+05 7.94470726e+02 5.54947000e+02 -3.10888194e+00 1.12147079e+01 4.17508181e+02 4.13627797e+02 -4.00176612e+00 2.75782000e+00 4.69417402e+02 -5.39320071e+00 6.18493388e+00 1.13487876e+00 1.15829957e+00 9.79780006e-01
4.50797826e-01 1.29895000e+05 7.86977749e+02 5.47454023e+02 -5.24525606e+00 -5.22121130e+00 4.12429645e+02 4.08549261e+02 -2.50665403e-01 -2.62868470e+00 4.63704836e+02 -1.61782391e+00 -4.00674724e+00 1.13500349e+00 1.15758159e+00 9.80495455e-01
4.53941666e-01 1.30701000e+05 7.79889939e+02 5.40366213e+02 -1.95420419e+00 -9.64758607e-01 4.09313193e+02 4.05432809e+02 -2.22510564e+00 -4.32752838e-01 4.58809289e+02 -4.90255825e-01 -2.14709092e+00 1.13165308e+00 1.15447531e+00 9.80231519e-01
4.57087205e-01 1.33921000e+05 7.76730312e+02 5.37206586e+02 1.06778045e+01 -9.58676651e+00 4.06139415e+02 4.02259031e+02 3.53045604e+00 1.57425695e+00 4.55415579e+02 6.29068330e+00 -2.27886166e+00 1.13214507e+00 1.15562722e+00 9.79680168e-01
4.60231541e-01 1.34187000e+05 7.68453108e+02 5.28929381e+02 -7.27741664e+00 2.07864912e-01 4.01136158e+02 3.97255774e+02 -3.51435126e+00 2.70696137e+00 4.49652604e+02 -5.63787482e+00 1.81763630e+00 1.13189696e+00 1.15388821e+00 9.80941611e-01
4.63371721e-01 1.37125000e+05 7.60552106e+02 5.21028380e+02 -5.01970421e+00 8.99984788e+00 3.98295521e+02 3.94415138e+02 -2.81255215e+00 4.80129928e+00 4.45182279e+02 -3.89319806e+00 7.03618756e+00 1.12871499e+00 1.14935424e+00 9.82042745e-01
4.66516210e-01 1.38457000e+05 7.55316553e+02 5.15792826e+02 -6.21835875e-01 -1.06832262e-01 3.94895991e+02 3.91015607e+02 -1.44838880e+00 1.89368503e+00 4.40504165e+02 -6.00897581e-01 9.64193275e-01 1.12656415e+00 1.14852540e+00 9.80878745e-01
4.69663289e-01 1.40937000e+05 7.51885362e+02 5.12361636e+02 1.04580393e+00 -1.88986249e+00 3.91543555e+02 3.87663171e+02 -6.36078357e-01 1.29052898e+00 4.37401037e+02 -1.02299866e-01 3.49300060e-01 1.12830176e+00 1.14963779e+00 9.81441086e-01
4.72798741e-01 1.41367000e+05 7.46296208e+02 5.06772482e+02 8.18940007e-01 1.02307255e+00 3.88950749e+02 3.85070366e+02 2.77752882e+00 -2.21618932e+00 4.33302173e+02 1.86043475e+00 -6.87289091e-01 1.12525453e+00 1.14719293e+00 9.80876448e-01
4.75933001e-01 1.44381000e+05 7.40124806e+02 5.00601080e+02 -3.78617348e+00 -1.12737802e+01 3.84818995e+02 3.80938611e+02 -9.68939114e-01 -4.53222198e+00 4.28569906e+02 -1.85006361e+00 -8.27796269e+00 1.12503667e+00 1.14635306e+00 9.81405040e-01
4.79070663e-01 1.45549000e+05 7.38123527e+02 4.98599801e+02 -5.33752373e+00 5.31530912e-01 3.84614214e+02 3.80733830e+02 -3.60146057e+00 -2.59491106e+00 4.27735105e+02 -4.07172294e+00 -2.70296707e+00 1.12344917e+00 1.14436698e+00 9.81721067e-01
4.82217547e-01 1.49139000e+05 7.29398511e+02 4.89874785e+02 4.86285706e+00 9.33663977e+00 3.77050142e+02 3.73169758e+02 4.07028596e+00 6.24159161e+00 4.19497862e+02 5.19965093e+00 7.28089253e+00 1.12414753e+00 1.14574857e+00 9.81146792e-01
4.85367782e-01 1.49641000e+05 7.28032849e+02 4.88509123e+02 3.02982072e+00 1.46742500e+00 3.78097070e+02 3.74216686e+02 1.23357110e-01 -1.04758170e+00 4.19415833e+02 1.96408930e-01 -1.95774335e-01 1.12078336e+00 1.14254882e+00 9.80950082e-01
4.88504038e-01 1.51825000e+05 7.21897870e+02 4.82374143e+02 2.22344294e+00 8.13929087e+00 3.74900093e+02 3.71019710e+02 5.00352866e-01 -6.56608602e-02 4.15472149e+02 1.50640264e+00 1.14583564e+00 1.11981153e+00 1.14023277e+00 9.82090287e-01
4.91641166e-01 1.53453000e+05 7.17690063e+02 4.78166337e+02 -1.53016708e+00 -2.26480687e-01 3.72567937e+02 3.68687554e+02 -8.35356536e-01 5.32460225e-01 4.12182805e+02 -1.38160046e+00 2.20002499e-02 1.11797320e+00 1.13883357e+00 9.81682689e-01
4.94778485e-01 1.55887000e+05 7.13221604e+02 4.73697878e+02 -7.73798985e+00 1.01717275e+01 3.68756817e+02 3.64876433e+02 -4.49918670e+00 1.70760748e+00 4.08357678e+02 -5.53952097e+00 4.90732385e+00 1.11916704e+00 1.13940419e+00 9.82238831e-01
4.97922815e-01 1.58121000e+05 7.05104711e+02 4.65580985e+02 -1.78749320e+00 -7.11757726e+00 3.64902955e+02 3.61022571e+02 -1.25126003e+00 -5.72602545e+00 4.02801269e+02 -1.45588648e+00 -6.19720905e+00 1.11572323e+00 1.13561322e+00 9.82485241e-01
5.01068105e-01 1.59841000e+05 7.01003317e+02 4.61479590e+02 5.75289363e+00 1.89719161e+00 3.61591035e+02 3.57710652e+02 4.53707301e+00 1.86005632e-01 3.99093902e+02 5.10008395e+00 -2.31270555e-02 1.11568918e+00 1.13582210e+00 9.82274584e-01
5.04202413e-01 1.61175000e+05 6.98077469e+02 4.58553743e+02 -5.53323421e+00 -4.10087768e+00 3.59976055e+02 3.56095671e+02 -3.28915009e+00 -2.57174684e+00 3.96826962e+02 -2.96448847e+00 -2.64793313e+00 1.11438300e+00 1.13478027e+00 9.82025360e-01
5.07347075e-01 1.64677000e+05 6.90912363e+02 4.51388636e+02 1.13568023e+00 1.87688135e+00 3.55697125e+02 3.51816741e+02 4.02957498e+00 5.77819084e-02 3.91911317e+02 3.10736932e+00 8.21022713e-01 1.11396438e+00 1.13270563e+00 9.83454434e-01
5.10496278e-01 1.66057000e+05 6.86308829e+02 4.46785103e+02 -7.68894803e-01 -1.92970705e+00 3.54400166e+02 3.50519782e+02 -3.76537513e+00 -5.01456831e-01 3.89210402e+02 -2.73408576e+00 -1.36400342e-01 1.11038070e+00 1.12899775e+00 9.83510114e-01
5.13636990e-01 1.67703000e+05 6.82894602e+02 4.43370876e+02 4.02764307e+00 9.54471125e+00 3.50506417e+02 3.46626033e+02 2.45953488e+00 1.91338791e+00 3.86081238e+02 3.41143635e+00 3.80528795e+00 1.11382643e+00 1.13097497e+00 9.84837388e-01
5.16779591e-01 1.70269000e+05 6.79076238e+02 4.39552512e+02 3.45942663e+00 2.26086688e+00 3.48335845e+02 3.44455461e+02 1.31486775e+00 1.71411912e+00 3.82789930e+02 1.88408444e+00 1.16702562e+00 1.11129006e+00 1.12963684e+00 9.83758696e-01
5.19923779e-01 1.72257000e+05 6.75216453e+02 4.35692727e+02 -2.33660999e+00 4.62524792e+00 3.46566184e+02 3.42685801e+02 -4.37489393e-01 1.45488293e+00 3.80125072e+02 -8.75809838e-01 3.39444837e+00 1.10925247e+00 1.12756633e+00 9.83758064e-01
5.23063487e-01 1.73653000e+05 6.69403969e+02 4.29880243e+02 3.67375326e-02 1.19462613e+00 3.42968847e+02 3.39088463e+02 -1.43885413e+00 8.05944435e-01 3.75606530e+02 -1.67405630e+00 6.66957931e-01 1.10769481e+00 1.12594515e+00 9.83791090e-01
5.26201718e-01 1.76619000e+05 6.66924442e+02 4.27400715e+02 3.13618776e+00 -1.53390724e+00 3.40996991e+02 3.37116607e+02 -1.51243670e+00 -2.20116013e-02 3.73942675e+02 3.40245227e-01 -1.43714735e+00 1.10923837e+00 1.12597189e+00 9.85138595e-01
5.29340352e-01 1.77565000e+05 6.62996975e+02 4.23473248e+02 -3.43657299e+00 -2.77641261e+00 3.39221318e+02 3.35340935e+02 -5.50534911e-01 2.02951901e+00 3.70811552e+02 -8.29328833e-01 -4.38391487e-01 1.10577479e+00 1.12375000e+00 9.84004263e-01
5.32482167e-01 1.81285000e+05 6.58403260e+02 4.18879534e+02 -5.52210072e+00 -2.52015483e+00 3.36740644e+02 3.32860260e+02 -4.20940510e-01 -2.19574892e+00 3.67386681e+02 -2.55814626e+00 -2.23816911e+00 1.10372647e+00 1.12179525e+00 9.83892981e-01
5.35628389e-01 1.82547000e+05 6.55788434e+02 4.16264708e+02 -4.09991032e+00 5.71782730e-01 3.34698118e+02 3.30817734e+02 -3.40691351e+00 -8.14664174e-01 3.65774034e+02 -3.28731121e+00 -6.46176766e-01 1.10566634e+00 1.12173535e+00 9.85674871e-01
5.38772024e-01 1.84993000e+05 6.49917674e+02 4.10393947e+02 -3.72558989e+00 -3.01720341e+00 3.32208188e+02 3.28327804e+02 -1.22288788e-01 1.00161437e-01 3.61709595e+02 -1.80821394e+00 -2.28252995e-01 1.10167214e+00 1.11801246e+00 9.85384495e-01
5.41912410e-01 1.86777000e+05 6.47023325e+02 4.07499599e+02 4.91021075e+00 -6.87906620e+00 3.31062088e+02 3.27181705e+02 1.83526307e+00 -8.83482692e-01 3.60214933e+02 2.69578777e+00 -2.97396734e+00 1.10096295e+00 1.11601257e+00 9.86514822e-01
5.45054012e-01 1.89073000e+05 6.43946266e+02 4.04422540e+02 -5.76507857e+00 7.72182990e+00 3.27803259e+02 3.23922875e+02 -1.31356461e+00 2.87081237e+00 3.56555241e+02 -2.58313286e+00 4.13386261e+00 1.10074116e+00 1.11736964e+00 9.85118192e-01
5.48194833e-01 1.91491000e+05 6.38246437e+02 3.98722711e+02 2.74879562e-01 -1.05282667e-01 3.24893081e+02 3.21012697e+02 1.10674684e+00 3.21671564e+00 3.52725872e+02 5.94389885e-01 1.56826841e+00 1.09879103e+00 1.11448539e+00 9.85917837e-01
5.51340566e-01 1.93845000e+05 6.38085340e+02 3.98561613e+02 -6.97734943e+00 3.17815085e+00 3.23724993e+02 3.19844609e+02 -2.03448066e+00 1.92455813e+00 3.51935565e+02 -2.53612362e+00 2.67251754e+00 1.10033296e+00 1.11629304e+00 9.85702606e-01
5.54481524e-01 1.95181000e+05 6.33445104e+02 3.93921378e+02 1.92215669e+00 4.73291390e+00 3.21792985e+02 3.17912601e+02 1.20398164e+00 -4.82176678e-01 3.49515119e+02 5.16505818e-01 1.43307552e+00 1.09940631e+00 1.11314286e+00 9.87659671e-01
5.57612714e-01 1.97319000e+05 6.27702732e+02 3.88179006e+02 2.71057751e+00 3.74956050e+00 3.18706116e+02 3.14825732e+02 -1.12232453e+00 4.23784536e+00 3.44783897e+02 1.66792145e-01 3.55924178e+00 1.09515793e+00 1.11040373e+00 9.86270042e-01
5.60751064e-01 2.00233000e+05 6.25101413e+02 3.85577687e+02 -4.31080427e+00 3.95405745e+00 3.17196761e+02 3.13316377e+02 -3.85702340e-01 -7.00304837e-01 3.42907097e+02 -1.90942691e+00 1.58347587e-01 1.09444358e+00 1.10933930e+00 9.86572440e-01
5.63896287e-01 2.03037000e+05 6.20984315e+02 3.81460588e+02 1.07884466e+00 -8.72241783e-01 3.14757978e+02 3.10877595e+02 -2.46136127e+00 -8.09888609e-01 3.39795746e+02 -1.03651556e+00 3.50064391e-01 1.09302102e+00 1.10772033e+00 9.86730128e-01
5.67044776e-01 2.04871000e+05 6.18596699e+02 3.79072973e+02 4.51243826e-01 3.65507776e+00 3.12548796e+02 3.08668413e+02 -6.00961729e-01 5.88783618e+00 3.37836062e+02 -1.39453061e-01 3.88337331e+00 1.09449509e+00 1.10819278e+00 9.87639615e-01
5.70182025e-01 2.06221000e+05 6.16583534e+02 3.77059807e+02 -1.92921569e+00 -6.88245136e+00 3.11377861e+02 3.07497477e+02 -1.29856026e+00 1.16058868e-01 3.36203037e+02 -1.09375398e+00 -9.45660049e-01 1.09335218e+00 1.10734855e+00 9.87360462e-01
5.73319590e-01 2.09529000e+05 6.13748981e+02 3.74225255e+02 4.53025384e+00 5.02585610e+00 3.09624804e+02 3.05744421e+02 1.15552617e+00 8.99218298e-01 3.34468744e+02 2.24353190e+00 2.52864977e+00 1.09394881e+00 1.10633659e+00 9.88802879e-01
5.76471206e-01 2.12545000e+05 6.09376271e+02 3.69852545e+02 4.21291304e+00 5.88665963e+00 3.07435009e+02 3.03554625e+02 1.45372826e+00 1.72235293e+00 3.31550005e+02 2.38475913e+00 3.20414504e+00 1.09222518e+00 1.10381395e+00 9.89501157e-01
5.79614453e-01 2.13207000e+05 6.09403934e+02 3.69880208e+02 2.86020290e+00 -5.74601916e-01 3.06546662e+02 3.02666278e+02 3.13320527e-01 -1.53489016e+00 3.30996340e+02 1.06607957e+00 -1.09519439e+00 1.09360164e+00 1.10547399e+00 9.89260403e-01
5.82754361e-01 2.16577000e+05 6.02278218e+02 3.62754492e+02 -1.13459961e+00 1.17858595e+00 3.03817355e+02 2.99936971e+02 2.63789457e-01 2.15112176e-01 3.26306889e+02 -1.45206657e-01 1.90779910e-01 1.08791820e+00 1.09974349e+00 9.89247228e-01
5.85896538e-01 2.18193000e+05 6.00859247e+02 3.61335521e+02 -9.64366330e-02 3.40824568e-01 3.03123649e+02 2.99243265e+02 1.19090623e-01 -1.31043660e+00 3.25408693e+02 2.88737509e-01 5.39750084e-01 1.08743865e+00 1.09886195e+00 9.89604426e-01
5.89043718e-01 2.22151000e+05 5.97482783e+02 3.57959057e+02 -1.75301392e+00 -4.42089506e+00 2.99968501e+02 2.96088117e+02 -3.43452074e+00 -1.21593773e+00 3.22351294e+02 -2.51984424e+00 -2.20376184e+00 1.08870054e+00 1.09952773e+00 9.90152871e-01
5.92183827e-01 2.21641000e+05 5.95094387e+02 3.55570661e+02 -3.11445923e+00 8.68344727e+00 2.98721432e+02 2.94841049e+02 -1.11213768e+00 2.11357900e+00 3.20382415e+02 -2.29906753e+00 3.41106679e+00 1.08662758e+00 1.09816851e+00 9.89490747e-01
5.95317321e-01 2.26173000e+05 5.90221207e+02 3.50697480e+02 -5.75966284e+00 3.33913258e+00 2.96389949e+02 2.92509565e+02 -1.95353630e+00 -4.55069287e-01 3.17283794e+02 -2.30720624e+00 7.23638540e-01 1.08469545e+00 1.09495504e+00 9.90630127e-01
5.98456104e-01 2.26981000e+05 5.87476541e+02 3.47952815e+02 -1.26447894e+00 -8.33517251e+00 2.94510170e+02 2.90629786e+02 -2.62070086e+00 -3.12940657e+00 3.14699666e+02 -1.73885328e+00 -3.97326525e+00 1.08281973e+00 1.09418339e+00 9.89614486e-01
6.01600789e-01 2.31903000e+05 5.84717631e+02 3.45193905e+02 -4.79426148e+00 1.81877959e+00 2.93091594e+02 2.89211210e+02 -1.34300930e+00 1.51502060e+00 3.13475380e+02 -2.77473848e+00 2.00933339e+00 1.08389775e+00 1.09250642e+00 9.92120257e-01
6.04743422e-01 2.31493000e+05 5.83012641e+02 3.43488915e+02 1.48169422e+00 4.53799572e-01 2.90791137e+02 2.86910753e+02 -6.90798972e-01 4.44046728e+00 3.11371216e+02 -4.00275449e-01 2.71524146e+00 1.08525460e+00 1.09416533e+00 9.91856141e-01
6.07881951e-01 2.36041000e+05 5.79500442e+02 3.39976716e+02 1.98535414e+00 6.35744662e+00 2.88942347e+02 2.85061963e+02 -1.53988398e+00 3.07603730e+00 3.08398882e+02 -1.33850030e-01 3.40677848e+00 1.08186613e+00 1.09208125e+00 9.90646186e-01
6.11024878e-01 2.37231000e+05 5.76091830e+02 3.36568103e+02 -3.25833331e+00 2.86813964e+00 2.87971081e+02 2.84090698e+02 -1.85231434e-01 2.01924237e+00 3.06716536e+02 -1.13524020e+00 2.77981490e+00 1.07964301e+00 1.08844872e+00 9.91909856e-01
6.14170308e-01 2.40925000e+05 5.72805501e+02 3.33281775e+02 -1.11662360e+00 -3.49662339e+00 2.85879643e+02 2.81999259e+02 -3.79377438e-01 5.51203923e-01 3.04324801e+02 -6.92164685e-01 -1.14943122e+00 1.07916879e+00 1.08713080e+00 9.92676132e-01
6.17316493e-01 2.42769000e+05 5.70320725e+02 3.30796999e+02 3.85810830e+00 8.77544282e+00 2.84726509e+02 2.80846125e+02 -5.84851493e-01 3.15768375e+00 3.02601452e+02 2.66875828e-01 5.36705591e+00 1.07746351e+00 1.08529190e+00 9.92786834e-01
6.20451124e-01 2.43757000e+05 5.68122789e+02 3.28599063e+02 -1.95981523e-01 6.85055385e+00 2.83074994e+02 2.79194611e+02 -6.93761780e-01 1.77348852e+00 3.01105495e+02 -4.64060755e-01 4.04423499e+00 1.07847889e+00 1.08487486e+00 9.94104422e-01
6.23587420e-01 2.47983000e+05 5.66646072e+02 3.27122346e+02 -1.77031659e+00 -6.91421677e+00 2.81983705e+02 2.78103321e+02 -1.58304244e+00 -1.89150500e+00 2.99332562e+02 -1.90692618e+00 -2.51582338e+00 1.07633580e+00 1.08455609e+00 9.92420597e-01
6.26732730e-01 2.50273000e+05 5.61787964e+02 3.22264238e+02 -1.92050592e+00 6.99747908e-01 2.79472716e+02 2.75592332e+02 -4.60599668e-01 1.04000866e+00 2.96030662e+02 -6.11908223e-01 5.49488826e-01 1.07416146e+00 1.08136546e+00 9.93338056e-01
6.29874976e-01 2.52373000e+05 5.60325043e+02 3.20801317e+02 -1.38368533e+00 3.78765024e+00 2.78460373e+02 2.74579989e+02 -7.11184699e-01 2.08302832e+00 2.95171948e+02 -3.84508466e-01 3.35886264e+00 1.07499439e+00 1.08089530e+00 9.94540718e-01
6.33016072e-01 2.55447000e+05 5.56323301e+02 3.16799575e+02 -4.85362160e+00 4.89538136e+00 2.76244912e+02 2.72364529e+02 -1.88657721e+00 1.30497246e+00 2.92125386e+02 -3.09606333e+00 2.40964645e+00 1.07255298e+00 1.07849223e+00 9.94493002e-01
6.36158144e-01 2.57089000e+05 5.55242501e+02 3.15718775e+02 -2.55416667e+00 3.14087208e+00 2.75205136e+02 2.71324752e+02 -9.19259272e-01 -9.11072242e-01 2.91181333e+02 -9.20953623e-01 -1.61159895e-01 1.07318382e+00 1.07871197e+00 9.94875230e-01
6.39302078e-01 2.61237000e+05 5.53002672e+02 3.13478946e+02 -1.82554051e-02 -1.42307551e+00 2.73513651e+02 2.69633268e+02 -1.66419842e+00 -3.29590658e-01 2.89423616e+02 -1.47995613e+00 -6.23500993e-01 1.07339728e+00 1.07824500e+00 9.95504067e-01
6.42443294e-01 2.61667000e+05 5.48612168e+02 3.09088442e+02 -2.95744221e+00 4.60505762e+00 2.72474336e+02 2.68593952e+02 -1.31767223e+00 1.65567278e+00 2.86911518e+02 -2.00463907e+00 2.51012848e+00 1.06819798e+00 1.07273702e+00 9.95768734e-01
6.45587710e-01 2.66889000e+05 5.47200388e+02 3.07676661e+02 -2.73022010e+00 3.56534662e+00 2.70622465e+02 2.66742081e+02 -1.52084904e+00 1.00813697e+00 2.85443608e+02 -1.83172343e+00 1.95840466e+00 1.07011090e+00 1.07399315e+00 9.96385220e-01
6.48732863e-01 2.67049000e+05 5.45040430e+02 3.05516704e+02 7.79572542e-01 3.67028114e+00 2.69857718e+02 2.65977334e+02 -2.00244063e+00 1.40249340e+00 2.84662929e+02 -1.39067241e+00 1.90045996e+00 1.07025258e+00 1.07175413e+00 9.98598981e-01
6.51870914e-01 2.70577000e+05 5.42121560e+02 3.02597833e+02 2.13921911e+00 -1.46425869e+00 2.67202606e+02 2.63322222e+02 -8.50317422e-01 -7.80327699e-01 2.81120317e+02 6.43353835e-01 -4.95542519e-01 1.06759055e+00 1.07198609e+00 9.95899629e-01
6.55008661e-01 2.72643000e+05 5.40019275e+02 3.00495549e+02 -2.11051898e+00 5.15490664e+00 2.65487621e+02 2.61607238e+02 -2.78094962e-01 1.48846460e+00 2.79534404e+02 -9.43766769e-01 2.53625247e+00 1.06852703e+00 1.07175161e+00 9.96991297e-01
6.58150724e-01 2.76205000e+05 5.37473005e+02 2.97949279e+02 1.06686460e+00 6.17359101e-01 2.64938605e+02 2.61058221e+02 4.59149072e-01 3.91569832e-01 2.78379765e+02 3.89877355e-01 -1.02642885e-01 1.06635127e+00 1.06832276e+00 9.98154589e-01
6.61293380e-01 2.78169000e+05 5.34693768e+02 2.95170041e+02 -2.81709316e+00 -6.32103665e+00 2.63201712e+02 2.59321328e+02 -1.33647431e+00 -1.69541028e+00 2.76032344e+02 -1.87453785e+00 -2.66521082e+00 1.06444135e+00 1.06688355e+00 9.97710899e-01
6.64432746e-01 2.80819000e+05 5.33951188e+02 2.94427462e+02 -9.59255085e-02 -1.48987567e+00 2.62142718e+02 2.58262334e+02 -1.49182738e+00 1.90221966e+00 2.75292311e+02 -7.24585447e-01 4.98175843e-01 1.06594061e+00 1.06772306e+00 9.98330612e-01
6.67572402e-01 2.83629000e+05 5.31095714e+02 2.91571987e+02 1.33561825e+00 1.08423010e+01 2.61048491e+02 2.57168107e+02 -7.86704853e-01 1.74879695e+00 2.73682589e+02 -1.40956098e-01 4.67334227e+00 1.06421668e+00 1.06479093e+00 9.99460688e-01
6.70720258e-01 2.87737000e+05 5.30101736e+02 2.90578010e+02 -2.01137854e+00 3.95170671e+00 2.60043167e+02 2.56162783e+02 -1.69932776e+00 1.30114407e+00 2.72350704e+02 -1.78602308e+00 2.04946647e+00 1.06319388e+00 1.06505824e+00 9.98249529e-01
6.73865434e-01 2.88229000e+05 5.27875977e+02 2.88352250e+02 5.96846543e-01 -2.82921372e+00 2.58529181e+02 2.54648797e+02 1.98490383e-01 -1.76750614e+00 2.70847055e+02 5.16414093e-01 -2.03934597e+00 1.06361019e+00 1.06412062e+00 9.99520326e-01
6.77000795e-01 2.91519000e+05 5.24322915e+02 2.84799189e+02 -6.73662041e-01 3.91960386e+00 2.57028469e+02 2.53148085e+02 -7.31191748e-01 1.67584966e+00 2.68548625e+02 -8.91190655e-01 2.58364766e+00 1.06083609e+00 1.06067431e+00 1.00015253e+00
6.80141305e-01 2.94697000e+05 5.22098621e+02 2.82574895e+02 -9.67331563e-01 3.09195647e+00 2.55340265e+02 2.51459881e+02 1.60241710e+00 2.18794197e+00 2.66538753e+02 1.28181565e+00 3.48021463e+00 1.05996532e+00 1.06006485e+00 9.99906109e-01
6.83282843e-01 2.96817000e+05 5.21153325e+02 2.81629599e+02 6.54130666e-01 -8.41770331e+00 2.54956436e+02 2.51076052e+02 -7.49903225e-01 -3.44233430e+00 2.66201056e+02 5.34982765e-03 -5.77264977e+00 1.06024073e+00 1.05909886e+00 1.00107814e+00
6.86425749e-01 3.00739000e+05 5.18889664e+02 2.79365938e+02 -6.86444643e+00 1.48065113e+00 2.52817197e+02 2.48936813e+02 -3.27739957e+00 -1.01337759e+00 2.63898938e+02 -4.06332132e+00 -3.15793104e-01 1.06010411e+00 1.05935657e+00 1.00070565e+00
6.89567686e-01 3.01921000e+05 5.16282719e+02 2.76758992e+02 1.54618787e+00 3.74630167e+00 2.51768314e+02 2.47887931e+02 -5.13091382e-01 1.23562444e+00 2.62631985e+02 4.18221481e-01 1.17143687e+00 1.05947871e+00 1.05663059e+00 1.00269547e+00
6.92704784e-01 3.05457000e+05 5.13263791e+02 2.73740065e+02 -5.95812146e+00 -1.26599707e+00 2.50027481e+02 2.46147097e+02 -3.78813270e-01 -1.70143247e+00 2.59964287e+02 -2.27921785e+00 -1.79484332e+00 1.05613387e+00 1.05456129e+00 1.00149123e+00
6.95849321e-01 3.08839000e+05 5.13676439e+02 2.74152713e+02 4.03619911e-01 -3.47626048e+00 2.49360407e+02 2.45480024e+02 6.10580591e-01 -1.24751782e+00 2.59991772e+02 2.35202342e-01 -1.39118992e+00 1.05911580e+00 1.05678878e+00 1.00220197e+00
6.98992226e-01 3.10641000e+05 5.10570698e+02 2.71046972e+02 -1.13036093e+00 2.06759375e+00 2.47736802e+02 2.43856418e+02 -7.84706457e-01 -4.39063814e-01 2.57494486e+02 -1.15747005e+00 -1.82727103e-01 1.05592663e+00 1.05427810e+00 1.00156366e+00
7.02133942e-01 3.14485000e+05 5.09481047e+02 2.69957321e+02 -1.49684263e+00 1.44857512e+00 2.47369616e+02 2.43489233e+02 -1.60442835e+00 5.66475979e-01 2.57099731e+02 -1.76015570e+00 1.24833197e+00 1.05589774e+00 1.05294982e+00 1.00279968e+00
7.05277390e-01 3.16113000e+05 5.07517446e+02 2.67993720e+02 5.31795762e-01 2.08986052e+00 2.45937065e+02 2.42056681e+02 8.33857881e-02 1.86782404e+00 2.55502860e+02 2.81125626e-01 2.09425377e+00 1.05554971e+00 1.05221326e+00 1.00317089e+00
7.08418917e-01 3.20275000e+05 5.04575869e+02 2.65052143e+02 2.89001874e+00 -1.38289486e+00 2.44630298e+02 2.40749914e+02 8.77276527e-01 1.17176698e+00 2.53702969e+02 1.67976391e+00 4.28472096e-01 1.05380295e+00 1.04925873e+00 1.00433089e+00
7.11559089e-01 3.21109000e+05 5.02788771e+02 2.63265045e+02 3.42034561e+00 4.37969582e+00 2.44066925e+02 2.40186541e+02 1.14125860e+00 2.10887302e+00 2.52625693e+02 1.72500227e+00 3.12061949e+00 1.05178955e+00 1.04694114e+00 1.00463102e+00
7.14698901e-01 3.26121000e+05 4.99864706e+02 2.60340979e+02 1.67346018e+00 2.24202392e+00 2.42450375e+02 2.38569992e+02 1.25327858e+00 -4.28345743e-02 2.50768132e+02 1.60230801e+00 1.45727573e+00 1.05113024e+00 1.04463208e+00 1.00622052e+00
7.17843461e-01 3.27727000e+05 4.98934745e+02 2.59411019e+02 -1.92239336e+00 4.67773171e+00 2.41244827e+02 2.37364444e+02 2.21346680e-03 2.12980899e+00 2.49512259e+02 -4.81520294e-01 2.70229684e+00 1.05117791e+00 1.04540935e+00 1.00551799e+00
7.20988561e-01 3.31821000e+05 4.97452942e+02 2.57929216e+02 -1.30508328e+00 -1.41939369e+00 2.40150670e+02 2.36270287e+02 2.99892115e-02 -6.18214199e-02 2.48266344e+02 -9.36206715e-01 2.54236216e-01 1.05077260e+00 1.04483019e+00 1.00568744e+00
7.24126834e-01 3.32497000e+05 4.94761982e+02 2.55238256e+02 -8.57397942e-01 1.74539826e+00 2.39260201e+02 2.35379817e+02 -7.23591661e-01 4.51714647e-01 2.46906376e+02 -3.60052023e-01 8.16962718e-01 1.04897004e+00 1.04132975e+00 1.00733706e+00
7.27266174e-01 3.37353000e+05 4.95556806e+02 2.56033080e+02 1.92787243e-01 -1.39614134e+00 2.38581651e+02 2.34701268e+02 -8.60263604e-01 4.27794080e-01 2.46865127e+02 -1.58252638e-02 -2.36098351e-01 1.05182699e+00 1.04445642e+00 1.00705685e+00
7.30409660e-01 3.39559000e+05 4.93221434e+02 2.53697708e+02 -1.88826338e+00 -1.10804944e+00 2.37345051e+02 2.33464668e+02 -1.06119421e+00 -4.49229989e-01 2.45095863e+02 -1.78876724e+00 -6.01731222e-01 1.04981994e+00 1.04243189e+00 1.00708732e+00
7.33555182e-01 3.43309000e+05 4.90049595e+02 2.50525869e+02 -1.62401086e+00 -3.95692737e-01 2.35906752e+02 2.32026368e+02 -7.48389437e-01 5.08598617e-01 2.42995498e+02 -6.69606198e-01 -2.17158346e-02 1.04727536e+00 1.03910065e+00 1.00786710e+00
7.36696454e-01 3.44757000e+05 4.88228843e+02 2.48705117e+02 -1.20089067e+00 1.60308432e+00 2.35498352e+02 2.31617968e+02 -2.18129012e-01 -4.11157898e-01 2.42349664e+02 -1.20363385e+00 4.63102279e-01 1.04633361e+00 1.03623018e+00 1.00975018e+00
7.39834983e-01 3.48703000e+05 4.87539328e+02 2.48015602e+02 -1.44730022e+00 6.04079743e+00 2.33764613e+02 2.29884230e+02 -1.60949314e+00 3.08138795e+00 2.40533328e+02 -1.49887206e+00 3.35412277e+00 1.04632374e+00 1.03868751e+00 1.00735181e+00
7.42978072e-01 3.51261000e+05 4.86218108e+02 2.46694382e+02 5.73896178e-01 -2.18408255e+00 2.33341855e+02 2.29461471e+02 -2.43843472e-01 -1.01997356e+00 2.40159885e+02 2.91446610e-01 -1.06259643e+00 1.04662401e+00 1.03687104e+00 1.00940616e+00
7.46116805e-01 3.54061000e+05 4.83475632e+02 2.43951906e+02 1.83123272e-01 1.23935799e+00 2.31705292e+02 2.27824908e+02 -4.17781832e-01 8.40156126e-01 2.37964666e+02 -5.97375768e-01 8.09651231e-01 1.04450680e+00 1.03478829e+00 1.00939178e+00
7.49251235e-01 3.56115000e+05 4.80683994e+02 2.41160268e+02 2.18891913e+00 3.45958100e+00 2.30393486e+02 2.26513103e+02 1.05423872e+00 3.08490947e+00 2.36272829e+02 1.61387337e+00 2.89163366e+00 1.04308680e+00 1.03182540e+00 1.01091406e+00
7.52392876e-01 3.61669000e+05 4.79871171e+02 2.40347445e+02 1.48029849e+00 3.32860571e-02 2.29574591e+02 2.25694207e+02 4.31466625e-01 5.36049743e-01 2.35262452e+02 1.21418926e+00 1.09463211e+00 1.04239473e+00 1.03195212e+00 1.01011927e+00
7.55537996e-01 3.62893000e+05 4.79206951e+02 2.39683225e+02 3.23708243e+00 2.03809442e-01 2.29409371e+02 2.25528987e+02 -3.68036917e-01 -1.55897630e+00 2.35157609e+02 1.15672984e+00 -7.17516211e-01 1.04269350e+00 1.03090260e+00 1.01143745e+00
7.58680817e-01 3.67101000e+05 4.77603712e+02 2.38079986e+02 -1.20067502e+00 4.40380202e+00 2.27442337e+02 2.23561953e+02 -1.90542350e-01 2.19192740e+00 2.33169702e+02 -3.54058411e-01 2.31444486e+00 1.04297578e+00 1.03195913e+00 1.01067547e+00
7.61824285e-01 3.69439000e+05 4.74686919e+02 2.35163193e+02 4.35701746e-01 -9.47491873e-01 2.26631913e+02 2.22751529e+02 -8.23832652e-01 1.07288439e-01 2.31758905e+02 8.22713975e-02 1.92659229e-01 1.04043687e+00 1.02748225e+00 1.01260813e+00
7.64969018e-01 3.73257000e+05 4.72883639e+02 2.33359913e+02 -3.60183969e+00 5.41949467e-01 2.25271715e+02 2.21391331e+02 -1.60248498e+00 2.00525352e-01 2.30145599e+02 -2.06211178e+00 1.95610193e-01 1.03954205e+00 1.02667461e+00 1.01253313e+00
7.68115088e-01 3.75949000e+05 4.73313764e+02 2.33790037e+02 -3.71100371e-01 -1.41032050e+00 2.24506968e+02 2.20626584e+02 -3.34985120e-01 1.91977492e-01 2.29889068e+02 -5.44658714e-01 -7.82815146e-02 1.04198263e+00 1.02939980e+00 1.01222346e+00
7.71255359e-01 3.78043000e+05 4.72179993e+02 2.32656267e+02 -7.23725031e-02 1.31547305e+00 2.23725471e+02 2.19845088e+02 -7.54750794e-02 -5.15184662e-01 2.29021217e+02 -3.07860282e-01 4.09008409e-01 1.04173907e+00 1.02872429e+00 1.01265138e+00
7.74391982e-01 3.81117000e+05 4.69763874e+02 2.30240148e+02 -7.06707431e-01 2.92154349e-01 2.22847165e+02 2.18966781e+02 -1.32234133e+00 5.06265723e-02 2.27440306e+02 -3.37424750e-01 5.69411995e-01 1.03869776e+00 1.02541912e+00 1.01294948e+00
7.77536535e-01 3.86449000e+05 4.67929157e+02 2.28405431e+02 1.64005941e+00 1.26438648e+00 2.21473571e+02 2.17593187e+02 -1.52770126e+00 1.32876217e+00 2.25965441e+02 -8.40363497e-01 1.94735832e+00 1.03847663e+00 1.02454389e+00 1.01359898e+00
7.80678662e-01 3.86397000e+05 4.66336245e+02 2.26812519e+02 1.16763802e+00 3.34969725e-01 2.21168273e+02 2.17287890e+02 -4.36953366e-01 1.47186495e+00 2.25617446e+02 1.75858421e-01 7.57815141e-01 1.03833419e+00 1.02168202e+00 1.01629878e+00
7.83814561e-01 3.91315000e+05 4.65362762e+02 2.25839036e+02 2.48910539e-01 -1.03116935e+00 2.20144392e+02 2.16264008e+02 -1.03141756e-01 1.40449991e-01 2.24319497e+02 3.59875240e-01 -5.34491795e-01 1.03724840e+00 1.02189761e+00 1.01502185e+00
7.86956849e-01 3.94305000e+05 4.62839242e+02 2.23315516e+02 4.54564158e-01 2.14035043e+00 2.19036679e+02 2.15156295e+02 6.66603947e-01 9.45601285e-01 2.22723714e+02 1.13574897e+00 5.60779230e-01 1.03517173e+00 1.01878471e+00 1.01608487e+00
7.90101773e-01 3.98077000e+05 4.61961947e+02 2.22438221e+02 -2.04225553e+00 -3.03885197e+00 2.18005009e+02 2.14124625e+02 -5.55801389e-01 -2.39974284e+00 2.21742668e+02 -1.61563261e+00 -2.95941339e+00 1.03557761e+00 1.01922812e+00 1.01604105e+00
7.93242697e-01 3.99919000e+05 4.59027071e+02 2.19503345e+02 3.22075909e+00 4.51115253e+00 2.17419016e+02 2.13538632e+02 -8.28090301e-02 1.37267653e+00 2.20285887e+02 9.34154443e-01 1.77461990e+00 1.03159735e+00 1.01387017e+00 1.01748467e+00
7.96380007e-01 4.03113000e+05 4.59096577e+02 2.19572851e+02 3.03116433e-02 7.11586983e-01 2.16171046e+02 2.12290662e+02 -3.14541765e-02 6.57215912e-01 2.19612342e+02 8.42525410e-02 8.32759728e-01 1.03448894e+00 1.01700684e+00 1.01718975e+00
7.99523218e-01 4.08229000e+05 4.58171865e+02 2.18648139e+02 -5.76105510e-01 1.24627804e-01 2.15748355e+02 2.11867971e+02 -5.07563827e-02 -9.68805077e-01 2.19223694e+02 -2.16311718e-01 -3.86624652e-01 1.03471843e+00 1.01587492e+00 1.01854904e+00
8.02671068e-01 4.10313000e+05 4.55712217e+02 2.16188490e+02 -2.52306655e+00 -1.67430964e-01 2.14028531e+02 2.10148147e+02 3.58613296e-02 4.56188459e-01 2.17323127e+02 -6.80246911e-01 4.93412629e-01 1.03414248e+00 1.01426982e+00 1.01959308e+00
8.05809930e-01 4.12687000e+05 4.55757748e+02 2.16234022e+02 -8.12210169e-02 3.89141221e+00 2.13648110e+02 2.09767726e+02 -5.70827925e-01 6.63948672e-01 2.17179061e+02 4.98960462e-03 1.79849713e+00 1.03533115e+00 1.01529601e+00 1.01973330e+00
8.08948799e-01 4.16589000e+05 4.52344480e+02 2.12820754e+02 -2.92792405e+00 1.60715898e+00 2.12460629e+02 2.08580246e+02 -8.19815729e-01 1.21729567e+00 2.14879619e+02 -1.80952131e+00 3.20648565e-01 1.03020120e+00 1.01011402e+00 1.01988604e+00
8.12091618e-01 4.19941000e+05 4.51671279e+02 2.12147553e+02 -9.42628041e-01 -1.33711111e-01 2.12014421e+02 2.08134037e+02 -1.01355383e+00 -3.52783192e-01 2.14513689e+02 -8.01443744e-01 -1.38970308e-01 1.03065165e+00 1.00959562e+00 1.02085590e+00
8.15232299e-01 4.22995000e+05 4.52050679e+02 2.12526953e+02 2.44170863e+00 7.43593628e-01 2.11680807e+02 2.07800423e+02 1.71065224e-01 1.73595020e+00 2.14397159e+02 9.25535343e-01 7.95348034e-01 1.03174554e+00 1.01130882e+00 1.02020819e+00
8.18374493e-01 4.26441000e+05 4.50275703e+02 2.10751976e+02 2.29795163e+00 3.71158538e+00 2.10523499e+02 2.06643116e+02 1.30322862e-01 1.28057724e-01 2.13250323e+02 1.42982827e+00 1.20848022e+00 1.03197400e+00 1.00989299e+00 1.02186471e+00
8.21515462e-01 4.29673000e+05 4.47179939e+02 2.07656213e+02 1.99774354e-01 3.19472739e+00 2.09037869e+02 2.05157486e+02 -6.14028173e-02 1.64061838e+00 2.11006961e+02 1.11260815e+00 2.84851704e+00 1.02851212e+00 1.00607135e+00 1.02230535e+00
8.24654588e-01 4.31967000e+05 4.46685133e+02 2.07161406e+02 1.80384408e+00 3.79380116e+00 2.08911756e+02 2.05031373e+02 1.04945662e-01 4.02658777e-01 2.11160413e+02 -1.56588715e-01 1.94126189e+00 1.02989318e+00 1.00518099e+00 1.02458482e+00
8.27796817e-01 4.37509000e+05 4.46302617e+02 2.06778891e+02 1.12597515e+00 5.49190525e+00 2.08124578e+02 2.04244194e+02 2.15976158e-01 -2.29563244e-01 2.10362675e+02 5.68639059e-01 1.40021070e+00 1.02995669e+00 1.00618593e+00 1.02362462e+00
8.30939786e-01 4.38705000e+05 4.43937966e+02 2.04414239e+02 -1.83510330e+00 1.53595604e+00 2.06872793e+02 2.02992409e+02 -6.19729079e-01 -4.14818383e-01 2.08420908e+02 -1.47886471e+00 -4.97110955e-01 1.02674238e+00 1.00349607e+00 1.02316532e+00
8.34084681e-01 4.44553000e+05 4.43502798e+02 2.03979071e+02 -5.55800918e-01 -7.58227235e-01 2.06330310e+02 2.02449927e+02 -1.42158024e+00 -3.36971904e-01 2.08369561e+02 -1.47430301e+00 -9.06881265e-01 1.02923999e+00 1.00376950e+00 1.02537485e+00
8.37225076e-01 4.44391000e+05 4.42271837e+02 2.02748111e+02 -1.19366056e+00 2.00298399e+00 2.05722308e+02 2.01841924e+02 -9.80842081e-01 1.76957196e+00 2.07246667e+02 -6.14082997e-01 1.76523702e+00 1.02677711e+00 1.00224228e+00 1.02447994e+00
8.40361359e-01 4.49733000e+05 4.41469443e+02 2.01945717e+02 2.18848019e+00 1.78141644e+00 2.04902592e+02 2.01022209e+02 -4.67203620e-01 2.24545577e-01 2.06541176e+02 6.06389312e-01 2.37346446e-01 1.02745452e+00 1.00229440e+00 1.02510252e+00
8.43506946e-01 4.54129000e+05 4.39547289e+02 2.00023563e+02 2.30980174e+00 -1.04912632e+00 2.04100302e+02 2.00219918e+02 -2.83398028e-03 -2.12781975e+00 2.05376779e+02 6.36898747e-01 -1.90165426e+00 1.02575598e+00 9.99509530e-01 1.02625933e+00
8.46654492e-01 4.56903000e+05 4.37059433e+02 1.97535707e+02 -9.86128516e-01 1.73055332e+00 2.03303108e+02 1.99422725e+02 -3.35548863e-01 1.83816227e+00 2.04295200e+02 -2.27838633e-01 1.86836373e+00 1.02443290e+00 9.95257555e-01 1.02931437e+00
8.49791074e-01 4.57537000e+05 4.38158614e+02 1.98634888e+02 4.61062541e-01 4.08416554e+00 2.02803747e+02 1.98923363e+02 -8.74653793e-01 9.29615636e-01 2.03897177e+02 -4.24606039e-01 2.06414099e+00 1.02500367e+00 9.99274646e-01 1.02574770e+00
8.52931874e-01 4.65217000e+05 4.36468979e+02 1.96945252e+02 -4.02344394e-01 -2.59013836e+00 2.01763449e+02 1.97883065e+02 1.24100863e-01 -5.20460216e-01 2.02932630e+02 1.26749865e-01 -1.39090682e+00 1.02551792e+00 9.97627573e-01 1.02795668e+00
8.56077217e-01 4.65525000e+05 4.35561327e+02 1.96037601e+02 6.40690624e-01 2.19451118e+00 2.00972382e+02 1.97091998e+02 1.86430838e-01 1.57910248e-01 2.01833200e+02 4.37582468e-01 1.26675613e+00 1.02405578e+00 9.97321526e-01 1.02680605e+00
8.59219191e-01 4.71235000e+05 4.33434805e+02 1.93911079e+02 7.90594933e-01 2.58408486e+00 2.00084187e+02 1.96203803e+02 4.19902277e-01 1.59519758e+00 2.00756726e+02 8.83319373e-01 2.25550676e+00 1.02320507e+00 9.94140119e-01 1.02923627e+00
8.62360632e-01 4.72125000e+05 4.32246998e+02 1.92723272e+02 6.27288216e-01 3.28691918e-01 1.99421497e+02 1.95541113e+02 9.49760750e-01 1.27930593e+00 2.00076371e+02 7.92600344e-01 2.83970258e-01 1.02319337e+00 9.92768613e-01 1.03064637e+00
8.65498721e-01 4.76941000e+05 4.32004523e+02 1.92480797e+02 -2.21399400e+00 -1.03133698e+00 1.98963037e+02 1.95082654e+02 -1.97029030e+00 1.63797804e-01 1.99619579e+02 -2.12211114e+00 9.50911533e-01 1.02325643e+00 9.93309014e-01 1.03014914e+00
8.68643537e-01 4.81563000e+05 4.30509482e+02 1.90985756e+02 1.62782210e+00 3.36029981e+00 1.98006436e+02 1.94126053e+02 2.40669407e-01 5.54912818e-01 1.98384929e+02 6.50654019e-01 1.52418134e+00 1.02193872e+00 9.91878730e-01 1.03030611e+00
8.71783996e-01 4.82041000e+05 4.29045606e+02 1.89521880e+02 1.32448609e+00 1.38830670e+00 1.96987199e+02 1.93106815e+02 4.27852495e-01 2.19636565e+00 1.97216310e+02 1.00735216e+00 2.26976580e+00 1.02128094e+00 9.90674256e-01 1.03089480e+00
8.74920340e-01 4.87669000e+05 4.26788328e+02 1.87264602e+02 -3.73403188e-01 1.77623333e+00 1.96002861e+02 1.92122477e+02 -3.17128399e-02 -1.88346755e-01 1.95921969e+02 -3.76402657e-01 9.61464140e-01 1.01977640e+00 9.87276403e-01 1.03291885e+00
8.78064275e-01 4.91199000e+05 4.27128838e+02 1.87605112e+02 -2.65851937e+00 1.36342255e+00 1.95911829e+02 1.92031445e+02 -7.35697977e-01 3.48859928e-01 1.96133753e+02 -1.06293421e+00 5.36397735e-01 1.02136269e+00 9.88407788e-01 1.03334140e+00
8.81206768e-01 4.94089000e+05 4.25029182e+02 1.85505456e+02 2.09312472e+00 2.68002359e+00 1.95232174e+02 1.91351790e+02 6.08590943e-01 9.72428746e-01 1.94805332e+02 5.39479421e-01 1.58525876e+00 1.01804813e+00 9.84605095e-01 1.03396594e+00
8.84348094e-01 4.98309000e+05 4.24319879e+02 1.84796152e+02 1.19569325e+00 1.16361250e+00 1.94677547e+02 1.90797163e+02 1.84485527e-01 -4.97779337e-01 1.94166732e+02 1.16348905e+00 -1.40831687e-01 1.01766048e+00 9.84148208e-01 1.03405206e+00
8.87489680e-01 5.00737000e+05 4.22317767e+02 1.82794041e+02 7.24610879e-01 -8.13025149e-01 1.93261287e+02 1.89380904e+02 6.10618061e-02 -1.29675528e+00 1.92892671e+02 3.99165048e-01 -1.06196321e+00 1.01854341e+00 9.82455581e-01 1.03673227e+00
8.90632778e-01 5.06367000e+05 4.22875244e+02 1.83351517e+02 -1.42444050e+00 2.62720195e+00 1.92833402e+02 1.88953018e+02 -6.91085391e-01 5.11231896e-01 1.92522238e+02 -7.84763854e-01 1.02133439e+00 1.01888946e+00 9.85066019e-01 1.03433622e+00
8.93774714e-01 5.07061000e+05 4.22058025e+02 1.82534298e+02 -2.57968265e-01 -6.50966256e-01 1.92142413e+02 1.88262030e+02 -9.76259591e-01 3.69905455e-02 1.91871547e+02 -7.17163243e-01 -6.32635692e-01 1.01917284e+00 9.84670376e-01 1.03503961e+00
8.96917060e-01 5.14057000e+05 4.20524642e+02 1.81000916e+02 1.68379826e+00 5.07206863e-01 1.92054144e+02 1.88173761e+02 6.93806037e-01 -4.84567799e-01 1.91459507e+02 6.49325400e-01 8.00224785e-02 1.01746123e+00 9.80755729e-01 1.03742574e+00
9.00057526e-01 5.13543000e+05 4.19456439e+02 1.79932712e+02 1.52854663e+00 3.37707900e+00 1.91231667e+02 1.87351284e+02 7.08971331e-04 7.70655617e-01 1.90502783e+02 5.18642581e-01 1.46758728e+00 1.01682134e+00 9.80001470e-01 1.03757124e+00
9.03196952e-01 5.20501000e+05 4.17517081e+02 1.77993355e+02 7.29713507e-01 9.08643345e-02 1.90574961e+02 1.86694578e+02 -2.67939920e-01 1.53805164e-02 1.89645404e+02 5.90531306e-02 1.84914363e-01 1.01580563e+00 9.76418596e-01 1.04033827e+00
9.06337045e-01 5.21529000e+05 4.17754568e+02 1.78230842e+02 -7.47961811e-02 2.23682446e-01 1.89119026e+02 1.85238642e+02 -3.35380322e-01 5.28488166e-01 1.88665201e+02 -5.81977041e-03 6.66167366e-01 1.01849808e+00 9.80902033e-01 1.03832803e+00
9.09478460e-01 5.27689000e+05 4.15159735e+02 1.75636009e+02 -9.37633303e-01 4.67223199e+00 1.88522712e+02 1.84642328e+02 -1.04036012e+00 2.08235114e+00 1.87365272e+02 -9.30755096e-01 2.62073721e+00 1.01474713e+00 9.75306563e-01 1.04043915e+00
9.12622082e-01 5.30071000e+05 4.14326079e+02 1.74802353e+02 2.08168959e+00 1.74360021e+00 1.88267450e+02 1.84387066e+02 8.62991220e-01 5.82086970e-01 1.86943749e+02 1.35079037e+00 1.14580031e+00 1.01386585e+00 9.73662423e-01 1.04129093e+00
9.15763628e-01 5.33913000e+05 4.14301156e+02 1.74777430e+02 -2.03126045e-01 9.92503126e-01 1.87790178e+02 1.83909794e+02 -3.62489016e-02 5.74159165e-01 1.86858776e+02 4.67576531e-01 6.82191034e-01 1.01603494e+00 9.74855497e-01 1.04224158e+00
9.18905647e-01 5.37517000e+05 4.11871081e+02 1.72347354e+02 5.96259461e-01 2.63749668e+00 1.86410743e+02 1.82530359e+02 -1.02121691e+00 1.72584587e+00 1.85086681e+02 -1.00371755e+00 1.96891661e+00 1.01400491e+00 9.71705714e-01 1.04353087e+00
9.22050359e-01 5.42511000e+05 4.13289506e+02 1.73765780e+02 -5.35265582e-01 1.15350892e+00 1.86776531e+02 1.82896148e+02 2.58740420e-01 1.13967269e+00 1.85530050e+02 -4.02248370e-02 1.22083176e+00 1.01440108e+00 9.74719934e-01 1.04071031e+00
9.25192408e-01 5.43889000e+05 4.11419893e+02 1.71896166e+02 8.01997441e-01 -5.54574247e-01 1.85751240e+02 1.81870856e+02 -1.08052996e+00 -1.02722465e+00 1.84253530e+02 -3.89513289e-01 -1.39126860e+00 1.01310091e+00 9.72190874e-01 1.04208025e+00
9.28333030e-01 5.49261000e+05 4.09873725e+02 1.70349999e+02 -1.34306356e+00 3.27299739e+00 1.85096111e+02 1.81215728e+02 -1.23280563e+00 5.69675079e-01 1.83498523e+02 -1.21561305e+00 1.12943787e+00 1.01259712e+00 9.69556504e-01 1.04439206e+00
9.31473864e-01 5.51341000e+05 4.09510448e+02 1.69986722e+02 -7.11043100e-01 1.68146562e+00 1.84577038e+02 1.80696654e+02 -2.09322992e-01 1.30020679e+00 1.83248215e+02 -3.43583260e-01 1.62679368e+00 1.01412068e+00 9.69912248e-01 1.04557983e+00
9.34614662e-01 5.56963000e+05 4.08811832e+02 1.69288106e+02 1.08505974e+00 4.95468047e+00 1.84332864e+02 1.80452481e+02 -1.90140612e-01 2.43615640e+00 1.82432223e+02 3.47197692e-01 3.36660967e+00 1.01097099e+00 9.68571743e-01 1.04377502e+00
9.37758808e-01 5.60037000e+05 4.06989190e+02 1.67465464e+02 -1.30291645e-01 2.10893400e+00 1.82844209e+02 1.78963825e+02 5.66338808e-01 -2.51754278e-01 1.81133071e+02 4.56736089e-01 3.97581985e-01 1.01212114e+00 9.67341905e-01 1.04629101e+00
9.40900385e-01 5.63137000e+05 4.06890557e+02 1.67366831e+02 1.15295952e+00 -1.35502430e-01 1.82474579e+02 1.78594195e+02 6.85707472e-02 -4.25177915e-01 1.80747883e+02 6.64131980e-03 -1.89291049e-01 1.01205912e+00 9.68057218e-01 1.04545382e+00
9.44039432e-01 5.66907000e+05 4.05595817e+02 1.66072091e+02 1.65629296e+00 1.69877783e+00 1.81627020e+02 1.77746636e+02 -3.28597874e-02 7.78419281e-01 1.79941152e+02 8.77629310e-01 1.12817844e+00 1.01234632e+00 9.66601871e-01 1.04732501e+00
9.47176988e-01 5.70181000e+05 4.05381911e+02 1.65858185e+02 2.02757689e+00 2.18974968e+00 1.81650821e+02 1.77770438e+02 9.12375401e-02 1.20382098e+00 1.79780295e+02 1.07154689e+00 1.15365095e+00 1.01130592e+00 9.65914494e-01 1.04699321e+00
9.50321358e-01 5.77005000e+05 4.03729739e+02 1.64206013e+02 1.14825722e+00 6.40716936e-01 1.80790142e+02 1.76909758e+02 -4.09511710e-02 4.27045692e-01 1.78656748e+02 4.14561083e-01 2.02450238e-01 1.00987503e+00 9.63426603e-01 1.04821170e+00
9.53466747e-01 5.78011000e+05 4.02648621e+02 1.63124894e+02 1.12399128e+00 5.30737066e+00 1.80098632e+02 1.76218248e+02 -7.23336506e-01 1.88398888e+00 1.77972739e+02 -1.60061542e-01 3.09465673e+00 1.00995635e+00 9.62132050e-01 1.04970659e+00
9.56603784e-01 5.81473000e+05 4.01866364e+02 1.62342638e+02 1.43350656e+00 3.68003318e-01 1.79202732e+02 1.75322348e+02 2.46204481e-02 1.15424952e+00 1.77306475e+02 1.69618563e-01 8.17178316e-01 1.01131702e+00 9.62271583e-01 1.05096840e+00
9.59745442e-01 5.87781000e+05 4.00775289e+02 1.61251563e+02 1.00331617e+00 3.08042834e+00 1.79264676e+02 1.75384292e+02 8.07485760e-01 1.15069947e+00 1.76768036e+02 1.00400386e+00 1.40477949e+00 1.00788978e+00 9.58863129e-01 1.05112998e+00
9.62888428e-01 5.89177000e+05 4.00106689e+02 1.60582963e+02 -1.21573735e-01 3.99966705e-01 1.78493198e+02 1.74612814e+02 -3.10661193e-01 -2.47810923e-02 1.75983642e+02 -3.59467348e-01 5.87070969e-01 1.00785067e+00 9.58984700e-01 1.05095595e+00
9.66032226e-01 5.96139000e+05 3.98714997e+02 1.59191270e+02 -6.21812952e-01 2.73356250e+00 1.77833171e+02 1.73952787e+02 -3.41104442e-01 -5.24923920e-02 1.75220204e+02 -3.72106424e-01 9.75638885e-01 1.00728598e+00 9.56629851e-01 1.05295270e+00
9.69171305e-01 5.94913000e+05 3.98646373e+02 1.59122647e+02 -5.81271338e-01 1.03977572e+00 1.77260627e+02 1.73380244e+02 -8.67991649e-01 1.14907550e+00 1.74772826e+02 -7.15724795e-01 7.61680912e-01 1.00803196e+00 9.58001508e-01 1.05222377e+00
9.72309171e-01 6.03393000e+05 3.98019859e+02 1.58496133e+02 -1.24580237e+00 -1.17577214e-01 1.76790685e+02 1.72910302e+02 -6.36076063e-01 -4.94792896e-01 1.74409160e+02 -4.18094125e-01 -7.03327642e-01 1.00866841e+00 9.57412076e-01 1.05353634e+00
9.75453130e-01 6.05371000e+05 3.96367726e+02 1.56844000e+02 -8.73897521e-02 2.60404426e+00 1.75573176e+02 1.71692792e+02 -3.69472396e-01 1.19090229e-01 1.72710209e+02 -9.48555313e-01 7.61294855e-01 1.00592580e+00 9.55779965e-01 1.05246587e+00
9.78597278e-01 6.10741000e+05 3.96436290e+02 1.56912564e+02 -2.15810337e+00 4.66671039e-01 1.75650751e+02 1.71770367e+02 -9.34259675e-01 2.10111092e-01 1.73370690e+02 -9.96756382e-01 4.19701014e-01 1.00931664e+00 9.55772956e-01 1.05602134e+00
9.81739807e-01 6.13113000e+05 3.95501790e+02 1.55978063e+02 3.29807326e-01 1.24427101e+00 1.75016978e+02 1.71136594e+02 2.47966943e-01 7.73888678e-01 1.72341984e+02 5.33818861e-01 1.50509640e+00 1.00704344e+00 9.54685485e-01 1.05484314e+00
9.84880181e-01 6.17281000e+05 3.94001704e+02 1.54477977e+02 -4.88895332e-01 7.61970173e-01 1.74594185e+02 1.70713801e+02 -9.75215411e-01 6.17718380e-01 1.71668624e+02 -7.11310656e-01 -2.62867936e-01 1.00559312e+00 9.51259421e-01 1.05711764e+00
9.88024184e-01 6.22779000e+05 3.93474175e+02 1.53950448e+02 -4.54932546e-01 2.68489370e+00 1.73829037e+02 1.69948653e+02 -3.82114059e-01 1.16798137e+00 1.71006605e+02 -4.91893929e-01 2.28212929e+00 1.00622512e+00 9.51769131e-01 1.05721555e+00
9.91168995e-01 6.25357000e+05 3.92625416e+02 1.53101689e+02 1.22902547e+00 8.67042987e-01 1.73133796e+02 1.69253412e+02 9.19266278e-01 2.46206757e-01 1.70249183e+02 1.03665364e+00 3.14543886e-03 1.00588332e+00 9.51089255e-01 1.05761190e+00
9.94308745e-01 6.28669000e+05 3.92302131e+02 1.52778404e+02 -1.34808346e+00 2.28114558e+00 1.72674437e+02 1.68794053e+02 -4.93262407e-01 1.10168088e+00 1.69899682e+02 -3.46235493e-01 1.15005614e+00 1.00655016e+00 9.51376487e-01 1.05799352e+00
9.97448160e-01 6.33435000e+05 3.91392008e+02 1.51868282e+02 -5.69481919e-01 -8.17395814e-01 1.72315055e+02 1.68434672e+02 -1.21522001e+00 8.53637335e-01 1.69304912e+02 -9.75952381e-01 -3.77810991e-01 1.00516663e+00 9.49549901e-01 1.05857168e+00
1.00058980e+00 6.37009000e+05 3.90122424e+02 1.50598697e+02 8.65646942e-01 2.64997385e+00 1.71851448e+02 1.67971064e+02 -6.20841887e-01 3.22807243e-01 1.68681850e+02 7.27308831e-01 4.93852743e-01 1.00423160e+00 9.46876571e-01 1.06057287e+00
1.00372988e+00 6.41409000e+05 3.88570575e+02 1.49046849e+02 2.46133975e-01 8.69023255e-01 1.70920985e+02 1.67040601e+02 -4.87219278e-02 6.84706608e-01 1.67486839e+02 5.09047283e-01 5.32552076e-01 1.00267143e+00 9.44605298e-01 1.06147132e+00
1.00686870e+00 6.44131000e+05 3.88717830e+02 1.49194104e+02 -2.04099426e-01 8.56355017e-01 1.70677478e+02 1.66797094e+02 1.77361329e-01 9.58154499e-02 1.67314029e+02 -3.18185748e-02 -2.47247036e-02 1.00309919e+00 9.45761411e-01 1.06062605e+00
1.01000862e+00 6.49965000e+05 3.88467499e+02 1.48943773e+02 -7.06221115e-01 8.41511546e-01 1.69673311e+02 1.65792927e+02 -2.93467928e-01 4.86370024e-01 1.66625297e+02 -6.66657069e-02 1.17725758e-01 1.00502054e+00 9.47825036e-01 1.06034395e+00
1.01315513e+00 6.54925000e+05 3.87832021e+02 1.48308295e+02 6.56577211e-01 6.52200926e+00 1.69854433e+02 1.65974050e+02 -3.86596770e-01 2.08648605e+00 1.66638753e+02 -1.10627591e-01 3.03482632e+00 1.00400487e+00 9.45284693e-01 1.06211903e+00
1.01630027e+00 6.57601000e+05 3.87078121e+02 1.47554395e+02 2.14372925e+00 3.10891525e+00 1.68593426e+02 1.64713042e+02 5.24686937e-01 8.86877792e-01 1.65627418e+02 1.29630240e+00 9.29709008e-01 1.00555133e+00 9.46481393e-01 1.06241003e+00
1.01943693e+00 6.59643000e+05 3.86355045e+02 1.46831319e+02 -8.50439677e-01 2.41955972e+00 1.68839554e+02 1.64959170e+02 -4.79402372e-01 1.71765531e+00 1.65577469e+02 -4.58136510e-01 1.94634214e+00 1.00374820e+00 9.43454845e-01 1.06390698e+00
1.02257704e+00 6.66865000e+05 3.85683666e+02 1.46159940e+02 1.04624709e+00 1.39006520e+00 1.68122254e+02 1.64241870e+02 -1.50338255e-01 2.10074275e-01 1.64830932e+02 -8.12372574e-02 6.80736188e-02 1.00358655e+00 9.43348660e-01 1.06385539e+00
1.02572235e+00 6.70137000e+05 3.84972046e+02 1.45448320e+02 -9.97261507e-02 2.74970771e+00 1.67722801e+02 1.63842418e+02 -2.11482575e-01 1.74183105e+00 1.64313786e+02 2.70021858e-01 1.45664825e+00 1.00287696e+00 9.42195837e-01 1.06440394e+00
1.02886522e+00 6.74263000e+05 3.83248300e+02 1.43724574e+02 -3.77065814e-01 2.96720717e+00 1.66928187e+02 1.63047803e+02 -4.22214343e-01 7.05662343e-01 1.63285543e+02 -7.62146877e-02 8.75658233e-01 1.00145810e+00 9.38875571e-01 1.06665689e+00
1.03200697e+00 6.77697000e+05 3.83451521e+02 1.43927795e+02 -3.06732726e-02 2.77077257e+00 1.66395139e+02 1.62514756e+02 -1.61602682e-01 1.12212816e+00 1.63160616e+02 -1.15373949e-01 1.04321236e+00 1.00397416e+00 9.41078684e-01 1.06683339e+00
1.03514995e+00 6.83137000e+05 3.82701860e+02 1.43178134e+02 -8.27543533e-01 2.49137528e+00 1.65717357e+02 1.61836973e+02 -8.26025192e-01 1.60233874e+00 1.62313322e+02 -6.09027716e-01 1.64022595e+00 1.00294338e+00 9.40588088e-01 1.06629395e+00
1.03829486e+00 6.86581000e+05 3.82540856e+02 1.43017129e+02 9.97119849e-01 3.51939726e+00 1.65930601e+02 1.62050217e+02 5.63445346e-01 1.78215804e+00 1.62499207e+02 8.49605045e-01 1.98296704e+00 1.00277068e+00 9.39440371e-01 1.06741280e+00
1.04143274e+00 6.88695000e+05 3.81565700e+02 1.42041974e+02 -1.34111689e+00 2.05955642e+00 1.65278439e+02 1.61398055e+02 -8.67131851e-01 -2.15024126e-02 1.61836750e+02 -1.30286611e+00 -5.82572798e-02 1.00271809e+00 9.38121741e-01 1.06885711e+00
1.04456725e+00 6.93433000e+05 3.80211434e+02 1.40687707e+02 -3.63122052e-01 2.36551332e+00 1.64661341e+02 1.60780957e+02 8.74622351e-02 4.21717196e-01 1.60774698e+02 6.84969535e-02 1.19375188e+00 9.99961070e-01 9.35428873e-01 1.06898675e+00
1.04771211e+00 7.01157000e+05 3.79718210e+02 1.40194483e+02 -2.04482285e-01 1.14601025e+00 1.64153832e+02 1.60273448e+02 -6.25616341e-01 1.39718897e+00 1.60351265e+02 -2.72933237e-01 9.39690715e-01 1.00048553e+00 9.35264978e-01 1.06973484e+00
1.05085356e+00 7.00783000e+05 3.78780289e+02 1.39256563e+02 -1.07893945e-01 2.69413481e+00 1.63474823e+02 1.59594440e+02 3.46943454e-01 7.63403059e-01 1.59713459e+02 -2.23590155e-01 6.51202615e-01 1.00074576e+00 9.34112014e-01 1.07133379e+00
1.05399324e+00 7.08453000e+05 3.78655211e+02 1.39131484e+02 -4.71065740e-03 4.21454674e+00 1.63279618e+02 1.59399235e+02 -2.26982209e-02 1.33356482e+00 1.59427212e+02 1.65267901e-01 1.43665766e+00 1.00017552e+00 9.34263954e-01 1.07054919e+00
1.05713590e+00 7.11037000e+05 3.77530274e+02 1.38006548e+02 1.68296623e+00 2.80747843e+00 1.62487203e+02 1.58606820e+02 -1.24173012e-02 1.39881936e+00 1.58728845e+02 6.25031078e-01 1.66649392e+00 1.00076936e+00 9.32800818e-01 1.07286501e+00
1.06027636e+00 7.15333000e+05 3.77710112e+02 1.38186385e+02 -7.95985145e-01 3.67160995e+00 1.62446635e+02 1.58566251e+02 -1.42797773e-01 1.06431653e+00 1.58739484e+02 -1.42951909e-01 1.41066395e+00 1.00109250e+00 9.33527786e-01 1.07237568e+00
1.06341847e+00 7.20351000e+05 3.76850439e+02 1.37326712e+02 -8.37011251e-01 8.97120517e-01 1.61965426e+02 1.58085042e+02 -3.11772213e-01 -5.58615174e-02 1.58036769e+02 -5.31270566e-02 -2.01472968e-01 9.99694636e-01 9.32034785e-01 1.07259370e+00
1.06656102e+00 7.24525000e+05 3.75912838e+02 1.36389112e+02 -5.52046215e-01 4.87283381e+00 1.61119033e+02 1.57238649e+02 -6.90754792e-01 1.20340576e+00 1.57300008e+02 -6.70356613e-01 1.61204003e+00 1.00039023e+00 9.31344165e-01 1.07413593e+00
1.06970586e+00 7.29321000e+05 3.74429193e+02 1.34905467e+02 3.46355317e-01 2.13729309e+00 1.60687832e+02 1.56807448e+02 -1.80013241e-01 -2.39171082e-02 1.56635951e+02 -4.33713217e-02 5.76595307e-01 9.98906320e-01 9.27537402e-01 1.07694452e+00
1.07284854e+00 7.32703000e+05 3.73988309e+02 1.34464582e+02 -1.83946692e+00 3.80959802e+00 1.60056556e+02 1.56176173e+02 2.05566359e-02 1.61781836e+00 1.56061480e+02 -3.21133549e-01 1.72887750e+00 9.99265622e-01 9.27890153e-01 1.07692233e+00
1.07598677e+00 7.35241000e+05 3.73446569e+02 1.33922843e+02 1.17433014e+00 5.53634245e+00 1.59457472e+02 1.55577088e+02 -2.76273463e-01 2.58563171e+00 1.55300596e+02 7.78513641e-03 3.04616227e+00 9.98222799e-01 9.27800306e-01 1.07590264e+00
1.07912996e+00 7.44081000e+05 3.72541154e+02 1.33017427e+02 -3.91946880e-02 2.68855883e+00 1.58996162e+02 1.55115779e+02 -2.22054669e-01 1.72857471e-01 1.54777664e+02 -1.90256222e-01 7.62289572e-01 9.97820242e-01 9.26032616e-01 1.07752170e+00
1.08227270e+00 7.43575000e+05 3.72123748e+02 1.32600022e+02 3.77707878e-01 2.83393976e+00 1.58897365e+02 1.55016981e+02 -5.61342412e-02 2.13862935e-01 1.54683958e+02 6.11961869e-01 1.10129670e+00 9.97851694e-01 9.24873125e-01 1.07890657e+00
1.08541535e+00 7.52385000e+05 3.72015138e+02 1.32491412e+02 4.35846242e-01 -7.72256134e-02 1.58583826e+02 1.54703442e+02 6.40608458e-01 -2.13573054e-01 1.54374886e+02 8.56934013e-01 -2.80641560e-01 9.97876220e-01 9.25430644e-01 1.07828310e+00
1.08855707e+00 7.52329000e+05 3.71784958e+02 1.32261232e+02 -7.41056727e-01 4.82310303e+00 1.57984414e+02 1.54104030e+02 -3.84484590e-01 1.26232917e+00 1.54140709e+02 -3.85523246e-01 2.18409553e+00 1.00023801e+00 9.26422903e-01 1.07967755e+00
1.09169382e+00 7.58097000e+05 3.70368044e+02 1.30844318e+02 2.74196553e+00 4.62954499e+00 1.57580485e+02 1.53700102e+02 -2.12216802e-01 1.25594111e+00 1.53350486e+02 5.79231012e-01 1.41070049e+00 9.97725341e-01 9.22657161e-01 1.08136086e+00
1.09483514e+00 7.63951000e+05 3.69895986e+02 1.30372259e+02 9.50212989e-01 4.00065138e+00 1.57158878e+02 1.53278494e+02 -7.80323077e-01 7.64792026e-01 1.52923484e+02 -4.55101612e-01 1.72642935e+00 9.97683887e-01 9.22257049e-01 1.08178505e+00
1.09798007e+00 7.68085000e+05 3.69810135e+02 1.30286409e+02 2.71072595e-01 2.69335265e+00 1.56834709e+02 1.52954325e+02 -2.29046381e-01 1.76568387e+00 1.52669470e+02 -8.28768612e-03 1.74742396e+00 9.98137647e-01 9.22929815e-01 1.08148814e+00
1.10112128e+00 7.71045000e+05 3.69110321e+02 1.29586595e+02 -1.06406366e+00 9.32186039e-01 1.56269836e+02 1.52389452e+02 -1.01524517e+00 -4.13834554e-01 1.51922340e+02 -1.15289364e+00 -4.76847685e-02 9.96934750e-01 9.22152153e-01 1.08109572e+00
1.10426083e+00 7.76155000e+05 3.68655129e+02 1.29131403e+02 -9.83767224e-01 7.15791231e+00 1.55882491e+02 1.52002107e+02 -7.76736005e-01 1.62658367e+00 1.51648463e+02 -3.31647309e-01 2.68251370e+00 9.97673425e-01 9.21703275e-01 1.08242365e+00
1.10740232e+00 7.80693000e+05 3.67515577e+02 1.27991851e+02 1.93371732e-02 4.33466652e+00 1.55327818e+02 1.51447435e+02 1.95064123e-01 1.36006377e+00 1.50933589e+02 3.19898897e-01 1.28526585e+00 9.96607106e-01 9.19306220e-01 1.08408611e+00
1.11054629e+00 7.86517000e+05 3.66637844e+02 1.27114118e+02 -9.37622955e-01 4.75350287e+00 1.54997090e+02 1.51116706e+02 -6.93997227e-01 9.80628520e-01 1.50493337e+02 -8.90771099e-01 1.51560285e+00 9.95874911e-01 9.17150599e-01 1.08583575e+00
1.11368645e+00 7.87461000e+05 3.67432650e+02 1.27908924e+02 -2.55658368e-01 5.61247743e+00 1.54525744e+02 1.50645360e+02 -3.90303651e-01 8.71149536e-01 1.50431174e+02 -3.84226051e-02 2.29648973e+00 9.98578210e-01 9.21451632e-01 1.08370117e+00
1.11682858e+00 7.96423000e+05 3.66437975e+02 1.26914249e+02 5.94348343e-01 5.37697581e+00 1.53986972e+02 1.50106588e+02 -5.20727221e-01 1.29181387e+00 1.49705036e+02 -1.71210392e-01 1.69442942e+00 9.97324889e-01 9.19507582e-01 1.08462933e+00
1.11997174e+00 7.97041000e+05 3.65357355e+02 1.25833629e+02 -8.00201429e-01 5.05042427e+00 1.53442619e+02 1.49562235e+02 -4.34053106e-01 9.28020601e-01 1.48983122e+02 -3.40322458e-01 1.54952471e+00 9.96127942e-01 9.17249295e-01 1.08599478e+00
1.12311209e+00 8.03769000e+05 3.65106761e+02 1.25583035e+02 -9.69746268e-01 3.88941150e+00 1.53241107e+02 1.49360723e+02 -1.51636961e-01 2.20282512e+00 1.48987687e+02 -2.98170574e-01 1.77268353e+00 9.97502446e-01 9.16953437e-01 1.08784417e+00
1.12625319e+00 8.06731000e+05 3.64507788e+02 1.24984062e+02 1.23529242e+00 5.17707492e+00 1.52839097e+02 1.48958713e+02 -2.85247555e-01 1.10891950e+00 1.48535934e+02 -1.12616917e-01 1.57372004e+00 9.97161770e-01 9.15997655e-01 1.08860734e+00
1.12939171e+00 8.11005000e+05 3.63572448e+02 1.24048722e+02 -6.21480692e-01 6.57457438e+00 1.52165912e+02 1.48285529e+02 -6.26451089e-01 7.68329165e-01 1.47737906e+02 -5.19457893e-01 1.44665963e+00 9.96306975e-01 9.14632779e-01 1.08929725e+00
1.13253454e+00 8.18221000e+05 3.63420059e+02 1.23896333e+02 -1.25970386e+00 4.78304210e+00 1.51856862e+02 1.47976479e+02 -5.35415501e-01 1.90729286e+00 1.47338579e+02 -4.72658017e-01 2.20871437e+00 9.95689181e-01 9.15024835e-01 1.08815536e+00
1.13567519e+00 8.19139000e+05 3.62558224e+02 1.23034498e+02 -3.90932298e-01 5.72628931e+00 1.51366261e+02 1.47485878e+02 -4.59727075e-01 2.11668440e+00 1.47036785e+02 -4.46255211e-01 2.16539634e+00 9.96955011e-01 9.13352101e-01 1.09153415e+00
1.13881700e+00 8.27421000e+05 3.62590417e+02 1.23066691e+02 1.89672232e+00 6.70703515e+00 1.51277778e+02 1.47397395e+02 -8.14083130e-02 1.23563601e+00 1.46936661e+02 3.16687543e-01 2.43573828e+00 9.96874206e-01 9.13745726e-01 1.09097551e+00
1.14196121e+00 8.30017000e+05 3.61946541e+02 1.22422815e+02 8.20903148e-01 6.03001723e+00 1.50809741e+02 1.46929358e+02 -1.15282270e-01 1.87579125e+00 1.46441342e+02 4.59622398e-01 1.84131910e+00 9.96678567e-01 9.12802646e-01 1.09188834e+00
1.14510144e+00 8.33901000e+05 3.61554799e+02 1.22031073e+02 -6.28421844e-01 6.03586975e+00 1.50124679e+02 1.46244296e+02 -2.60231089e-02 1.25915162e+00 1.45790790e+02 -2.98485794e-01 1.66551442e+00 9.96898986e-01 9.13473068e-01 1.09132827e+00
1.14824539e+00 8.41879000e+05 3.60574926e+02 1.21051199e+02 -1.36916053e+00 4.85223055e+00 1.49782493e+02 1.45902109e+02 -3.52244335e-01 2.25521334e+00 1.45357099e+02 -3.37331156e-01 1.87177357e+00 9.96264551e-01 9.10864473e-01 1.09375717e+00
1.15138588e+00 8.40657000e+05 3.60298565e+02 1.20774839e+02 -2.89071294e-01 5.45708130e+00 1.49564160e+02 1.45683777e+02 4.68776071e-02 4.85979838e-01 1.45182008e+02 -4.58798490e-02 3.05304347e-01 9.96555765e-01 9.10505635e-01 1.09450807e+00
1.15452568e+00 8.50957000e+05 3.59562661e+02 1.20038934e+02 -8.88528842e-01 7.10179137e+00 1.48924425e+02 1.45044042e+02 -4.10106158e-01 2.09126245e+00 1.44373305e+02 -3.52203760e-01 2.49152192e+00 9.95375634e-01 9.09727072e-01 1.09414753e+00
1.15766925e+00 8.51935000e+05 3.59898153e+02 1.20374426e+02 -1.00785761e+00 4.89316199e+00 1.49198781e+02 1.45318398e+02 5.11626844e-02 1.68481075e+00 1.44676167e+02 -3.31724439e-01 2.22445116e+00 9.95580525e-01 9.10137094e-01 1.09387974e+00
1.16081367e+00 8.60385000e+05 3.58970087e+02 1.19446361e+02 -8.56249400e-01 6.15387105e+00 1.48541853e+02 1.44661470e+02 -6.31930572e-01 1.70447472e+00 1.44051974e+02 -8.75002221e-01 2.14556767e+00 9.95786745e-01 9.08678025e-01 1.09586313e+00
1.16395594e+00 8.60713000e+05 3.58666049e+02 1.19142323e+02 1.25560602e+00 5.30538420e+00 1.47759103e+02 1.43878719e+02 4.46496259e-01 1.51035635e+00 1.43483355e+02 5.10813167e-01 1.39036192e+00 9.97252099e-01 9.09986082e-01 1.09589819e+00
1.16709312e+00 8.66109000e+05 3.57814027e+02 1.18290300e+02 -1.73322667e-01 5.36244467e+00 1.47715246e+02 1.43834862e+02 -2.50629830e-01 1.44055557e+00 1.43143044e+02 3.80189994e-01 1.14464877e+00 9.95190192e-01 9.06864677e-01 1.09739658e+00
1.17023399e+00 8.72659000e+05 3.57324155e+02 1.17800429e+02 -1.31395222e+00 6.97679123e+00 1.47263787e+02 1.43383403e+02 -3.04701397e-01 2.24891595e+00 1.42812590e+02 -2.00199594e-01 2.78225708e+00 9.96018973e-01 9.06408549e-01 1.09886317e+00
1.17337847e+00 8.77233000e+05 3.57457790e+02 1.17934064e+02 -1.58662587e+00 7.60971369e+00 1.46795211e+02 1.42914828e+02 -1.74558500e-01 2.48968543e+00 1.42345771e+02 -6.56603516e-01 2.72944814e+00 9.96018207e-01 9.08408077e-01 1.09644358e+00
1.17652222e+00 8.81593000e+05 3.56709170e+02 1.17185444e+02 -5.99664245e-01 3.20543279e+00 1.46335616e+02 1.42455232e+02 -2.89859284e-01 9.17214433e-01 1.41984625e+02 -1.80711045e-01 6.48287891e-01 9.96696460e-01 9.06979836e-01 1.09891799e+00
1.17966383e+00 8.85799000e+05 3.56035373e+02 1.16511647e+02 7.12690272e-01 6.11078586e+00 1.45831235e+02 1.41950851e+02 -3.18893785e-01 1.91773487e+00 1.41283932e+02 1.15823031e-01 2.06973589e+00 9.95301759e-01 9.05973867e-01 1.09859875e+00
1.18280152e+00 8.88213000e+05 3.55969303e+02 1.16445577e+02 -1.11106114e+00 5.82377396e+00 1.46058168e+02 1.42177785e+02 -6.96904804e-01 1.61024381e+00 1.41607174e+02 -1.02129694e+00 1.62980468e+00 9.95986641e-01 9.04993847e-01 1.10054521e+00
1.18594296e+00 8.98033000e+05 3.54757615e+02 1.15233888e+02 -1.63968711e-01 7.83809094e+00 1.45442529e+02 1.41562145e+02 -1.79608514e-01 2.34473905e+00 1.40892306e+02 -1.06154687e-01 2.60588245e+00 9.95268231e-01 9.02228499e-01 1.10312214e+00
1.18908665e+00 8.98515000e+05 3.54517470e+02 1.14993744e+02 6.47199478e-01 8.52097376e+00 1.44873386e+02 1.40993003e+02 -7.15500600e-01 3.35474893e+00 1.40300868e+02 -1.60586024e-01 3.59081991e+00 9.95091000e-01 9.03105167e-01 1.10185506e+00
1.19222701e+00 9.05881000e+05 3.54657598e+02 1.15133872e+02 -5.70166943e-01 7.57470014e+00 1.44654928e+02 1.40774545e+02 -2.04220642e-01 2.17280340e+00 1.40199853e+02 -7.43145699e-02 2.95787604e+00 9.95917646e-01 9.04356136e-01 1.10124497e+00
1.19536822e+00 9.08613000e+05 3.53688063e+02 1.14164336e+02 2.10066328e-01 7.72104853e+00 1.44232346e+02 1.40351963e+02 -3.27047907e-01 2.19866142e+00 1.39685334e+02 1.00006359e-01 2.45575295e+00 9.95250307e-01 9.01895008e-01 1.10351016e+00
1.19850707e+00 9.13465000e+05 3.53491195e+02 1.13967469e+02 -9.16379892e-01 5.71971478e+00 1.43919133e+02 1.40038749e+02 8.27209905e-02 1.12323310e+00 1.39253154e+02 -2.07096727e-01 9.64844408e-01 9.94390157e-01 9.02124216e-01 1.10227632e+00
1.20164775e+00 9.20011000e+05 3.53405917e+02 1.13882191e+02 3.14397479e-01 7.41567744e+00 1.43636520e+02 1.39756136e+02 -3.53419446e-01 1.64236789e+00 1.39193393e+02 8.63036077e-02 2.08683975e+00 9.95973391e-01 9.02697967e-01 1.10332960e+00
1.20479252e+00 9.25173000e+05 3.52970701e+02 1.13446975e+02 -1.28588066e-01 9.37849495e+00 1.43403136e+02 1.39522752e+02 4.70496551e-02 3.67952717e+00 1.38788364e+02 -5.12213982e-01 4.10470946e+00 9.94736431e-01 9.01724654e-01 1.10314876e+00
1.20793585e+00 9.28789000e+05 3.52103002e+02 1.12579276e+02 -1.05641011e+00 1.02307578e+01 1.42718159e+02 1.38837775e+02 -9.52439964e-02 2.71563416e+00 1.38161885e+02 -3.59725960e-01 3.69851628e+00 9.95131801e-01 9.00482760e-01 1.10510922e+00
1.21108033e+00 9.35571000e+05 3.51428777e+02 1.11905051e+02 -2.75266808e-01 7.58905141e+00 1.42258277e+02 1.38377893e+02 -3.16057330e-01 2.10879752e+00 1.37588045e+02 -1.26407268e-01 2.34868977e+00 9.94292090e-01 8.99272861e-01 1.10566229e+00
1.21422008e+00 9.35521000e+05 3.51484012e+02 1.11960286e+02 5.85945369e-01 1.03457423e+01 1.42293226e+02 1.38412843e+02 -6.93701255e-01 3.08859604e+00 1.37970191e+02 -1.28075255e-01 3.07065429e+00 9.96801943e-01 8.99381201e-01 1.10831974e+00
1.21735874e+00 9.45049000e+05 3.50717188e+02 1.11193461e+02 -4.13413133e-01 5.93106616e+00 1.41678818e+02 1.37798434e+02 -1.32952807e-01 1.34020744e+00 1.37049424e+02 1.82159384e-02 1.63597229e+00 9.94564453e-01 8.98291900e-01 1.10717290e+00
1.22050123e+00 9.47025000e+05 3.50076168e+02 1.10552442e+02 2.24443424e-02 9.41580026e+00 1.41377571e+02 1.37497187e+02 -1.00156903e-01 3.26876926e+00 1.36695493e+02 -8.16793202e-02 2.98897836e+00 9.94169380e-01 8.96679547e-01 1.10872316e+00
1.22364499e+00 9.55735000e+05 3.50027777e+02 1.10504050e+02 -4.69754870e-01 8.41601520e+00 1.41174744e+02 1.37294360e+02 -1.06230112e-01 2.56057678e+00 1.36518231e+02 -5.96530134e-02 2.68270945e+00 9.94346975e-01 8.97145225e-01 1.10834561e+00
1.22678592e+00 9.55521000e+05 3.49675608e+02 1.10151882e+02 -6.43879051e-01 9.71754052e+00 1.40984401e+02 1.37104018e+02 -4.44413923e-01 3.21785421e+00 1.36451607e+02 -4.98624776e-01 3.67812232e+00 9.95241494e-01 8.96336062e-01 1.11034414e+00
1.22992635e+00 9.64621000e+05 3.50134059e+02 1.10610333e+02 -7.97119598e-01 9.51588484e+00 1.40517246e+02 1.36636862e+02 -6.65747070e-01 2.49865345e+00 1.36198984e+02 -5.85910081e-01 2.94449516e+00 9.96795316e-01 8.99733540e-01 1.10787836e+00
1.23306962e+00 9.67719000e+05 3.48981291e+02 1.09457565e+02 -7.78784903e-01 1.12998835e+01 1.39848526e+02 1.35968143e+02 -1.12372641e-01 2.73577626e+00 1.35353979e+02 -5.45090081e-03 3.46074622e+00 9.95483033e-01 8.97231078e-01 1.10950574e+00
1.23621098e+00 9.72481000e+05 3.48800287e+02 1.09276560e+02 2.13914374e-02 1.21642447e+01 1.39801857e+02 1.35921473e+02 -4.56538044e-01 3.78660410e+00 1.35355589e+02 -4.80958230e-01 4.55749769e+00 9.95836682e-01 8.96642813e-01 1.11062808e+00
1.23934926e+00 9.76537000e+05 3.48976188e+02 1.09452462e+02 7.15556423e-03 9.72722174e+00 1.39635050e+02 1.35754666e+02 -2.09652608e-01 2.76865969e+00 1.35299026e+02 1.25674519e-01 2.86483241e+00 9.96643651e-01 8.97915326e-01 1.10995282e+00
1.24249042e+00 9.83853000e+05 3.48270375e+02 1.08746649e+02 2.27676029e-01 1.00134794e+01 1.39105310e+02 1.35224926e+02 -1.28655299e-01 3.03752043e+00 1.34607060e+02 3.25906204e-01 3.43816609e+00 9.95430829e-01 8.96766890e-01 1.11002184e+00
1.24563466e+00 9.88291000e+05 3.47944511e+02 1.08420785e+02 5.25635737e-02 1.23036910e+01 1.38713023e+02 1.34832640e+02 1.33214712e-02 2.90072693e+00 1.34198375e+02 1.48461903e-01 3.90856699e+00 9.95295914e-01 8.96723920e-01 1.10992457e+00
1.24877425e+00 9.91113000e+05 3.47643134e+02 1.08119408e+02 4.45162249e-01 1.28480204e+01 1.38679260e+02 1.34798876e+02 -7.97156537e-01 3.08700618e+00 1.34143446e+02 -6.16929674e-01 3.71269790e+00 9.95137720e-01 8.95588882e-01 1.11115462e+00
1.25191583e+00 9.99061000e+05 3.47506937e+02 1.07983211e+02 3.16942330e-02 1.19706081e+01 1.38152471e+02 1.34272087e+02 -1.18773801e-01 3.39702119e+00 1.33691595e+02 -6.95121310e-02 3.93697108e+00 9.95676751e-01 8.96778626e-01 1.11028154e+00
1.25505897e+00 1.00302300e+06 3.46460160e+02 1.06936434e+02 1.68068572e-01 1.03099905e+01 1.37971192e+02 1.34090808e+02 3.65611194e-01 2.82350249e+00 1.33371044e+02 4.00895411e-01 3.28103415e+00 9.94632259e-01 8.93024437e-01 1.11377944e+00
1.25820037e+00 1.00701700e+06 3.46855084e+02 1.07331358e+02 -3.88870954e-01 1.22752014e+01 1.37707400e+02 1.33827016e+02 -3.37322992e-01 3.45097643e+00 1.33332682e+02 -5.21160691e-02 3.31487814e+00 9.96306170e-01 8.95553251e-01 1.11250355e+00
1.26134411e+00 1.01518900e+06 3.46056461e+02 1.06532734e+02 -3.26333094e-03 1.16069512e+01 1.37220995e+02 1.33340611e+02 -1.56025848e-02 3.54842115e+00 1.32672993e+02 -3.79187340e-01 3.49870526e+00 9.94993138e-01 8.93841093e-01 1.11316558e+00
1.26448585e+00 1.01565900e+06 3.45898155e+02 1.06374429e+02 -3.03407605e-01 1.32512029e+01 1.36875602e+02 1.32995219e+02 -3.19286341e-01 3.96811674e+00 1.32454831e+02 -3.80798131e-01 4.08931286e+00 9.95936791e-01 8.94335781e-01 1.11360499e+00
1.26762602e+00 1.02429700e+06 3.45645853e+02 1.06122126e+02 5.97770226e-01 1.31484925e+01 1.36690656e+02 1.32810273e+02 2.88809634e-01 3.60006397e+00 1.32237477e+02 3.42254244e-01 3.84776352e+00 9.95687113e-01 8.93896296e-01 1.11387318e+00
1.27076876e+00 1.02754500e+06 3.44499442e+02 1.04975716e+02 1.16219089e+00 1.34560354e+01 1.36209089e+02 1.32328705e+02 1.70218841e-01 3.73013488e+00 1.31644777e+02 3.89305326e-01 3.35509059e+00 9.94831593e-01 8.90671161e-01 1.11694600e+00
1.27391150e+00 1.03417300e+06 3.44878337e+02 1.05354611e+02 -3.88459000e-01 1.41165193e+01 1.35911651e+02 1.32031267e+02 -2.35191371e-01 4.22704203e+00 1.31537275e+02 -1.29426459e-01 4.61174928e+00 9.96258523e-01 8.93281577e-01 1.11527938e+00
1.27705033e+00 1.03563900e+06 3.44903257e+02 1.05379531e+02 -5.17938370e-01 1.38742800e+01 1.35597200e+02 1.31716816e+02 -2.41744763e-01 3.78006083e+00 1.31394988e+02 -2.07834421e-01 4.10847191e+00 9.97556669e-01 8.94452986e-01 1.11527010e+00
1.28018839e+00 1.04337700e+06 3.44573102e+02 1.05049376e+02 1.45314382e-01 1.33955303e+01 1.35428160e+02 1.31547777e+02 -3.28127922e-01 4.12947817e+00 1.31030818e+02 -7.10883622e-02 4.36068745e+00 9.96070183e-01 8.93624325e-01 1.11464086e+00
1.28333376e+00 1.05110500e+06 3.44062477e+02 1.04538751e+02 2.20278827e+00 1.48435079e+01 1.35014129e+02 1.31133745e+02 1.37852226e-01 4.48128649e+00 1.30701011e+02 7.26207041e-01 4.63457772e+00 9.96700051e-01 8.92855998e-01 1.11630549e+00
1.28647753e+00 1.05248700e+06 3.44248903e+02 1.04725177e+02 -1.12555336e+00 1.45103368e+01 1.34737508e+02 1.30857124e+02 -8.46404947e-01 3.76569778e+00 1.30546599e+02 -1.00434143e+00 4.41293388e+00 9.97626989e-01 8.94595822e-01 1.11517063e+00
1.28961689e+00 1.05825700e+06 3.43457972e+02 1.03934246e+02 -8.35188715e-01 1.56026829e+01 1.34542375e+02 1.30661991e+02 -3.01790842e-01 3.72666914e+00 1.30202568e+02 -5.30804546e-01 4.08112641e+00 9.96483879e-01 8.91876453e-01 1.11728914e+00
1.29276008e+00 1.06563300e+06 3.43066395e+02 1.03542669e+02 1.64099419e-01 1.55513573e+01 1.34470320e+02 1.30589937e+02 -2.83141830e-01 5.07915673e+00 1.29945911e+02 -1.91141019e-01 5.47794986e+00 9.95068336e-01 8.90440331e-01 1.11750142e+00
1.29590257e+00 1.06786900e+06 3.43006346e+02 1.03482620e+02 1.22481877e+00 1.73714124e+01 1.34136068e+02 1.30255685e+02 4.01822851e-01 4.59662811e+00 1.29623644e+02 6.76376801e-01 5.02769042e+00 9.95147692e-01 8.91323515e-01 1.11648316e+00
1.29904204e+00 1.07423500e+06 3.42760286e+02 1.03236560e+02 -1.41751445e+00 1.63900524e+01 1.33424061e+02 1.29543678e+02 -6.70645214e-01 4.83186569e+00 1.29130002e+02 -8.54427531e-01 5.08540330e+00 9.96806674e-01 8.92706405e-01 1.11661199e+00
1.30218020e+00 1.07739300e+06 3.42849211e+02 1.03325484e+02 1.05309822e-01 1.67118493e+01 1.33258047e+02 1.29377664e+02 -1.14212233e-01 4.93165644e+00 1.29102265e+02 -2.17245373e-02 5.46179127e+00 9.97871362e-01 8.93663609e-01 1.11660736e+00
1.30532359e+00 1.08762100e+06 3.42757408e+02 1.03233681e+02 -1.46872801e+00 1.60701623e+01 1.33249334e+02 1.29368950e+02 -1.48262581e-01 4.76180487e+00 1.28965609e+02 -4.51625329e-01 4.95667144e+00 9.96882244e-01 8.93296600e-01 1.11595885e+00
1.30846593e+00 1.08792300e+06 3.42041986e+02 1.02518260e+02 -2.88752646e-01 1.72675952e+01 1.32976762e+02 1.29096378e+02 -2.88903426e-01 5.31115701e+00 1.28585637e+02 -3.28244097e-02 5.56507260e+00 9.96043726e-01 8.91135169e-01 1.11772463e+00
1.31160305e+00 1.09394500e+06 3.42196680e+02 1.02672954e+02 2.44780503e+00 1.90189221e+01 1.32649164e+02 1.28768780e+02 1.51193548e-01 5.66832951e+00 1.28342461e+02 6.52882687e-01 5.89276777e+00 9.96689268e-01 8.92940943e-01 1.11618722e+00
1.31474581e+00 1.10262900e+06 3.41693776e+02 1.02170049e+02 3.47906949e-01 1.88709012e+01 1.32346484e+02 1.28466101e+02 -4.04874215e-01 5.09557441e+00 1.28005739e+02 -2.95802625e-01 5.55509457e+00 9.96416478e-01 8.91800129e-01 1.11730919e+00
1.31788925e+00 1.10461900e+06 3.41550484e+02 1.02026758e+02 -8.56118074e-01 2.12908035e+01 1.32053746e+02 1.28173362e+02 -3.21110636e-01 6.42212836e+00 1.27816064e+02 -6.19040269e-01 7.02669043e+00 9.97212388e-01 8.92191653e-01 1.11771096e+00
1.32103052e+00 1.11166900e+06 3.41325764e+02 1.01802038e+02 6.27339151e-01 1.94025095e+01 1.31518288e+02 1.27637904e+02 -3.78773629e-01 5.97489939e+00 1.27302045e+02 1.13047963e-01 5.98473337e+00 9.97368659e-01 8.93075970e-01 1.11677919e+00
1.32417192e+00 1.11602100e+06 3.41819542e+02 1.02295816e+02 3.27063498e-01 2.10926226e+01 1.31537981e+02 1.27657597e+02 -1.11610938e-02 5.81097110e+00 1.27410072e+02 3.67771434e-01 6.67841032e+00 9.98061025e-01 8.95170171e-01 1.11493999e+00
1.32731592e+00 1.12297300e+06 3.41213753e+02 1.01690027e+02 -1.23211232e+00 2.12185401e+01 1.31259772e+02 1.27379388e+02 2.20413144e-01 5.75084018e+00 1.27099227e+02 -2.39796676e-01 6.90020111e+00 9.97800573e-01 8.93489806e-01 1.11674533e+00
1.33045950e+00 1.12717500e+06 3.41033332e+02 1.01509606e+02 -1.73932803e-01 1.97994651e+01 1.31106339e+02 1.27225955e+02 -4.73173909e-01 5.80214152e+00 1.26938091e+02 -3.54899627e-01 5.92756331e+00 9.97737378e-01 8.93234956e-01 1.11699321e+00
1.33359926e+00 1.13037700e+06 3.40540197e+02 1.01016471e+02 -5.98430544e-01 2.22946269e+01 1.30681751e+02 1.26801367e+02 -5.28184318e-01 6.52491699e+00 1.26423442e+02 -7.19081896e-01 6.53895211e+00 9.97019547e-01 8.92553233e-01 1.11704211e+00
1.33674215e+00 1.14066900e+06 3.41150674e+02 1.01626947e+02 -1.60871444e-01 1.99085915e+01 1.30544650e+02 1.26664267e+02 -3.49116692e-01 6.45472854e+00 1.26585924e+02 -3.76249850e-01 6.39985697e+00 9.99381491e-01 8.95730544e-01 1.11571666e+00
1.33988669e+00 1.14202300e+06 3.40543982e+02 1.01020256e+02 -4.70925886e-01 2.28689024e+01 1.30407891e+02 1.26527507e+02 6.27697983e-02 6.53004778e+00 1.26122822e+02 -4.04983383e-01 6.83795915e+00 9.96801609e-01 8.93535386e-01 1.11557038e+00
1.34302911e+00 1.14927700e+06 3.40877605e+02 1.01353879e+02 -1.42964254e-01 2.25352324e+01 1.30166292e+02 1.26285908e+02 -4.78321927e-01 6.86297675e+00 1.26075331e+02 -3.72167452e-01 7.04020422e+00 9.98332535e-01 8.95865352e-01 1.11437788e+00
1.34616937e+00 1.15221300e+06 3.39789814e+02 1.00266088e+02 -5.63266459e-01 2.55260868e+01 1.29703437e+02 1.25823053e+02 -2.49424459e-01 7.55040852e+00 1.25513071e+02 -4.00223124e-01 8.30630627e+00 9.97536363e-01 8.92682303e-01 1.11745955e+00
1.34930901e+00 1.15878100e+06 3.39730703e+02 1.00206977e+02 -1.40869812e-01 2.54942345e+01 1.29575700e+02 1.25695316e+02 -4.26619025e-01 7.52464927e+00 1.25439820e+02 -4.17769690e-01 7.96179497e+00 9.97967335e-01 8.92872471e-01 1.11770423e+00
1.35244773e+00 1.16287500e+06 3.40089724e+02 1.00565998e+02 9.11686039e-01 2.41792925e+01 1.29367781e+02 1.25487397e+02 3.25683539e-01 8.05805962e+00 1.25329199e+02 4.00626632e-01 8.04746260e+00 9.98739326e-01 8.95211243e-01 1.11564654e+00
1.35558784e+00 1.16998900e+06 3.39466545e+02 9.99428187e+01 -3.19058499e-01 2.61029283e+01 1.28920314e+02 1.25039931e+02 -1.69005102e-01 7.75796915e+00 1.24789012e+02 -1.53345346e-02 8.57487026e+00 9.97993291e-01 8.94028646e-01 1.11628782e+00
1.35872992e+00 1.17557700e+06 3.40348508e+02 1.00824782e+02 5.69042223e-01 2.65109379e+01 1.28998072e+02 1.25117688e+02 -2.75262395e-01 7.60454491e+00 1.25066237e+02 1.83350874e-02 7.91963360e+00 9.99588783e-01 8.97685665e-01 1.11351760e+00
1.36187287e+00 1.18175500e+06 3.39504431e+02 9.99807047e+01 8.22038248e-01 2.54201957e+01 1.28445531e+02 1.24565148e+02 -3.15302174e-01 7.56286975e+00 1.24441259e+02 -5.01393799e-02 7.62482399e+00 9.99005430e-01 8.95900591e-01 1.11508513e+00
1.36501921e+00 1.18843300e+06 3.39496128e+02 9.99724016e+01 1.73729653e-01 2.67503181e+01 1.28325091e+02 1.24444707e+02 1.97314700e-01 8.12808713e+00 1.24350682e+02 -1.17095791e-01 8.09913430e+00 9.99244442e-01 8.96296803e-01 1.11485887e+00
1.36815899e+00 1.18829700e+06 3.39838306e+02 1.00314580e+02 5.23365686e-01 2.85434005e+01 1.28359959e+02 1.24479575e+02 -7.17601832e-02 9.08808991e+00 1.24324615e+02 4.67085616e-02 9.32832230e+00 9.98755135e-01 8.97703629e-01 1.11256667e+00
1.37129593e+00 1.19676100e+06 3.39545557e+02 1.00021831e+02 -5.90604320e-01 2.84901047e+01 1.28091797e+02 1.24211413e+02 -1.56077229e-01 8.53978197e+00 1.24075372e+02 -4.47195714e-01 8.85377483e+00 9.98904766e-01 8.97359881e-01 1.11315960e+00
1.37443987e+00 1.20493500e+06 3.39782291e+02 1.00258565e+02 4.69142214e-01 2.83201827e+01 1.27791081e+02 1.23910697e+02 -4.90555929e-01 8.61334335e+00 1.23887780e+02 -2.23601451e-01 8.65090938e+00 9.99815052e-01 8.99510718e-01 1.11150988e+00
1.37758170e+00 1.20606100e+06 3.39631250e+02 1.00107524e+02 -1.17309708e+00 2.96039110e+01 1.27738204e+02 1.23857820e+02 -6.32157092e-01 9.50105500e+00 1.23824756e+02 -1.12955614e+00 9.43937445e+00 9.99733046e-01 8.99024740e-01 1.11201950e+00
1.38072348e+00 1.21561300e+06 3.39393648e+02 9.98699222e+01 -4.62543037e-01 3.11445128e+01 1.27481210e+02 1.23600827e+02 -5.40854450e-01 9.98633984e+00 1.23534896e+02 -7.20222673e-01 1.00504564e+01 9.99466583e-01 8.98890246e-01 1.11188945e+00
1.38386604e+00 1.21826700e+06 3.39572747e+02 1.00049021e+02 -1.20753966e+00 3.23538603e+01 1.27144697e+02 1.23264313e+02 3.40396434e-01 9.76816196e+00 1.23243607e+02 1.79931417e-01 1.01429297e+01 9.99832017e-01 9.00923138e-01 1.10978615e+00
1.38700773e+00 1.22550100e+06 3.39292360e+02 9.97686333e+01 -5.63377163e-01 3.20480424e+01 1.27003620e+02 1.23123236e+02 -5.29031227e-02 9.10967350e+00 1.23150502e+02 -2.09064254e-01 9.63930032e+00 1.00022145e+00 9.00175110e-01 1.11114097e+00
1.39014932e+00 1.22956500e+06 3.39712369e+02 1.00188643e+02 2.90976187e-01 3.34640795e+01 1.26843309e+02 1.22962926e+02 -6.84090566e-02 1.05431113e+01 1.23096439e+02 4.18446759e-01 1.09592759e+01 1.00108580e+00 9.02655750e-01 1.10904495e+00
1.39328874e+00 1.23503500e+06 3.40078051e+02 1.00554324e+02 -5.34900180e-01 3.05650401e+01 1.26541043e+02 1.22660660e+02 -3.59247537e-01 9.24768940e+00 1.23096337e+02 3.84054514e-03 8.95751164e+00 1.00355189e+00 9.05415090e-01 1.10838874e+00
1.39642899e+00 1.24068900e+06 3.39413062e+02 9.98893358e+01 -4.54127672e-01 3.54004313e+01 1.26552046e+02 1.22671663e+02 -9.69819025e-02 1.11411174e+01 1.22839258e+02 -7.43762814e-02 1.18622601e+01 1.00136621e+00 9.02375794e-01 1.10969977e+00
1.39957190e+00 1.24924900e+06 3.39529743e+02 1.00006017e+02 -3.50782455e-01 3.37699014e+01 1.26283845e+02 1.22403461e+02 6.71356122e-02 1.06254853e+01 1.22562505e+02 -1.23949436e-01 1.06646522e+01 1.00129934e+00 9.03891321e-01 1.10776519e+00
1.40271503e+00 1.25124100e+06 3.39359526e+02 9.98357994e+01 -5.88612509e-01 3.55474977e+01 1.26105283e+02 1.22224899e+02 -2.65755313e-01 1.06096303e+01 1.22395337e+02 -2.23604615e-01 1.07993702e+01 1.00139446e+00 9.03781207e-01 1.10800541e+00
1.40585753e+00 1.26072300e+06 3.39427781e+02 9.99040552e+01 6.04903768e-01 3.65948381e+01 1.25974016e+02 1.22093632e+02 -3.42226537e-01 1.11155773e+01 1.22314434e+02 9.43140340e-02 1.12592941e+01 1.00180846e+00 9.04575979e-01 1.10748957e+00
1.40899464e+00 1.25763700e+06 3.39554399e+02 1.00030673e+02 -9.64516401e-02 3.84514629e+01 1.25722204e+02 1.21841821e+02 -4.66071736e-01 1.17301017e+01 1.22100785e+02 -6.29013467e-01 1.20980215e+01 1.00212542e+00 9.06083883e-01 1.10599630e+00
1.41213459e+00 1.27403700e+06 3.39622682e+02 1.00098956e+02 4.40439004e-01 3.79219101e+01 1.25601305e+02 1.21720921e+02 4.79380067e-01 1.14007437e+01 1.21913831e+02 4.53969982e-01 1.16125640e+01 1.00158485e+00 9.06843112e-01 1.10447423e+00
1.41528151e+00 1.27547500e+06 3.40144635e+02 1.00620909e+02 1.32293217e+00 4.02167420e+01 1.25577545e+02 1.21697162e+02 2.55963091e-01 1.27668690e+01 1.22017145e+02 5.43708102e-01 1.29257393e+01 1.00262934e+00 9.09293094e-01 1.10264704e+00
1.41842438e+00 1.28110500e+06 3.39975607e+02 1.00451881e+02 1.16294395e-01 4.31768980e+01 1.25299042e+02 1.21418658e+02 -9.01444262e-02 1.32809183e+01 1.21811908e+02 -4.07902436e-01 1.41832230e+01 1.00323879e+00 9.09570409e-01 1.10298090e+00
1.42156501e+00 1.28596900e+06 3.39437155e+02 9.99134285e+01 -1.59064669e-01 4.11746158e+01 1.24928233e+02 1.21047849e+02 -3.27017858e-01 1.28556190e+01 1.21283280e+02 -2.11684256e-01 1.31240474e+01 1.00194494e+00 9.08517698e-01 1.10283481e+00
1.42470695e+00 1.29246100e+06 3.39927762e+02 1.00404035e+02 7.11284665e-01 4.26610382e+01 1.25134572e+02 1.21254188e+02 -2.00816994e-01 1.36999538e+01 1.21581366e+02 3.72742329e-01 1.41394649e+01 1.00269828e+00 9.09970282e-01 1.10190222e+00
1.42784873e+00 1.29806700e+06 3.40293715e+02 1.00769989e+02 3.98474707e-02 4.31338565e+01 1.24933193e+02 1.21052809e+02 1.85784320e-01 1.36971225e+01 1.21441674e+02 -1.15428609e-01 1.36925697e+01 1.00321236e+00 9.12385070e-01 1.09954929e+00
1.43098940e+00 1.30299700e+06 3.40720466e+02 1.01196740e+02 -1.34404794e+00 4.44122346e+01 1.24673955e+02 1.20793571e+02 -3.77974870e-01 1.41845109e+01 1.21329171e+02 -6.86437909e-01 1.43670584e+01 1.00443400e+00 9.15295546e-01 1.09738762e+00
1.43413123e+00 1.30960500e+06 3.40148919e+02 1.00625193e+02 -1.68743173e+00 4.46650693e+01 1.24583867e+02 1.20703483e+02 -2.93449315e-01 1.43156721e+01 1.21029803e+02 -6.40174633e-01 1.44255395e+01 1.00270348e+00 9.13047687e-01 1.09819399e+00
1.43727368e+00 1.31599900e+06 3.40686430e+02 1.01162704e+02 -3.46061926e-01 4.74442489e+01 1.24346957e+02 1.20466573e+02 4.79750668e-02 1.49617111e+01 1.20925723e+02 1.33123836e-01 1.56668457e+01 1.00381143e+00 9.16382815e-01 1.09540622e+00
1.44041556e+00 1.31986900e+06 3.40513427e+02 1.00989701e+02 -9.65758503e-02 4.84826984e+01 1.24326823e+02 1.20446439e+02 -4.17563341e-01 1.52680028e+01 1.20917635e+02 -4.00659886e-01 1.56868582e+01 1.00391207e+00 9.15675427e-01 1.09636236e+00
1.44355661e+00 1.32764100e+06 3.40796371e+02 1.01272645e+02 -6.99078075e-01 4.74946732e+01 1.24141875e+02 1.20261491e+02 1.44109491e-01 1.46797365e+01 1.20743534e+02 -1.00446705e-01 1.48523928e+01 1.00400828e+00 9.17662074e-01 1.09409369e+00
1.44669725e+00 1.33025500e+06 3.40979969e+02 1.01456242e+02 -1.22093727e-01 4.98110351e+01 1.24073713e+02 1.20193329e+02 3.77797476e-01 1.58044131e+01 1.20718088e+02 2.92452860e-01 1.55886450e+01 1.00436596e+00 9.18753920e-01 1.09318278e+00
1.44983683e+00 1.33845300e+06 3.41326828e+02 1.01803102e+02 -1.08025993e+00 5.16401199e+01 1.24059470e+02 1.20179086e+02 -1.45631691e-01 1.64440464e+01 1.20780619e+02 -4.06022898e-01 1.68444212e+01 1.00500530e+00 9.20377636e-01 1.09194885e+00
1.45297698e+00 1.34284900e+06 3.41045660e+02 1.01521934e+02 -9.80255727e-02 5.34321686e+01 1.23810693e+02 1.19930309e+02 -1.65472932e-01 1.73403261e+01 1.20416340e+02 -3.78949829e-01 1.73363790e+01 1.00405261e+00 9.20058548e-01 1.09129208e+00
1.45612056e+00 1.35236100e+06 3.41900917e+02 1.02377191e+02 -2.66330938e-01 5.39093750e+01 1.23586001e+02 1.19705617e+02 -5.10405066e-02 1.69165695e+01 1.20495166e+02 -4.09994948e-01 1.76769224e+01 1.00659576e+00 9.24792588e-01 1.08845570e+00
1.45926300e+00 1.35414700e+06 3.41879647e+02 1.02355921e+02 6.04956115e-01 5.60830384e+01 1.23469080e+02 1.19588697e+02 -6.99032131e-02 1.73081596e+01 1.20235426e+02 2.70554919e-02 1.77133154e+01 1.00540795e+00 9.25148436e-01 1.08675312e+00
1.46240452e+00 1.36261300e+06 3.42136740e+02 1.02613014e+02 5.77352308e-01 5.62544697e+01 1.23483484e+02 1.19603100e+02 2.55505848e-02 1.79920390e+01 1.20171168e+02 1.49270606e-01 1.82678035e+01 1.00474961e+00 9.26253802e-01 1.08474546e+00
1.46554796e+00 1.36806900e+06 3.42734207e+02 1.03210481e+02 -2.85095684e-01 5.65984076e+01 1.23368155e+02 1.19487771e+02 -2.68295181e-01 1.81788601e+01 1.20047334e+02 -3.65735600e-01 1.82425874e+01 1.00468301e+00 9.29394654e-01 1.08100795e+00
1.46868909e+00 1.37208700e+06 3.42740882e+02 1.03217156e+02 5.56153491e-02 5.78948163e+01 1.23495404e+02 1.19615021e+02 2.82899081e-02 1.89991735e+01 1.20386874e+02 1.26304201e-01 1.87239618e+01 1.00645281e+00 9.28930204e-01 1.08345364e+00
1.47182999e+00 1.37948100e+06 3.42724185e+02 1.03200459e+02 -2.93291186e-01 6.03535594e+01 1.23365742e+02 1.19485359e+02 -3.83766966e-02 1.94130774e+01 1.20094435e+02 5.14003343e-02 1.97457062e+01 1.00509750e+00 9.29358914e-01 1.08149551e+00
1.47497323e+00 1.38622900e+06 3.43812184e+02 1.04288458e+02 -8.93682139e-02 6.17454674e+01 1.23271289e+02 1.19390905e+02 -1.63992080e-01 2.00569410e+01 1.20199537e+02 -8.94678860e-02 1.98443094e+01 1.00677298e+00 9.34614470e-01 1.07720671e+00
1.47811383e+00 1.38851700e+06 3.44079736e+02 1.04556010e+02 -6.60424933e-01 6.19543753e+01 1.23177298e+02 1.19296915e+02 3.70849868e-02 2.02424311e+01 1.20238700e+02 -1.53049543e-01 2.00755199e+01 1.00789447e+00 9.36181156e-01 1.07660196e+00
1.48125524e+00 1.39926700e+06 3.44222013e+02 1.04698287e+02 -4.59780302e-01 6.51519147e+01 1.23269248e+02 1.19388865e+02 -2.71249082e-01 2.07657312e+01 1.20097324e+02 -2.11387523e-01 2.07320230e+01 1.00593405e+00 9.36457079e-01 1.07419130e+00
1.48439827e+00 1.40173300e+06 3.44998905e+02 1.05475179e+02 1.99710087e-01 6.72188658e+01 1.22994288e+02 1.19113904e+02 -1.56263392e-01 2.14646758e+01 1.20058973e+02 -3.49391053e-01 2.13869469e+01 1.00793416e+00 9.41009279e-01 1.07112032e+00
1.48753883e+00 1.40837700e+06 3.45112046e+02 1.05588320e+02 -3.25496412e-01 6.94521754e+01 1.22916627e+02 1.19036244e+02 -7.02606681e-02 2.20329535e+01 1.20151756e+02 -1.27127144e-01 2.26941564e+01 1.00937120e+00 9.41820921e-01 1.07172306e+00
1.49067993e+00 1.41485500e+06 3.45301195e+02 1.05777469e+02 -1.74330363e-01 7.04460347e+01 1.22923160e+02 1.19042776e+02 2.67601190e-02 2.26243632e+01 1.20102736e+02 1.50486810e-01 2.26751582e+01 1.00890402e+00 9.42638257e-01 1.07029819e+00
1.49382338e+00 1.42175700e+06 3.45610034e+02 1.06086308e+02 2.57819545e-01 7.09568053e+01 1.22797508e+02 1.18917124e+02 -2.05778631e-01 2.25996166e+01 1.19828104e+02 -2.64915948e-01 2.26068628e+01 1.00766063e+00 9.44511975e-01 1.06685850e+00
1.49696452e+00 1.42549300e+06 3.46143393e+02 1.06619667e+02 -2.09992555e-02 7.45998677e+01 1.22857238e+02 1.18976854e+02 -1.81487566e-01 2.36287952e+01 1.20079599e+02 -2.27867216e-01 2.37730508e+01 1.00926857e+00 9.46645599e-01 1.06615250e+00
1.50010311e+00 1.43085900e+06 3.46246783e+02 1.06723057e+02 3.53402428e-02 7.32330184e+01 1.23016243e+02 1.19135859e+02 -2.61776392e-01 2.36244874e+01 1.20082049e+02 -4.96561542e-02 2.33354283e+01 1.00794211e+00 9.46472232e-01 1.06494631e+00
1.50324309e+00 1.43852500e+06 3.47673440e+02 1.08149714e+02 -3.83007328e-01 7.73415683e+01 1.22910949e+02 1.19030566e+02 -4.16255804e-01 2.44515339e+01 1.20217091e+02 -4.19024439e-01 2.44382231e+01 1.00996824e+00 9.53198695e-01 1.05955688e+00
1.50638491e+00 1.44529300e+06 3.47530350e+02 1.08006623e+02 -7.24666330e-02 8.04140394e+01 1.22898866e+02 1.19018482e+02 6.53987933e-02 2.49137866e+01 1.20079799e+02 -1.43558183e-01 2.52612270e+01 1.00891725e+00 9.52616262e-01 1.05910143e+00
1.50952657e+00 1.44956100e+06 3.48205448e+02 1.08681722e+02 -8.28747468e-01 7.93355277e+01 1.22868835e+02 1.18988452e+02 -3.15676811e-01 2.49987668e+01 1.20096350e+02 -3.09644522e-01 2.43278462e+01 1.00931097e+00 9.55709381e-01 1.05608566e+00
1.51266870e+00 1.45891900e+06 3.48774247e+02 1.09250521e+02 -1.18439432e+00 8.12161212e+01 1.22909312e+02 1.19028928e+02 8.39253446e-02 2.63549211e+01 1.20243658e+02 -3.00769476e-01 2.63479489e+01 1.01020533e+00 9.58044092e-01 1.05444555e+00
1.51581187e+00 1.46127300e+06 3.49059197e+02 1.09535470e+02 7.28212581e-01 8.38628844e+01 1.22862806e+02 1.18982422e+02 -1.81241451e-01 2.68008669e+01 1.20219315e+02 7.69756087e-02 2.72015783e+01 1.01039559e+00 9.59480131e-01 1.05306568e+00
1.51895448e+00 1.47164500e+06 3.49637867e+02 1.10114141e+02 -1.07066096e+00 8.63394637e+01 1.22704540e+02 1.18824156e+02 1.56663515e-01 2.82343516e+01 1.20177002e+02 -1.04361073e-01 2.81882872e+01 1.01138528e+00 9.62651690e-01 1.05062432e+00
1.52209753e+00 1.47364300e+06 3.50573883e+02 1.11050157e+02 -3.27650917e-01 8.87664635e+01 1.22951507e+02 1.19071123e+02 1.55081897e-01 2.86444412e+01 1.20350864e+02 -9.09376094e-02 2.87245539e+01 1.01074771e+00 9.65731424e-01 1.04661367e+00
1.52523777e+00 1.48065300e+06 3.50677531e+02 1.11153805e+02 8.93991341e-01 8.97518628e+01 1.22752659e+02 1.18872275e+02 -3.93422991e-01 2.91402786e+01 1.20099502e+02 -3.20869748e-02 2.91679865e+01 1.01032391e+00 9.66989768e-01 1.04481344e+00
1.52837748e+00 1.48590100e+06 3.51683688e+02 1.12159962e+02 -7.43759906e-01 9.29439263e+01 1.22882952e+02 1.19002568e+02 5.46601218e-02 3.04684506e+01 1.20475411e+02 -1.18388638e-01 3.08733428e+01 1.01237656e+00 9.70824570e-01 1.04280072e+00
1.53152027e+00 1.49508900e+06 3.52543654e+02 1.13019928e+02 -4.98570049e-01 9.58627766e+01 1.22945661e+02 1.19065277e+02 -2.91032072e-01 3.06674871e+01 1.20379965e+02 -9.25040529e-02 3.12157136e+01 1.01104174e+00 9.74282606e-01 1.03772944e+00
1.53466185e+00 1.49809900e+06 3.52941978e+02 1.13418252e+02 1.19039355e+00 9.59652820e+01 1.23091852e+02 1.19211469e+02 -2.22643815e-02 3.15606618e+01 1.20578561e+02 4.44274545e-01 3.17860591e+01 1.01146779e+00 9.75399336e-01 1.03697814e+00
1.53780535e+00 1.50837300e+06 3.53501400e+02 1.13977674e+02 -2.34111928e-02 1.00036886e+02 1.23185218e+02 1.19304834e+02 -3.12068083e-01 3.23968940e+01 1.20762544e+02 -2.81885506e-01 3.23154647e+01 1.01221836e+00 9.77419217e-01 1.03560309e+00
1.54094690e+00 1.50861700e+06 3.54913164e+02 1.15389438e+02 -5.45819492e-03 1.01639214e+02 1.23104855e+02 1.19224471e+02 3.53486985e-01 3.28489490e+01 1.20864330e+02 3.40688463e-01 3.26449094e+01 1.01375438e+00 9.83785295e-01 1.03046304e+00
1.54408727e+00 1.51992700e+06 3.55372289e+02 1.15848563e+02 -1.17653473e+00 1.04904456e+02 1.23460244e+02 1.19579861e+02 -7.29349957e-01 3.40776819e+01 1.21074922e+02 -9.59060044e-01 3.41855634e+01 1.01250262e+00 9.84274659e-01 1.02867894e+00
1.54722932e+00 1.52212500e+06 3.55570553e+02 1.16046826e+02 1.43554497e+00 1.06506872e+02 1.23327170e+02 1.19446786e+02 2.50656821e-01 3.45341432e+01 1.20887633e+02 5.06735122e-01 3.44286641e+01 1.01206267e+00 9.85665145e-01 1.02678143e+00
1.55037199e+00 1.53333700e+06 3.56093117e+02 1.16569390e+02 9.71988810e-01 1.07925360e+02 1.23292278e+02 1.19411894e+02 -1.26474561e-01 3.55570607e+01 1.20873604e+02 2.58768307e-01 3.51691000e+01 1.01224091e+00 9.88026218e-01 1.02450815e+00
1.55351406e+00 1.53359700e+06 3.57311272e+02 1.17787546e+02 -7.83098296e-01 1.11813095e+02 1.23441572e+02 1.19561188e+02 -2.37476823e-01 3.67935755e+01 1.21037361e+02 -3.06720407e-01 3.66063614e+01 1.01234659e+00 9.92554988e-01 1.01994005e+00
1.55665465e+00 1.54450300e+06 3.58142297e+02 1.18618571e+02 -5.10296862e-01 1.16090014e+02 1.23896052e+02 1.20015669e+02 -4.87779699e-01 3.78890865e+01 1.21726250e+02 -7.40491789e-01 3.78961705e+01 1.01425298e+00 9.94162482e-01 1.02020847e+00
1.55979533e+00 1.54630500e+06 3.58323163e+02 1.18799437e+02 1.33257727e+00 1.19087712e+02 1.23570312e+02 1.19689928e+02 -8.75788286e-03 3.81858045e+01 1.21128295e+02 1.09807084e-01 3.83744504e+01 1.01201744e+00 9.96273063e-01 1.01580327e+00
1.56293700e+00 1.55760100e+06 3.60718799e+02 1.21195073e+02 4.63336725e-01 1.21781845e+02 1.23879323e+02 1.19998940e+02 -2.51471647e-01 3.97836160e+01 1.21791683e+02 -3.69109076e-01 4.02651360e+01 1.01493966e+00 1.00497157e+00 1.00991878e+00
1.56607963e+00 1.55995900e+06 3.60613033e+02 1.21089307e+02 -1.78776641e+00 1.22428156e+02 1.24018164e+02 1.20137780e+02 3.13782017e-03 4.05250327e+01 1.21699337e+02 -5.28335332e-01 4.05169376e+01 1.01299805e+00 1.00395234e+00 1.00901010e+00
1.56921959e+00 1.56730500e+06 3.61927917e+02 1.22404191e+02 4.34474573e-02 1.27730738e+02 1.24128295e+02 1.20247912e+02 -7.37660815e-01 4.19445553e+01 1.21954105e+02 -6.73726396e-01 4.21618943e+01 1.01418896e+00 1.00892614e+00 1.00521627e+00
1.57236193e+00 1.57524100e+06 3.63281268e+02 1.23757542e+02 4.90541486e-02 1.29077754e+02 1.24483983e+02 1.20603600e+02 -9.79461887e-03 4.27494991e+01 1.22610087e+02 1.53405552e-01 4.24137090e+01 1.01663704e+00 1.01299127e+00 1.00359901e+00
1.57550198e+00 1.57736700e+06 3.64145571e+02 1.24621844e+02 3.73040533e-01 1.32917250e+02 1.24584601e+02 1.20704217e+02 -1.99485629e-01 4.38240934e+01 1.22376201e+02 -2.61162182e-02 4.32507882e+01 1.01385191e+00 1.01609863e+00 9.97788877e-01
1.57864183e+00 1.58738500e+06 3.64903537e+02 1.25379811e+02 -4.28834810e-01 1.34864743e+02 1.24674755e+02 1.20794372e+02 5.46033408e-05 4.47362310e+01 1.22639670e+02 -2.00307468e-02 4.47016768e+01 1.01527636e+00 1.01880357e+00 9.96537892e-01
1.58178466e+00 1.59359700e+06 3.66111258e+02 1.26587531e+02 5.97687845e-01 1.37365637e+02 1.24877529e+02 1.20997145e+02 -6.51806368e-02 4.56880728e+01 1.22741439e+02 6.44372516e-02 4.52223500e+01 1.01441599e+00 1.02284047e+00 9.91763645e-01
1.58492583e+00 1.59747700e+06 3.67185275e+02 1.27661549e+02 4.98237713e-01 1.39804642e+02 1.25106348e+02 1.21225965e+02 7.69178016e-02 4.66350931e+01 1.23031158e+02 -5.95215293e-02 4.57992397e+01 1.01489114e+00 1.02620052e+00 9.88979370e-01
1.58806885e+00 1.60902700e+06 3.68338139e+02 1.28814412e+02 -5.16581934e-01 1.45137898e+02 1.25306537e+02 1.21426153e+02 4.58805532e-03 4.77720827e+01 1.23393227e+02 -4.93615552e-02 4.76567072e+01 1.01619976e+00 1.02997364e+00 9.86626953e-01
1.59121046e+00 1.60840500e+06 3.69045104e+02 1.29521378e+02 2.53738126e-02 1.49281727e+02 1.25537510e+02 1.21657126e+02 -2.96106162e-02 5.01967551e+01 1.23473124e+02 -8.51310454e-02 4.94392440e+01 1.01492718e+00 1.03181527e+00 9.83632642e-01
1.59435141e+00 1.62108100e+06 3.70242893e+02 1.30719167e+02 -1.52185600e+00 1.49464100e+02 1.25699526e+02 1.21819143e+02 -4.20636362e-01 4.99373472e+01 1.23811761e+02 -5.85066614e-01 4.91716522e+01 1.01635718e+00 1.03588577e+00 9.81147937e-01
1.59749526e+00 1.62423900e+06 3.71963975e+02 1.32440249e+02 1.29540497e+00 1.58269403e+02 1.26157046e+02 1.22276662e+02 2.64331020e-01 5.23311594e+01 1.24274765e+02 4.28536487e-01 5.21803758e+01 1.01634083e+00 1.04073032e+00 9.76565028e-01
1.60063766e+00 1.63184500e+06 3.72540981e+02 1.33017255e+02 7.26247365e-02 1.60092887e+02 1.26219934e+02 1.22339550e+02 3.86247889e-02 5.33828718e+01 1.24204978e+02 6.55830064e-02 5.29257414e+01 1.01524796e+00 1.04272684e+00 9.73647097e-01
1.60377568e+00 1.63372900e+06 3.74282336e+02 1.34758609e+02 7.29537469e-01 1.61978769e+02 1.26455805e+02 1.22575421e+02 -1.49236313e-01 5.42758431e+01 1.24686215e+02 -2.35038953e-02 5.35682940e+01 1.01722037e+00 1.04851963e+00 9.70149097e-01
1.60691761e+00 1.64716500e+06 3.75578265e+02 1.36054539e+02 9.19847195e-01 1.67208378e+02 1.27012674e+02 1.23132290e+02 -2.82241773e-01 5.59507808e+01 1.25216759e+02 2.58526438e-01 5.56229442e+01 1.01692869e+00 1.05116414e+00 9.67430914e-01
1.61006129e+00 1.64475100e+06 3.76602136e+02 1.37078410e+02 4.59424476e-01 1.60679397e+02 1.26900006e+02 1.23019623e+02 2.59258549e-01 5.42127042e+01 1.25162844e+02 4.25225123e-01 5.32050671e+01 1.01742179e+00 1.05559502e+00 9.63837234e-01
1.61320330e+00 1.64334000e+06 3.76668111e+02 1.37144385e+02 -5.24718637e-02 1.48633800e+02 1.26688885e+02 1.22808502e+02 1.22945496e-02 4.97159065e+01 1.25083514e+02 -2.53705177e-01 4.90848897e+01 1.01852487e+00 1.05675619e+00 9.63822012e-01
1.61634370e+00 1.63670800e+06 3.76278835e+02 1.36755109e+02 -8.33671286e-01 1.36888651e+02 1.26622554e+02 1.22742171e+02 -1.17454139e-01 4.52794556e+01 1.25016577e+02 -1.78098164e-01 4.55236261e+01 1.01852995e+00 1.05554045e+00 9.64936916e-01
1.61948456e+00 1.63747800e+06 3.76674511e+02 1.37150785e+02 1.11453415e+00 1.23770840e+02 1.26243843e+02 1.22363459e+02 -8.96367201e-02 4.03035433e+01 1.24813088e+02 3.74094961e-01 4.04420396e+01 1.02001928e+00 1.05870088e+00 9.63463144e-01
1.62262738e+00 1.63118200e+06 3.76528742e+02 1.37005015e+02 7.02028126e-01 1.08723137e+02 1.26327718e+02 1.22447334e+02 -5.52570966e-02 3.61613461e+01 1.24888377e+02 2.20063359e-01 3.60848119e+01 1.01993545e+00 1.05777565e+00 9.64226632e-01
1.62576725e+00 1.62901000e+06 3.75835091e+02 1.36311365e+02 -1.73473946e-01 9.59992387e+01 1.25961803e+02 1.22081419e+02 2.15121125e-01 3.15895005e+01 1.24267163e+02 3.45141754e-02 3.09386083e+01 1.01790398e+00 1.05667455e+00 9.63308887e-01
1.62890889e+00 1.62552600e+06 3.76636448e+02 1.37112722e+02 4.10786804e-01 8.36514838e+01 1.25935301e+02 1.22054917e+02 -9.40947441e-02 2.71972592e+01 1.24338009e+02 2.23922655e-01 2.70072532e+01 1.01870545e+00 1.05989108e+00 9.61141642e-01
1.63205108e+00 1.62316600e+06 3.76591137e+02 1.37067411e+02 1.20900457e+00 6.96357794e+01 1.25715235e+02 1.21834852e+02 -2.29943058e-01 2.29855115e+01 1.24327266e+02 2.25847950e-01 2.28115775e+01 1.02045732e+00 1.06067256e+00 9.62085147e-01
1.63519208e+00 1.61727000e+06 3.76335466e+02 1.36811740e+02 1.38210759e+00 5.77394825e+01 1.25614766e+02 1.21734383e+02 3.81660314e-01 1.88115543e+01 1.24166660e+02 7.65137018e-01 1.90106803e+01 1.01998020e+00 1.06012007e+00 9.62136495e-01
1.63833471e+00 1.61774200e+06 3.76544395e+02 1.37020669e+02 -3.44624227e-01 4.53333363e+01 1.25220196e+02 1.21339812e+02 -1.33635281e-01 1.49394222e+01 1.23811147e+02 -1.72152573e-01 1.48952769e+01 1.02036706e+00 1.06265278e+00 9.60207398e-01
1.64147734e+00 1.61133000e+06 3.76870739e+02 1.37347013e+02 2.30298175e-01 3.35032644e+01 1.25195946e+02 1.21315562e+02 -4.11954164e-01 1.10148564e+01 1.23870225e+02 -1.34080376e-01 1.09843327e+01 1.02105799e+00 1.06402382e+00 9.59619489e-01
1.64461860e+00 1.60827400e+06 3.76074459e+02 1.36550732e+02 5.55679735e-02 2.11966118e+01 1.24984517e+02 1.21104133e+02 1.78918222e-01 6.76812354e+00 1.23572668e+02 1.83041683e-01 6.94623259e+00 1.02038357e+00 1.06186067e+00 9.60939229e-01
1.64775979e+00 1.60474000e+06 3.76675267e+02 1.37151540e+02 4.72587825e-02 7.28129639e+00 1.24702010e+02 1.20821627e+02 1.88915631e-01 2.09634218e+00 1.23504317e+02 1.09967689e-01 2.07797185e+00 1.02220373e+00 1.06543757e+00 9.59421520e-01
1.65090299e+00 1.60329000e+06 3.76771450e+02 1.37247724e+02 4.83728163e-01 -2.32837393e+00 1.24485165e+02 1.20604781e+02 -6.01049580e-02 -9.05619588e-01 1.23279733e+02 3.54453852e-01 -8.91075164e-01 1.02217948e+00 1.06676882e+00 9.58201501e-01
1.65404374e+00 1.59506800e+06 3.76465534e+02 1.36941808e+02 -6.17650924e-01 -1.52613310e+01 1.24492159e+02 1.20611776e+02 -3.62288019e-01 -5.31894795e+00 1.23287446e+02 -4.74010877e-01 -5.09173710e+00 1.02218415e+00 1.06554838e+00 9.59303371e-01
1.65718382e+00 1.59555600e+06 3.76590835e+02 1.37067109e+02 -6.90561224e-01 -2.71792198e+01 1.24327626e+02 1.20447242e+02 -3.70725376e-01 -9.40315618e+00 1.23297345e+02 -5.41886925e-01 -9.31976409e+00 1.02366267e+00 1.06676362e+00 9.59596530e-01
1.66032595e+00 1.58947000e+06 3.76706677e+02 1.37182951e+02 -1.14013513e+00 -3.69841524e+01 1.24037962e+02 1.20157578e+02 -2.93808221e-01 -1.23842702e+01 1.22914527e+02 -5.51002767e-01 -1.24832273e+01 1.02294445e+00 1.06849990e+00 9.57365035e-01
1.66346563e+00 1.58637000e+06 3.76726273e+02 1.37202546e+02 -1.14986149e-01 -4.93082507e+01 1.23937406e+02 1.20057022e+02 1.31155226e-01 -1.64786306e+01 1.22725587e+02 3.88752166e-02 -1.62914501e+01 1.02222748e+00 1.06902362e+00 9.56225342e-01
1.66660826e+00 1.58502400e+06 3.77451093e+02 1.37927367e+02 -1.14615224e-01 -6.02237693e+01 1.23735337e+02 1.19854954e+02 -4.03507074e-01 -1.95314751e+01 1.22881107e+02 -1.72630562e-01 -1.93162337e+01 1.02524847e+00 1.07274680e+00 9.55722697e-01
1.66975224e+00 1.57998400e+06 3.76890632e+02 1.37366905e+02 7.85550823e-02 -7.25203366e+01 1.23821754e+02 1.19941370e+02 -1.35665350e-01 -2.33096117e+01 1.22801709e+02 -6.06828611e-02 -2.35978613e+01 1.02384781e+00 1.07017932e+00 9.56706780e-01
1.67289340e+00 1.57554000e+06 3.76848840e+02 1.37325113e+02 7.73848504e-01 -8.26543497e+01 1.23421742e+02 1.19541358e+02 2.24600514e-01 -2.71319789e+01 1.22402456e+02 2.20174796e-01 -2.73241499e+01 1.02393396e+00 1.07180528e+00 9.55335805e-01
1.67603557e+00 1.57250200e+06 3.77253995e+02 1.37730269e+02 -2.20102724e-01 -9.48647138e+01 1.23333125e+02 1.19452741e+02 -3.54533977e-01 -3.07647175e+01 1.22559783e+02 -2.93534629e-01 -3.09827028e+01 1.02601064e+00 1.07378328e+00 9.55509981e-01
1.67917575e+00 1.56695400e+06 3.76576514e+02 1.37052788e+02 9.62275528e-01 -1.04147876e+02 1.23058124e+02 1.19177741e+02 -2.21400142e-02 -3.37258781e+01 1.22174410e+02 4.48386170e-01 -3.35788663e+01 1.02514454e+00 1.07237422e+00 9.55957842e-01
1.68231530e+00 1.56376600e+06 3.77270357e+02 1.37746631e+02 -6.08666291e-02 -1.13389205e+02 1.22866898e+02 1.18986515e+02 1.35471802e-01 -3.71347678e+01 1.22208975e+02 -7.37484133e-02 -3.68071432e+01 1.02708257e+00 1.07594884e+00 9.54583092e-01
1.68545815e+00 1.56273400e+06 3.77396468e+02 1.37872742e+02 1.81794024e+00 -1.25451164e+02 1.22815956e+02 1.18935572e+02 3.19572531e-01 -4.08089885e+01 1.22096143e+02 6.36190708e-01 -4.04266170e+01 1.02657380e+00 1.07667176e+00 9.53469611e-01
1.68859898e+00 1.55454600e+06 3.77328506e+02 1.37804780e+02 6.25610781e-01 -1.35286463e+02 1.22612663e+02 1.18732280e+02 3.79852809e-01 -4.34719016e+01 1.21921617e+02 2.27409127e-01 -4.34665679e+01 1.02686159e+00 1.07732748e+00 9.53156403e-01
1.69174153e+00 1.55576200e+06 3.77929854e+02 1.38406128e+02 -1.92094933e-01 -1.45279005e+02 1.22713709e+02 1.18833325e+02 7.96983904e-03 -4.75871974e+01 1.22175397e+02 -1.33728806e-01 -4.70015419e+01 1.02812403e+00 1.07921640e+00 9.52657904e-01
1.69488500e+00 1.54890600e+06 3.77205498e+02 1.37681772e+02 -6.07980667e-01 -1.55576590e+02 1.22468128e+02 1.18587744e+02 -3.89856349e-01 -4.99030323e+01 1.21762067e+02 -6.15869117e-02 -4.99053780e+01 1.02676772e+00 1.07750258e+00 9.52914390e-01
1.69802567e+00 1.54388800e+06 3.77468806e+02 1.37945080e+02 2.54213295e-02 -1.65418946e+02 1.22251904e+02 1.18371520e+02 -2.25387111e-01 -5.30140474e+01 1.21758182e+02 -1.04088595e-01 -5.30276353e+01 1.02861045e+00 1.07951702e+00 9.52843194e-01
1.70116544e+00 1.54142400e+06 3.78162065e+02 1.38638339e+02 -3.51182887e-01 -1.75304776e+02 1.22094999e+02 1.18214616e+02 -4.44647445e-01 -5.65938675e+01 1.21833044e+02 -1.93578489e-01 -5.65351114e+01 1.03060898e+00 1.08294422e+00 9.51673189e-01
1.70430524e+00 1.53500200e+06 3.78186815e+02 1.38663088e+02 -5.24585611e-01 -1.84563845e+02 1.21810325e+02 1.17929941e+02 1.44972321e-02 -5.94223559e+01 1.21583793e+02 -5.98410367e-02 -5.93293190e+01 1.03098324e+00 1.08434728e+00 9.50786948e-01
1.70744892e+00 1.53750400e+06 3.77515555e+02 1.37991828e+02 -1.90441571e-01 -1.95669091e+02 1.21795904e+02 1.17915520e+02 4.02168868e-02 -6.29987247e+01 1.21210309e+02 -1.19304794e-01 -6.24812687e+01 1.02794194e+00 1.08178561e+00 9.50227045e-01
1.71059024e+00 1.52541000e+06 3.78119579e+02 1.38595853e+02 1.84787518e-01 -2.04177556e+02 1.21482069e+02 1.17601685e+02 -5.41953825e-02 -6.54480371e+01 1.21181909e+02 1.04136870e-01 -6.53653444e+01 1.03044364e+00 1.08559628e+00 9.49195998e-01
1.71373082e+00 1.52753200e+06 3.78389611e+02 1.38865885e+02 -4.86771404e-01 -2.14508475e+02 1.21492676e+02 1.17612292e+02 7.41011065e-02 -6.88475273e+01 1.21293569e+02 3.65290095e-01 -6.87164644e+01 1.03130010e+00 1.08660432e+00 9.49103630e-01
1.71687458e+00 1.52127000e+06 3.77841151e+02 1.38317424e+02 -1.62667984e-01 -2.22312101e+02 1.21386618e+02 1.17506235e+02 -2.41495447e-01 -7.13629894e+01 1.21000668e+02 -3.87008494e-01 -7.08854277e+01 1.02973828e+00 1.08494567e+00 9.49115065e-01
1.72001632e+00 1.51691200e+06 3.78250842e+02 1.38727116e+02 -1.67050740e+00 -2.30983035e+02 1.21275045e+02 1.17394661e+02 -1.35302065e-03 -7.41931058e+01 1.20925509e+02 -5.71935485e-01 -7.37545038e+01 1.03007673e+00 1.08706748e+00 9.47573862e-01
1.72315668e+00 1.51224000e+06 3.78555561e+02 1.39031834e+02 -3.10641506e-01 -2.41847237e+02 1.21057782e+02 1.17177398e+02 -9.00350018e-03 -7.71925855e+01 1.20899563e+02 -1.83633213e-01 -7.72258224e+01 1.03176521e+00 1.08926914e+00 9.47208703e-01
1.72630007e+00 1.51114000e+06 3.78877643e+02 1.39353917e+02 1.18714455e+00 -2.51072278e+02 1.21121693e+02 1.17241309e+02 -1.22790750e-01 -7.96003952e+01 1.20878744e+02 3.19169394e-01 -7.99027876e+01 1.03102520e+00 1.09023284e+00 9.45692661e-01
1.72944158e+00 1.50184600e+06 3.79057916e+02 1.39534190e+02 7.96453229e-01 -2.59708936e+02 1.20913295e+02 1.17032911e+02 -3.53310147e-02 -8.27021967e+01 1.20985212e+02 4.23888740e-02 -8.27543779e+01 1.03377085e+00 1.09190867e+00 9.46755783e-01
1.73258192e+00 1.50236400e+06 3.79869149e+02 1.40345422e+02 -1.46011992e-01 -2.67522840e+02 1.20892763e+02 1.17012379e+02 -1.15586705e-01 -8.46768106e+01 1.20959779e+02 -6.46767538e-02 -8.43980205e+01 1.03373489e+00 1.09517424e+00 9.43899932e-01
1.73572466e+00 1.49533000e+06 3.79273946e+02 1.39750220e+02 -4.07139357e-01 -2.78542569e+02 1.20576008e+02 1.16695624e+02 1.25545369e-01 -8.88142707e+01 1.20560462e+02 -2.54166195e-01 -8.88881987e+01 1.03311896e+00 1.09433166e+00 9.44063854e-01
1.73886724e+00 1.49373000e+06 3.78864495e+02 1.39340769e+02 -8.69143568e-01 -2.85584970e+02 1.20374792e+02 1.16494409e+02 -2.53931191e-01 -9.07210683e+01 1.20470741e+02 -3.96759112e-01 -9.05046704e+01 1.03413325e+00 1.09367066e+00 9.45561846e-01
1.74200983e+00 1.48685200e+06 3.79199395e+02 1.39675668e+02 -2.18283638e-01 -2.95819262e+02 1.20280509e+02 1.16400126e+02 -7.80329858e-02 -9.33516180e+01 1.20333763e+02 -4.03909319e-01 -9.35030839e+01 1.03379410e+00 1.09542754e+00 9.43735722e-01
1.74514851e+00 1.48129000e+06 3.80157011e+02 1.40633285e+02 1.54152743e+00 -3.02965839e+02 1.20295342e+02 1.16414959e+02 -1.75092546e-02 -9.56911094e+01 1.20587225e+02 5.62122807e-01 -9.57770408e+01 1.03583961e+00 1.09910622e+00 9.42438128e-01
1.74829124e+00 1.48267800e+06 3.79939356e+02 1.40415629e+02 -2.70368684e-01 -3.11513257e+02 1.20044142e+02 1.16163758e+02 -9.92787249e-02 -9.84100424e+01 1.20195989e+02 -1.64421972e-01 -9.82794463e+01 1.03471160e+00 1.09944219e+00 9.41124158e-01
1.75143402e+00 1.47190000e+06 3.80265128e+02 1.40741401e+02 1.60927327e+00 -3.22308079e+02 1.19791751e+02 1.15911367e+02 1.18765341e-01 -1.01054843e+02 1.20022955e+02 5.01435679e-01 -1.01669009e+02 1.03547182e+00 1.10191456e+00 9.39702461e-01
1.75457232e+00 1.47016800e+06 3.79731022e+02 1.40207295e+02 -2.55785708e-02 -3.29911545e+02 1.19783282e+02 1.15902898e+02 -1.61645642e-01 -1.03562049e+02 1.20010240e+02 -3.64866553e-01 -1.03784736e+02 1.03543778e+00 1.09986190e+00 9.41425267e-01
1.75771404e+00 1.46620000e+06 3.81358963e+02 1.41835236e+02 8.88921364e-02 -3.35563076e+02 1.19711731e+02 1.15831348e+02 1.11275402e-01 -1.05900509e+02 1.20155854e+02 2.31786133e-01 -1.05990403e+02 1.03733451e+00 1.10657031e+00 9.37432083e-01
1.76085552e+00 1.46112000e+06 3.80561360e+02 1.41037634e+02 4.01936170e-01 -3.45108360e+02 1.19455044e+02 1.15574660e+02 -5.94958531e-02 -1.08319775e+02 1.19829506e+02 3.51406350e-01 -1.08881232e+02 1.03681469e+00 1.10467925e+00 9.38566282e-01
1.76399593e+00 1.45675600e+06 3.80376474e+02 1.40852748e+02 1.74140149e-01 -3.53898407e+02 1.19492659e+02 1.15612275e+02 -1.36775664e-03 -1.10736121e+02 1.19865652e+02 3.86943920e-01 -1.11370277e+02 1.03679002e+00 1.10377535e+00 9.39312535e-01
1.76713777e+00 1.45255600e+06 3.80603216e+02 1.41079490e+02 -5.05808419e-01 -3.61177150e+02 1.19299613e+02 1.15419229e+02 -2.61740857e-01 -1.13061042e+02 1.19707381e+02 -5.08363012e-01 -1.13408794e+02 1.03715284e+00 1.10558683e+00 9.38101662e-01
1.77028132e+00 1.45045200e+06 3.81046096e+02 1.41522369e+02 -1.07407162e+00 -3.68923919e+02 1.19238775e+02 1.15358392e+02 -4.38208197e-01 -1.14940814e+02 1.19745851e+02 -7.13068317e-01 -1.15355984e+02 1.03803329e+00 1.10761276e+00 9.37180691e-01
1.77342221e+00 1.44031600e+06 3.81901410e+02 1.42377683e+02 1.01536357e+00 -3.78189467e+02 1.19202769e+02 1.15322385e+02 2.42059713e-01 -1.17833288e+02 1.19871108e+02 3.31154386e-01 -1.18666031e+02 1.03944353e+00 1.11112816e+00 9.35484829e-01
1.77656569e+00 1.44416400e+06 3.81951741e+02 1.42428014e+02 2.02962067e-01 -3.83833810e+02 1.19075779e+02 1.15195395e+02 8.56595249e-02 -1.19132827e+02 1.19820210e+02 3.66687416e-01 -1.20142976e+02 1.04014757e+00 1.11193692e+00 9.35437568e-01
1.77970960e+00 1.43153200e+06 3.82449069e+02 1.42925343e+02 7.29198549e-01 -3.92667285e+02 1.18906121e+02 1.15025738e+02 2.96851308e-02 -1.21886101e+02 1.19745025e+02 3.47844187e-02 -1.22463582e+02 1.04102810e+00 1.11469771e+00 9.33910682e-01
1.78284899e+00 1.43034000e+06 3.82341103e+02 1.42817377e+02 1.01482328e+00 -4.01028809e+02 1.18780125e+02 1.14899742e+02 -1.76564966e-02 -1.24128284e+02 1.19635892e+02 3.50595241e-01 -1.25399867e+02 1.04121986e+00 1.11488738e+00 9.33923796e-01
1.78598978e+00 1.42463200e+06 3.82719439e+02 1.43195713e+02 -2.12550641e-01 -4.06421415e+02 1.18866538e+02 1.14986154e+02 2.31182167e-02 -1.26161505e+02 1.19684509e+02 9.22536650e-02 -1.26871355e+02 1.04086018e+00 1.11594357e+00 9.32717575e-01
1.78913289e+00 1.42199800e+06 3.82944105e+02 1.43420379e+02 9.58795833e-01 -4.16473992e+02 1.18577876e+02 1.14697493e+02 4.99085910e-02 -1.28933486e+02 1.19584103e+02 3.99994479e-01 -1.29932422e+02 1.04260433e+00 1.11822313e+00 9.32375932e-01
1.79227415e+00 1.41469800e+06 3.83492586e+02 1.43968859e+02 2.01115984e-02 -4.21924194e+02 1.18519176e+02 1.14638793e+02 -9.42076787e-02 -1.29869224e+02 1.19634761e+02 -8.84462112e-02 -1.31119009e+02 1.04358008e+00 1.12064609e+00 9.31230735e-01
1.79541342e+00 1.40998000e+06 3.82565001e+02 1.43041275e+02 -7.57318672e-01 -4.29409639e+02 1.18278154e+02 1.14397770e+02 -1.76128789e-01 -1.32391759e+02 1.19203163e+02 -2.48830903e-01 -1.33153096e+02 1.04200600e+00 1.11820623e+00 9.31854947e-01
1.79855365e+00 1.40653200e+06 3.83594889e+02 1.44071162e+02 6.35589567e-01 -4.37588026e+02 1.18247332e+02 1.14366948e+02 -1.75048589e-01 -1.34897726e+02 1.19289502e+02 -2.36000950e-01 -1.36246878e+02 1.04304176e+00 1.12237572e+00 9.29316034e-01
1.80169642e+00 1.40294800e+06 3.83836979e+02 1.44313253e+02 7.87462096e-01 -4.44127373e+02 1.18226676e+02 1.14346292e+02 -7.37872272e-02 -1.36298021e+02 1.19389164e+02 2.56614299e-01 -1.37807137e+02 1.04410175e+00 1.12341978e+00 9.29395918e-01
1.80483660e+00 1.39421400e+06 3.83934108e+02 1.44410382e+02 -2.54192692e-01 -4.53034192e+02 1.18190337e+02 1.14309953e+02 -1.93907677e-01 -1.38886411e+02 1.19235935e+02 -1.20048123e-02 -1.40065030e+02 1.04309320e+00 1.12397638e+00 9.28038364e-01
1.80797771e+00 1.39487200e+06 3.83830320e+02 1.44306594e+02 -2.93348083e-01 -4.57709053e+02 1.17932066e+02 1.14051682e+02 6.98879562e-02 -1.40345118e+02 1.19085141e+02 -1.31300683e-01 -1.41532879e+02 1.04413314e+00 1.12484385e+00 9.28247184e-01
1.81112080e+00 1.38546400e+06 3.84098092e+02 1.44574365e+02 5.70653374e-02 -4.65290403e+02 1.17687844e+02 1.13807460e+02 -1.25152363e-01 -1.42281823e+02 1.18985583e+02 2.14120496e-01 -1.43877346e+02 1.04549897e+00 1.12709437e+00 9.27605530e-01
1.81426013e+00 1.38263400e+06 3.84550862e+02 1.45027136e+02 -7.51915527e-01 -4.71130898e+02 1.17809401e+02 1.13929017e+02 -1.56752006e-01 -1.44651272e+02 1.19201174e+02 -2.32630348e-01 -1.45935960e+02 1.04627580e+00 1.12825550e+00 9.27339419e-01
1.81740241e+00 1.37815000e+06 3.85044472e+02 1.45520746e+02 -3.70094737e-02 -4.80196773e+02 1.17863793e+02 1.13983409e+02 -3.08958445e-01 -1.46386477e+02 1.19233628e+02 -4.09855216e-01 -1.48407609e+02 1.04606126e+00 1.12990423e+00 9.25796390e-01
1.82054749e+00 1.37494800e+06 3.85514468e+02 1.45990742e+02 -9.71597070e-01 -4.85987194e+02 1.17574348e+02 1.13693964e+02 4.74314643e-02 -1.48014039e+02 1.19129687e+02 5.52457146e-02 -1.49849191e+02 1.04781012e+00 1.13316709e+00 9.24673978e-01
1.82369176e+00 1.36820800e+06 3.85718144e+02 1.46194418e+02 -4.62866007e-01 -4.93100456e+02 1.17594563e+02 1.13714179e+02 -1.78869459e-01 -1.49975223e+02 1.19179617e+02 -2.66451108e-01 -1.52092876e+02 1.04806295e+00 1.13385648e+00 9.24334753e-01
1.82683164e+00 1.36062400e+06 3.85860876e+02 1.46337150e+02 -6.98830570e-01 -4.99528963e+02 1.17273915e+02 1.13393531e+02 -2.28760182e-01 -1.51732754e+02 1.18792418e+02 -3.74315314e-01 -1.53532341e+02 1.04761195e+00 1.13601262e+00 9.22183372e-01
1.82997175e+00 1.35897000e+06 3.86156996e+02 1.46633270e+02 -1.05443644e+00 -5.05373577e+02 1.17287560e+02 1.13407176e+02 -2.28005796e-01 -1.53560342e+02 1.18884162e+02 -4.60523492e-01 -1.55545155e+02 1.04829487e+00 1.13709301e+00 9.21907762e-01
1.83311600e+00 1.35404200e+06 3.86726907e+02 1.47203181e+02 1.89675186e-01 -5.12595217e+02 1.17491417e+02 1.13611034e+02 -1.54971792e-01 -1.55590842e+02 1.19092229e+02 -1.55159291e-01 -1.57766447e+02 1.04824528e+00 1.13827800e+00 9.20904452e-01
1.83625711e+00 1.34592600e+06 3.87194212e+02 1.47670486e+02 6.27215774e-01 -5.22025502e+02 1.17287737e+02 1.13407353e+02 1.67659525e-01 -1.57647088e+02 1.19078822e+02 4.45883396e-01 -1.60554070e+02 1.05000972e+00 1.14110667e+00 9.20167887e-01
1.83939708e+00 1.34369800e+06 3.87139979e+02 1.47616253e+02 -2.14725614e-01 -5.25432785e+02 1.17147258e+02 1.13266874e+02 -6.80180811e-02 -1.58852373e+02 1.18845946e+02 1.38656854e-01 -1.61235035e+02 1.04925599e+00 1.14160439e+00 9.19106480e-01
1.84253931e+00 1.33693800e+06 3.87716171e+02 1.48192445e+02 3.44578759e-01 -5.33827606e+02 1.17085468e+02 1.13205084e+02 1.84563045e-01 -1.61151961e+02 1.19033962e+02 1.94228967e-01 -1.63945188e+02 1.05148953e+00 1.14414236e+00 9.19019846e-01
1.84567961e+00 1.33241800e+06 3.88006104e+02 1.48482378e+02 5.37420301e-01 -5.40966457e+02 1.16935032e+02 1.13054648e+02 5.58413998e-02 -1.62382931e+02 1.18988718e+02 4.95898549e-01 -1.66059000e+02 1.05248851e+00 1.14602277e+00 9.18383597e-01
1.84882118e+00 1.32773200e+06 3.88311484e+02 1.48787757e+02 6.32853821e-01 -5.45217016e+02 1.16723482e+02 1.12843098e+02 -8.85481052e-02 -1.63775148e+02 1.18662160e+02 1.81329201e-01 -1.66418593e+02 1.05156772e+00 1.14827550e+00 9.15779989e-01
1.85196290e+00 1.32187800e+06 3.89058505e+02 1.49534779e+02 6.17098256e-01 -5.52962119e+02 1.16888860e+02 1.13008476e+02 2.28992747e-01 -1.65650415e+02 1.19151625e+02 4.70407507e-01 -1.69491339e+02 1.05436007e+00 1.15031186e+00 9.16586283e-01
1.85510412e+00 1.31770600e+06 3.89254603e+02 1.49730877e+02 -4.12151816e-01 -5.59089577e+02 1.16727846e+02 1.12847462e+02 2.42634380e-02 -1.67558071e+02 1.18930962e+02 -1.66032950e-02 -1.70883848e+02 1.05390905e+00 1.15188676e+00 9.14941549e-01
1.85824730e+00 1.31208600e+06 3.89335183e+02 1.49811457e+02 -2.85386771e-01 -5.64159397e+02 1.16718662e+02 1.12838278e+02 -1.85214253e-01 -1.68876765e+02 1.18773017e+02 -5.77869538e-01 -1.71839720e+02 1.05259509e+00 1.15224356e+00 9.13517876e-01
1.86138769e+00 1.30613200e+06 3.90480872e+02 1.50957146e+02 9.61021446e-01 -5.72097177e+02 1.16647905e+02 1.12767521e+02 1.48373928e-01 -1.70287266e+02 1.19014855e+02 3.74031800e-01 -1.73862186e+02 1.05540012e+00 1.15700390e+00 9.12183721e-01
1.86452920e+00 1.30165200e+06 3.90420204e+02 1.50896478e+02 4.22400640e-01 -5.76288492e+02 1.16847572e+02 1.12967188e+02 -1.73037944e-01 -1.72092274e+02 1.19083330e+02 7.66180029e-02 -1.75105880e+02 1.05414087e+00 1.15574864e+00 9.12084888e-01
1.86766987e+00 1.29526000e+06 3.90663682e+02 1.51139955e+02 -7.92152635e-01 -5.83690748e+02 1.16559201e+02 1.12678817e+02 -4.03846106e-02 -1.74013380e+02 1.18811485e+02 -2.28276748e-01 -1.77451392e+02 1.05442609e+00 1.15815985e+00 9.10432263e-01
1.87081039e+00 1.29112000e+06 3.91146607e+02 1.51622881e+02 9.59775199e-02 -5.89885539e+02 1.16522141e+02 1.12641758e+02 1.54974231e-01 -1.75452436e+02 1.18832603e+02 -8.51914562e-02 -1.78646101e+02 1.05496048e+00 1.16019947e+00 9.09292333e-01
1.87395240e+00 1.28523000e+06 3.91758495e+02 1.52234769e+02 1.91041363e-01 -5.95165076e+02 1.16506074e+02 1.12625691e+02 1.57021966e-01 -1.76642754e+02 1.18947543e+02 -8.48464473e-02 -1.80235935e+02 1.05613153e+00 1.16262108e+00 9.08405630e-01
1.87709532e+00 1.28220400e+06 3.92608117e+02 1.53084390e+02 3.16881178e-01 -6.02036733e+02 1.16612694e+02 1.12732310e+02 3.48423867e-01 -1.78639337e+02 1.19105860e+02 2.44158514e-01 -1.82168050e+02 1.05653703e+00 1.16530940e+00 9.06657945e-01
1.88023910e+00 1.27392000e+06 3.92877629e+02 1.53353903e+02 6.77810033e-01 -6.08831982e+02 1.16530155e+02 1.12649771e+02 -1.22666834e-01 -1.80091511e+02 1.19065509e+02 -1.35349572e-01 -1.84190873e+02 1.05695296e+00 1.16676196e+00 9.05885690e-01
1.88337777e+00 1.26841000e+06 3.93224338e+02 1.53700612e+02 -5.33859624e-02 -6.13024692e+02 1.16277544e+02 1.12397161e+02 -1.01338157e-01 -1.81369673e+02 1.18927669e+02 -1.74889079e-01 -1.85428768e+02 1.05810208e+00 1.16939203e+00 9.04830931e-01
1.88651605e+00 1.26227400e+06 3.93794738e+02 1.54271012e+02 -3.35503484e-01 -6.19225222e+02 1.16215279e+02 1.12334896e+02 -4.64409484e-02 -1.82863165e+02 1.18934154e+02 -1.40758564e-01 -1.86897757e+02 1.05874629e+00 1.17188453e+00 9.03456157e-01
1.88966128e+00 1.26292000e+06 3.93982079e+02 1.54458352e+02 -1.38832199e-01 -6.24108834e+02 1.16477001e+02 1.12596617e+02 -2.05223047e-01 -1.84239356e+02 1.19037468e+02 -3.05157137e-01 -1.88034564e+02 1.05720288e+00 1.17123226e+00 9.02641530e-01
1.89280455e+00 1.25019400e+06 3.94685067e+02 1.55161341e+02 6.52884477e-01 -6.32989133e+02 1.16516580e+02 1.12636196e+02 -8.34441427e-02 -1.86664342e+02 1.19428258e+02 -1.44905275e-02 -1.91280890e+02 1.06030089e+00 1.17368830e+00 9.03392228e-01
1.89594491e+00 1.24922400e+06 3.95266559e+02 1.55742833e+02 8.97574367e-01 -6.38507749e+02 1.16271969e+02 1.12391586e+02 -2.24983001e-02 -1.87013785e+02 1.19068850e+02 2.83705265e-01 -1.92044709e+02 1.05941072e+00 1.17716444e+00 8.99968330e-01
1.89908741e+00 1.24150600e+06 3.97030917e+02 1.57507191e+02 4.21043811e-01 -6.46737870e+02 1.16242044e+02 1.12361660e+02 2.83538758e-01 -1.89051960e+02 1.19350553e+02 1.44113631e-01 -1.94491524e+02 1.06219998e+00 1.18397115e+00 8.97150221e-01
1.90222933e+00 1.23678600e+06 3.95543005e+02 1.56019279e+02 5.13968112e-01 -6.49694761e+02 1.16089115e+02 1.12208731e+02 -1.95145513e-01 -1.89990628e+02 1.18897824e+02 -3.52784638e-01 -1.94844260e+02 1.05961294e+00 1.17916833e+00 8.98610414e-01
1.90536922e+00 1.22938000e+06 3.96802890e+02 1.57279164e+02 -7.62467165e-02 -6.54199396e+02 1.16018562e+02 1.12138178e+02 -3.15418194e-01 -1.90812966e+02 1.19097768e+02 -1.64123585e-01 -1.95857748e+02 1.06206263e+00 1.18429214e+00 8.96791079e-01
1.90850943e+00 1.22575600e+06 3.97160337e+02 1.57636610e+02 1.47528871e-01 -6.59587170e+02 1.16006329e+02 1.12125946e+02 9.25273100e-02 -1.92840568e+02 1.19188948e+02 -7.33044356e-02 -1.97968308e+02 1.06299169e+00 1.18570181e+00 8.96508442e-01
1.91165266e+00 1.22037000e+06 3.97117851e+02 1.57594125e+02 -3.50315227e-02 -6.65014443e+02 1.15937382e+02 1.12056998e+02 -2.37214467e-01 -1.93575934e+02 1.19019239e+02 -6.91527826e-02 -1.99085237e+02 1.06213124e+00 1.18590669e+00 8.95628006e-01
1.91479565e+00 1.21442800e+06 3.98432868e+02 1.58909142e+02 -4.11693585e-01 -6.70947130e+02 1.16021555e+02 1.12141171e+02 -1.22386718e-01 -1.94924259e+02 1.19381179e+02 -2.98985279e-01 -2.00477861e+02 1.06456155e+00 1.19039720e+00 8.94291037e-01
1.91793615e+00 1.20682800e+06 3.99121214e+02 1.59597488e+02 4.09549800e-01 -6.78209170e+02 1.15889416e+02 1.12009032e+02 2.14230050e-01 -1.97245755e+02 1.19307534e+02 4.30694226e-01 -2.02764067e+02 1.06515994e+00 1.19367611e+00 8.92335805e-01
1.92107814e+00 1.20474400e+06 3.99722135e+02 1.60198409e+02 -9.45300994e-01 -6.81358239e+02 1.16069538e+02 1.12189154e+02 3.59871373e-02 -1.98197714e+02 1.19527407e+02 -7.37478585e-02 -2.03714056e+02 1.06540964e+00 1.19496081e+00 8.91585426e-01
1.92422076e+00 1.19551200e+06 3.99767003e+02 1.60243276e+02 3.88549844e-01 -6.88972240e+02 1.15799852e+02 1.11919468e+02 -3.40024332e-01 -1.98791276e+02 1.19193798e+02 -7.47204587e-02 -2.05148765e+02 1.06499611e+00 1.19656719e+00 8.90042881e-01
1.92736167e+00 1.19159800e+06 4.01022785e+02 1.61499059e+02 9.25620046e-01 -6.95678203e+02 1.16140561e+02 1.12260177e+02 -2.73092290e-01 -2.00915727e+02 1.19635341e+02 -1.98429766e-02 -2.07130647e+02 1.06569706e+00 1.19942235e+00 8.88508593e-01
1.93050237e+00 1.18456600e+06 4.01296877e+02 1.61773151e+02 4.33841018e-01 -7.00860105e+02 1.15894514e+02 1.12014130e+02 -3.56774917e-01 -2.01577837e+02 1.19554134e+02 -2.57857013e-01 -2.08326065e+02 1.06731297e+00 1.20175743e+00 8.88126786e-01
1.93364217e+00 1.17869400e+06 4.01900812e+02 1.62377086e+02 -4.46932915e-01 -7.05341366e+02 1.16171372e+02 1.12290988e+02 2.86228922e-01 -2.03764354e+02 1.19762761e+02 3.72357151e-02 -2.09987607e+02 1.06653938e+00 1.20251339e+00 8.86925163e-01
1.93678368e+00 1.17476800e+06 4.02935303e+02 1.63411576e+02 -5.68113070e-01 -7.10525040e+02 1.15950732e+02 1.12070348e+02 2.26737501e-02 -2.04325837e+02 1.19645611e+02 -1.51433562e-01 -2.10787307e+02 1.06759382e+00 1.20752477e+00 8.84117528e-01
1.93992533e+00 1.16665800e+06 4.02848715e+02 1.63324988e+02 7.74881551e-03 -7.15132772e+02 1.16041277e+02 1.12160894e+02 6.64752086e-03 -2.05905793e+02 1.19731924e+02 -7.85993488e-02 -2.12099012e+02 1.06750151e+00 1.20671743e+00 8.84632542e-01
1.94306853e+00 1.16420200e+06 4.03581432e+02 1.64057706e+02 -3.48948410e-01 -7.20641766e+02 1.16090944e+02 1.12210560e+02 4.02696518e-01 -2.07674084e+02 1.19781448e+02 2.64841158e-01 -2.13871244e+02 1.06747037e+00 1.20915354e+00 8.82824501e-01
1.94620973e+00 1.15420200e+06 4.04274235e+02 1.64750509e+02 1.23518831e+00 -7.27839318e+02 1.16145807e+02 1.12265424e+02 1.96546645e-01 -2.08991359e+02 1.19905156e+02 3.16956585e-01 -2.15892646e+02 1.06805062e+00 1.21140782e+00 8.81660663e-01
1.94935187e+00 1.15154800e+06 4.04746248e+02 1.65222521e+02 -7.52156720e-01 -7.32331763e+02 1.16183896e+02 1.12303512e+02 -3.47838491e-01 -2.09673750e+02 1.19843506e+02 -4.80222383e-01 -2.16558109e+02 1.06713943e+00 1.21293619e+00 8.79798494e-01
1.95249573e+00 1.14506200e+06 4.06008415e+02 1.66484689e+02 8.61907600e-02 -7.37865451e+02 1.16120264e+02 1.12239880e+02 -2.25698682e-01 -2.10685628e+02 1.20179824e+02 -1.48440819e-01 -2.18193027e+02 1.07074085e+00 1.21790539e+00 8.79165863e-01
1.95563542e+00 1.13551800e+06 4.06709251e+02 1.67185525e+02 1.65188193e-01 -7.44351611e+02 1.16230563e+02 1.12350179e+02 1.16209431e-01 -2.12486872e+02 1.20380585e+02 -4.46994827e-02 -2.19891238e+02 1.07147658e+00 1.21986692e+00 8.78355306e-01
1.95877490e+00 1.13372200e+06 4.07537485e+02 1.68013759e+02 1.46142775e-02 -7.49617701e+02 1.16223252e+02 1.12342868e+02 -5.43327710e-02 -2.13178248e+02 1.20369584e+02 -5.84870201e-02 -2.20920466e+02 1.07144838e+00 1.22292457e+00 8.76136115e-01
1.96191800e+00 1.12557000e+06 4.08244663e+02 1.68720936e+02 -5.93853137e-02 -7.54647556e+02 1.16469515e+02 1.12589131e+02 8.38096042e-02 -2.15357276e+02 1.20688547e+02 -1.73605785e-01 -2.22873161e+02 1.07193782e+00 1.22415456e+00 8.75655616e-01
1.96506073e+00 1.12103200e+06 4.08768808e+02 1.69245082e+02 6.24410023e-01 -7.60486905e+02 1.16153500e+02 1.12273116e+02 1.33147034e-01 -2.16064592e+02 1.20374334e+02 2.05539108e-01 -2.24103232e+02 1.07215635e+00 1.22777883e+00 8.73248765e-01
1.96819909e+00 1.11157800e+06 4.09019560e+02 1.69495834e+02 -9.09499209e-01 -7.62406658e+02 1.15993829e+02 1.12113445e+02 -1.78936125e-01 -2.16406381e+02 1.20209524e+02 -4.96773636e-01 -2.23752576e+02 1.07221327e+00 1.22956266e+00 8.72028171e-01
1.97134152e+00 1.11037000e+06 4.10376102e+02 1.70852376e+02 2.82173723e-01 -7.71325257e+02 1.16046428e+02 1.12166044e+02 2.48280830e-02 -2.17806169e+02 1.20465363e+02 1.16240529e-01 -2.26126740e+02 1.07399136e+00 1.23418371e+00 8.70203810e-01
1.97448738e+00 1.10259400e+06 4.10975805e+02 1.71452079e+02 2.62825629e-01 -7.76059907e+02 1.16246793e+02 1.12366410e+02 4.11422881e-01 -2.19675104e+02 1.20716998e+02 2.86182840e-01 -2.27625575e+02 1.07431570e+00 1.23524506e+00 8.69718678e-01
1.97762961e+00 1.09512000e+06 4.12231117e+02 1.72707391e+02 -9.48292779e-01 -7.81913339e+02 1.16241568e+02 1.12361185e+02 -3.05841750e-01 -2.19945540e+02 1.20831171e+02 -4.50845236e-01 -2.28655924e+02 1.07538178e+00 1.23978765e+00 8.67391912e-01
1.98076859e+00 1.08818200e+06 4.12650068e+02 1.73126342e+02 3.66821677e-03 -7.86522948e+02 1.16285465e+02 1.12405082e+02 7.28099784e-03 -2.21573530e+02 1.20788818e+02 2.55986132e-01 -2.30022654e+02 1.07458503e+00 1.24104807e+00 8.65868984e-01
1.98391011e+00 1.08468600e+06 4.12308409e+02 1.72784683e+02 -9.84545861e-01 -7.89078017e+02 1.16346431e+02 1.12466047e+02 -1.93059338e-02 -2.22813797e+02 1.20725494e+02 -1.86449633e-01 -2.30947496e+02 1.07343947e+00 1.23948680e+00 8.66035424e-01
1.98705278e+00 1.07560600e+06 4.14049257e+02 1.74525530e+02 -1.22277986e+00 -7.95914074e+02 1.16273027e+02 1.12392643e+02 6.07723477e-02 -2.23790546e+02 1.20883082e+02 -2.57787259e-01 -2.32139113e+02 1.07554266e+00 1.24612194e+00 8.63111887e-01
1.99019236e+00 1.07137000e+06 4.15424196e+02 1.75900470e+02 -6.23789064e-01 -8.03582283e+02 1.16422583e+02 1.12542199e+02 -1.58233155e-01 -2.25051663e+02 1.21319517e+02 -2.06004256e-01 -2.34583378e+02 1.07799135e+00 1.25018937e+00 8.62262448e-01
1.99333230e+00 1.06249200e+06 4.14671787e+02 1.75148061e+02 4.28452151e-02 -8.06929170e+02 1.16367165e+02 1.12486781e+02 -1.74103808e-01 -2.25865665e+02 1.20929016e+02 -6.13473239e-02 -2.35198643e+02 1.07505091e+00 1.24781994e+00 8.61543298e-01
1.99647481e+00 1.06070200e+06 4.17362956e+02 1.77839229e+02 -1.92724221e+00 -8.13950827e+02 1.16553225e+02 1.12672841e+02 -7.56157062e-03 -2.27469145e+02 1.21681593e+02 -4.41601851e-01 -2.37262971e+02 1.07995495e+00 1.25633125e+00 8.59610041e-01
1.99961754e+00 1.05017400e+06 4.17407187e+02 1.77883461e+02 2.68993966e-01 -8.19775937e+02 1.16682907e+02 1.12802523e+02 7.29498327e-02 -2.29011888e+02 1.21648096e+02 3.83823287e-01 -2.39244559e+02 1.07841644e+00 1.25576501e+00 8.58772487e-01
2.00275786e+00 1.04591800e+06 4.18847101e+02 1.79323375e+02 1.45894541e-03 -8.24991870e+02 1.16589185e+02 1.12708801e+02 2.42536047e-01 -2.29898933e+02 1.21863782e+02 1.90044833e-02 -2.39900864e+02 1.08122685e+00 1.26136140e+00 8.57190371e-01
2.00589922e+00 1.03902600e+06 4.19671971e+02 1.80148245e+02 -5.06003959e-01 -8.29176572e+02 1.16549127e+02 1.12668743e+02 -1.44798298e-01 -2.30643915e+02 1.21630761e+02 -2.92282133e-01 -2.40427214e+02 1.07954307e+00 1.26448387e+00 8.53742066e-01
2.00904186e+00 1.03286200e+06 4.20112996e+02 1.80589269e+02 5.02219254e-01 -8.35688366e+02 1.16859857e+02 1.12979474e+02 -1.52165008e-01 -2.32107791e+02 1.22148211e+02 -1.21855644e-01 -2.42415816e+02 1.08115401e+00 1.26428853e+00 8.55148163e-01
2.01218285e+00 1.02586000e+06 4.21128177e+02 1.81604451e+02 -4.36484927e-01 -8.39967838e+02 1.16659500e+02 1.12779117e+02 -1.05160018e-01 -2.32610562e+02 1.22173040e+02 -8.46391740e-02 -2.43709086e+02 1.08329488e+00 1.26896283e+00 8.53685277e-01
2.01532198e+00 1.01871000e+06 4.22561579e+02 1.83037852e+02 -3.64874806e-01 -8.48359844e+02 1.16972633e+02 1.13092250e+02 3.90416532e-02 -2.34544848e+02 1.22527067e+02 -3.35990025e-01 -2.45578730e+02 1.08342585e+00 1.27219602e+00 8.51618643e-01
2.01846435e+00 1.01456800e+06 4.23779380e+02 1.84255653e+02 -2.91828150e-01 -8.51402471e+02 1.17046925e+02 1.13166541e+02 7.61070749e-02 -2.35195730e+02 1.22742422e+02 -2.59154570e-01 -2.46117308e+02 1.08461760e+00 1.27600210e+00 8.50012392e-01
2.02160908e+00 1.00779600e+06 4.24375774e+02 1.84852048e+02 -1.53765290e-01 -8.56743127e+02 1.17321787e+02 1.13441404e+02 4.25098046e-02 -2.37032798e+02 1.22776917e+02 2.19708897e-02 -2.47750948e+02 1.08229370e+00 1.27651622e+00 8.47849549e-01
2.02475151e+00 9.99340000e+05 4.25909228e+02 1.86385502e+02 -9.44855235e-01 -8.62582692e+02 1.17707855e+02 1.13827471e+02 -2.27157624e-01 -2.38629268e+02 1.23154072e+02 -3.64473992e-01 -2.49508037e+02 1.08193629e+00 1.27962442e+00 8.45510818e-01
2.02789095e+00 9.93780000e+05 4.26337253e+02 1.86813527e+02 6.84339871e-01 -8.68818631e+02 1.17475035e+02 1.13594651e+02 -2.16292929e-01 -2.38935941e+02 1.23076776e+02 -5.11071297e-02 -2.50525537e+02 1.08347334e+00 1.28240505e+00 8.44876075e-01
2.03103040e+00 9.85300000e+05 4.27530175e+02 1.88006448e+02 -6.11204107e-01 -8.74052290e+02 1.17520454e+02 1.13640071e+02 -2.33805328e-02 -2.40464149e+02 1.23250849e+02 -1.86914545e-02 -2.52002316e+02 1.08457209e+00 1.28623589e+00 8.43213982e-01
2.03417393e+00 9.83464000e+05 4.28386842e+02 1.88863116e+02 -4.59097333e-01 -8.78075256e+02 1.17562224e+02 1.13681841e+02 -1.61172392e-01 -2.40925825e+02 1.23517470e+02 -3.95723486e-01 -2.52844646e+02 1.08651891e+00 1.28892613e+00 8.42964455e-01
2.03731551e+00 9.71214000e+05 4.29999292e+02 1.90475566e+02 -7.95550594e-01 -8.84794091e+02 1.17730626e+02 1.13850243e+02 1.10423931e-01 -2.42548845e+02 1.23714526e+02 2.45178107e-01 -2.55220602e+02 1.08664262e+00 1.29345897e+00 8.40105987e-01
2.04045542e+00 9.68356000e+05 4.31804466e+02 1.92280740e+02 1.06960013e+00 -8.94221076e+02 1.17977816e+02 1.14097432e+02 -1.88581956e-01 -2.43743673e+02 1.24227860e+02 -9.82872692e-02 -2.56900030e+02 1.08878752e+00 1.29816518e+00 8.38712621e-01
2.04360060e+00 9.62040000e+05 4.32985420e+02 1.93461693e+02 6.07091190e-01 -8.99319854e+02 1.18264759e+02 1.14384375e+02 8.44134858e-02 -2.45414936e+02 1.24552958e+02 2.55463947e-01 -2.58853486e+02 1.08889836e+00 1.30051133e+00 8.37284790e-01
2.04674341e+00 9.52462000e+05 4.33444456e+02 1.93920730e+02 4.66238809e-01 -9.03567501e+02 1.18242522e+02 1.14362138e+02 4.01454592e-02 -2.46495449e+02 1.24452474e+02 7.45461649e-02 -2.59295723e+02 1.08823144e+00 1.30217989e+00 8.35699770e-01
2.04988219e+00 9.47110000e+05 4.34916376e+02 1.95392650e+02 2.67595442e-01 -9.08547491e+02 1.18389088e+02 1.14508705e+02 2.51992417e-01 -2.47775285e+02 1.24780436e+02 6.04282141e-01 -2.61229797e+02 1.08970262e+00 1.30627574e+00 8.34205666e-01
2.05302458e+00 9.40842000e+05 4.35152652e+02 1.95628926e+02 -2.51183942e-01 -9.14431168e+02 1.18421426e+02 1.14541042e+02 -2.74539126e-01 -2.48380096e+02 1.24620118e+02 -5.98554862e-02 -2.62090539e+02 1.08799532e+00 1.30688078e+00 8.32513065e-01
2.05616728e+00 9.33076000e+05 4.37167095e+02 1.97643368e+02 5.71159884e-01 -9.20738861e+02 1.18750031e+02 1.14869647e+02 5.83456108e-02 -2.49919844e+02 1.25167501e+02 2.29844270e-02 -2.63448995e+02 1.08964817e+00 1.31171197e+00 8.30706893e-01
2.05930946e+00 9.28062000e+05 4.37326104e+02 1.97802377e+02 -5.70434437e-01 -9.23010110e+02 1.18772167e+02 1.14891783e+02 2.96491952e-02 -2.50996216e+02 1.24915189e+02 -1.11760537e-01 -2.63787421e+02 1.08724215e+00 1.31211309e+00 8.28619238e-01
2.06244947e+00 9.17152000e+05 4.39158498e+02 1.99634772e+02 -3.27600576e-01 -9.31148159e+02 1.18859659e+02 1.14979275e+02 -2.10704065e-01 -2.51704930e+02 1.25501942e+02 -1.15967362e-01 -2.65821381e+02 1.09151794e+00 1.31767501e+00 8.28366576e-01
2.06558772e+00 9.14124000e+05 4.41261553e+02 2.01737827e+02 5.94101440e-01 -9.38563847e+02 1.19121296e+02 1.15240912e+02 -2.45355362e-01 -2.53130981e+02 1.25797702e+02 4.05046531e-02 -2.67386252e+02 1.09160627e+00 1.32309286e+00 8.25041312e-01
2.06873078e+00 9.05692000e+05 4.42701125e+02 2.03177399e+02 -1.12079021e+00 -9.44479124e+02 1.19220143e+02 1.15339760e+02 3.10490240e-02 -2.54651251e+02 1.26359049e+02 -3.13461695e-01 -2.69629143e+02 1.09553765e+00 1.32723607e+00 8.25427874e-01
2.07187300e+00 8.99860000e+05 4.42526451e+02 2.03002725e+02 2.43637783e-02 -9.47375598e+02 1.19295540e+02 1.15415156e+02 -7.32224431e-02 -2.55168735e+02 1.25923887e+02 9.77906030e-02 -2.69521571e+02 1.09105157e+00 1.32623203e+00 8.22670203e-01
2.07501490e+00 8.92248000e+05 4.44170343e+02 2.04646616e+02 -6.94954098e-01 -9.52948214e+02 1.19434497e+02 1.15554114e+02 9.36483629e-02 -2.56733030e+02 1.26236893e+02 -4.14197170e-02 -2.71010696e+02 1.09244828e+00 1.33079015e+00 8.20901986e-01
2.07815670e+00 8.84902000e+05 4.47452367e+02 2.07928641e+02 -5.17450534e-01 -9.63186382e+02 1.19913054e+02 1.16032670e+02 -2.95938772e-02 -2.58424435e+02 1.27110708e+02 -3.36137552e-01 -2.73361393e+02 1.09547344e+00 1.33864992e+00 8.18341992e-01
2.08129805e+00 8.79078000e+05 4.47391354e+02 2.07867628e+02 -6.54112063e-01 -9.66382906e+02 1.19857424e+02 1.15977040e+02 6.34221774e-02 -2.59235301e+02 1.26782336e+02 -2.65350992e-01 -2.73816609e+02 1.09316754e+00 1.33877446e+00 8.16543466e-01
2.08444092e+00 8.70886000e+05 4.49169771e+02 2.09646045e+02 5.86911517e-01 -9.75276695e+02 1.20379375e+02 1.16498992e+02 -3.34442385e-03 -2.61185496e+02 1.27575064e+02 3.42994516e-01 -2.77243260e+02 1.09507441e+00 1.34147398e+00 8.16321765e-01
2.08758106e+00 8.64246000e+05 4.50816766e+02 2.11293040e+02 2.25943723e-01 -9.81714206e+02 1.20424591e+02 1.16544207e+02 -1.08393725e-01 -2.61780656e+02 1.27703089e+02 6.92860599e-02 -2.78033781e+02 1.09574806e+00 1.34647176e+00 8.13792085e-01
2.09072429e+00 8.58064000e+05 4.52315238e+02 2.12791512e+02 -1.35911562e+00 -9.85208759e+02 1.20590471e+02 1.16710087e+02 -2.58431169e-01 -2.62818804e+02 1.28248072e+02 -5.02550784e-01 -2.79104993e+02 1.09886022e+00 1.35027726e+00 8.13803397e-01
2.09386939e+00 8.50816000e+05 4.53225109e+02 2.13701382e+02 -1.05507979e+00 -9.89938244e+02 1.20801972e+02 1.16921589e+02 -2.85415417e-01 -2.64199389e+02 1.28029566e+02 -5.65515197e-01 -2.79523263e+02 1.09500365e+00 1.35193656e+00 8.09951949e-01
2.09700872e+00 8.41644000e+05 4.54523022e+02 2.14999295e+02 -4.19299376e-01 -9.97626309e+02 1.21210834e+02 1.17330450e+02 -1.56053436e-01 -2.65956773e+02 1.28651714e+02 -9.17159183e-02 -2.82752956e+02 1.09649042e+00 1.35367108e+00 8.10012443e-01
2.10014679e+00 8.34970000e+05 4.55891905e+02 2.16368179e+02 -3.36736558e-01 -1.00466849e+03 1.21050899e+02 1.17170516e+02 4.86686662e-02 -2.66916551e+02 1.28584734e+02 -2.34964197e-01 -2.83182900e+02 1.09741545e+00 1.35890008e+00 8.07576262e-01
2.10329010e+00 8.30718000e+05 4.58017952e+02 2.18494226e+02 -6.83265573e-03 -1.01044302e+03 1.21606875e+02 1.17726491e+02 2.26860807e-01 -2.68783635e+02 1.29129359e+02 3.29927715e-02 -2.85167463e+02 1.09685899e+00 1.36233176e+00 8.05133532e-01
2.10643032e+00 8.18782000e+05 4.60041406e+02 2.20517679e+02 8.00952091e-03 -1.02055537e+03 1.21621961e+02 1.17741577e+02 -3.21071962e-02 -2.69951626e+02 1.29449204e+02 -1.09982164e-01 -2.87227366e+02 1.09943494e+00 1.36853775e+00 8.03364716e-01
2.10956908e+00 8.15484000e+05 4.61821507e+02 2.22297781e+02 8.90658541e-01 -1.02633986e+03 1.21988134e+02 1.18107750e+02 2.03168237e-01 -2.71311474e+02 1.29992035e+02 2.21884879e-01 -2.88902005e+02 1.10062239e+00 1.37191867e+00 8.02250468e-01
2.11271308e+00 8.07460000e+05 4.62286717e+02 2.22762991e+02 -9.37813060e-01 -1.02840496e+03 1.22179622e+02 1.18299238e+02 -1.60796993e-01 -2.72173630e+02 1.30315304e+02 -1.69758860e-01 -2.90025781e+02 1.10157348e+00 1.37224149e+00 8.02754828e-01
2.11585675e+00 7.99936000e+05 4.64585605e+02 2.25061879e+02 -1.68343855e-02 -1.03761871e+03 1.22224322e+02 1.18343939e+02 1.24689782e-01 -2.73232345e+02 1.30212529e+02 1.97980075e-01 -2.90931677e+02 1.10028896e+00 1.37904348e+00 7.97863859e-01
2.11899503e+00 7.91196000e+05 4.65947286e+02 2.26423560e+02 5.14130142e-01 -1.04414592e+03 1.22486342e+02 1.18605959e+02 1.89608958e-01 -2.74559201e+02 1.30537993e+02 4.10705753e-01 -2.92753871e+02 1.10060232e+00 1.38168026e+00 7.96568027e-01
2.12213389e+00 7.85128000e+05 4.67402012e+02 2.27878286e+02 -9.82240028e-01 -1.05063698e+03 1.23126130e+02 1.19245747e+02 2.95193495e-01 -2.77666073e+02 1.31398593e+02 -6.20780515e-02 -2.95669078e+02 1.10191430e+00 1.38238822e+00 7.97109152e-01
2.12528033e+00 7.80168000e+05 4.69359291e+02 2.29835565e+02 -9.53201212e-02 -1.05638479e+03 1.23529022e+02 1.19648638e+02 -2.28365258e-01 -2.77741598e+02 1.31829091e+02 -1.44604733e-01 -2.96279846e+02 1.10180185e+00 1.38597289e+00 7.94966379e-01
2.12842387e+00 7.69432000e+05 4.70934612e+02 2.31410886e+02 -1.04527702e+00 -1.06374756e+03 1.23587266e+02 1.19706882e+02 9.62137699e-02 -2.79447499e+02 1.31945142e+02 -1.91843821e-01 -2.97874440e+02 1.10223523e+00 1.39037622e+00 7.92760411e-01
2.13156355e+00 7.62898000e+05 4.72959628e+02 2.33435902e+02 -5.05745552e-01 -1.07089843e+03 1.23794057e+02 1.19913673e+02 -4.72142131e-03 -2.80527196e+02 1.32344799e+02 -2.40323620e-01 -2.99442233e+02 1.10366729e+00 1.39524178e+00 7.91022250e-01
2.13470343e+00 7.55670000e+05 4.75181057e+02 2.35657331e+02 -7.54108637e-01 -1.07999063e+03 1.24097328e+02 1.20216945e+02 -3.99459695e-01 -2.81661025e+02 1.32767132e+02 -6.30146399e-01 -3.01007046e+02 1.10439616e+00 1.40009542e+00 7.88800641e-01
2.13784584e+00 7.48084000e+05 4.77170691e+02 2.37646964e+02 2.15473430e+00 -1.09191916e+03 1.24409964e+02 1.20529580e+02 1.49696558e-01 -2.84025699e+02 1.33233318e+02 3.24503186e-01 -3.04192393e+02 1.10539934e+00 1.40416878e+00 7.87226829e-01
2.14098621e+00 7.40802000e+05 4.78476397e+02 2.38952671e+02 7.59256754e-01 -1.09474334e+03 1.24763470e+02 1.20883086e+02 3.04302154e-01 -2.85682093e+02 1.33535974e+02 6.95973902e-02 -3.05272257e+02 1.10467045e+00 1.40596068e+00 7.85705084e-01
2.14412676e+00 7.32814000e+05 4.79772461e+02 2.40248735e+02 -7.75432594e-01 -1.09918939e+03 1.25006016e+02 1.21125632e+02 8.24687297e-02 -2.86909665e+02 1.33805747e+02 7.81652320e-02 -3.07038891e+02 1.10468564e+00 1.40835625e+00 7.84379409e-01
2.14727026e+00 7.26930000e+05 4.82010180e+02 2.42486454e+02 -7.76557703e-01 -1.10742438e+03 1.25156449e+02 1.21276065e+02 -2.58035659e-02 -2.87877012e+02 1.34207514e+02 -2.51424132e-01 -3.08223316e+02 1.10662821e+00 1.41402209e+00 7.82610270e-01
2.15041287e+00 7.17988000e+05 4.84963081e+02 2.45439355e+02 5.94074565e-01 -1.11952384e+03 1.25476894e+02 1.21596510e+02 1.23400542e-01 -2.89561284e+02 1.34788763e+02 5.28114175e-01 -3.11553213e+02 1.10849204e+00 1.42072998e+00 7.80227102e-01
2.15355492e+00 7.10638000e+05 4.86675329e+02 2.47151603e+02 -1.70516775e+00 -1.12402598e+03 1.25731000e+02 1.21850617e+02 -2.73889646e-01 -2.90537906e+02 1.35096663e+02 -7.08690979e-01 -3.11520601e+02 1.10870726e+00 1.42418973e+00 7.78482835e-01
2.15669546e+00 7.03290000e+05 4.89070292e+02 2.49546566e+02 4.56623825e-01 -1.13412799e+03 1.26643360e+02 1.22762977e+02 -1.57935877e-01 -2.93069068e+02 1.35970463e+02 -4.87379633e-02 -3.15007139e+02 1.10758525e+00 1.42574578e+00 7.76846247e-01
2.15983399e+00 6.93670000e+05 4.90682532e+02 2.51158806e+02 3.37678767e-01 -1.14391357e+03 1.26418074e+02 1.22537691e+02 2.20680838e-01 -2.94917243e+02 1.36132595e+02 1.96924281e-01 -3.17494234e+02 1.11094467e+00 1.43165825e+00 7.75984546e-01
2.16297630e+00 6.89790000e+05 4.91650897e+02 2.52127171e+02 6.00320352e-01 -1.14641941e+03 1.26972751e+02 1.23092367e+02 1.45597314e-01 -2.95902934e+02 1.36469821e+02 5.31376776e-01 -3.18491413e+02 1.10867818e+00 1.43118001e+00 7.74660185e-01
2.16612082e+00 6.79972000e+05 4.93877111e+02 2.54353385e+02 -8.27136554e-01 -1.15573547e+03 1.27039502e+02 1.23159118e+02 -2.01963262e-01 -2.96905586e+02 1.36738637e+02 -3.89459173e-01 -3.19468581e+02 1.11025996e+00 1.43709499e+00 7.72572422e-01
2.16926222e+00 6.72132000e+05 4.96693812e+02 2.57170086e+02 7.35178628e-01 -1.16695256e+03 1.27289521e+02 1.23409138e+02 -3.75514478e-01 -2.98113031e+02 1.37310960e+02 1.80338171e-01 -3.22427534e+02 1.11264824e+00 1.44356574e+00 7.70763816e-01
2.17240467e+00 6.65974000e+05 4.98347625e+02 2.58823898e+02 1.05394176e+00 -1.17377758e+03 1.27585487e+02 1.23705104e+02 4.14210120e-01 -3.00646323e+02 1.37485536e+02 5.41890115e-01 -3.24130209e+02 1.11139745e+00 1.44646649e+00 7.68353398e-01
2.17554535e+00 6.54988000e+05 5.00642628e+02 2.61118902e+02 1.29036947e+00 -1.18460450e+03 1.28434314e+02 1.24553930e+02 -8.07666991e-02 -3.03284989e+02 1.38671723e+02 1.12107799e-01 -3.27629245e+02 1.11334683e+00 1.44790623e+00 7.68935726e-01
2.17868486e+00 6.50784000e+05 5.02489671e+02 2.62965945e+02 6.57652486e-01 -1.18957238e+03 1.28941403e+02 1.25061020e+02 -3.88892880e-01 -3.03956734e+02 1.38913854e+02 1.08302273e-02 -3.28273928e+02 1.11076860e+00 1.45006935e+00 7.66010677e-01
2.18182967e+00 6.41398000e+05 5.05190838e+02 2.65667111e+02 -5.81813169e-01 -1.19887491e+03 1.29247657e+02 1.25367273e+02 1.72461522e-01 -3.07047528e+02 1.39452227e+02 -1.35777902e-01 -3.30611760e+02 1.11234952e+00 1.45571651e+00 7.64125103e-01
2.18497371e+00 6.34296000e+05 5.07947322e+02 2.68423596e+02 4.47074591e-01 -1.20971147e+03 1.29361051e+02 1.25480667e+02 4.83935486e-02 -3.08013312e+02 1.40276044e+02 1.36694027e-01 -3.34002687e+02 1.11790961e+00 1.46258776e+00 7.64336774e-01
2.18811328e+00 6.24736000e+05 5.09124826e+02 2.69601100e+02 -1.16360930e+00 -1.21493548e+03 1.30020266e+02 1.26139882e+02 4.13477073e-01 -3.11138632e+02 1.40296094e+02 7.67207974e-02 -3.35396412e+02 1.11222629e+00 1.46195707e+00 7.60779040e-01
2.19124968e+00 6.16776000e+05 5.10904645e+02 2.71380919e+02 1.80923315e-01 -1.22510832e+03 1.29836075e+02 1.25955691e+02 1.95871719e-02 -3.11330302e+02 1.40613223e+02 -2.68367069e-02 -3.37146228e+02 1.11637054e+00 1.46784689e+00 7.60549719e-01
2.19439249e+00 6.11902000e+05 5.13025052e+02 2.73501326e+02 3.28873365e-01 -1.23332418e+03 1.30430611e+02 1.26550227e+02 4.06493277e-01 -3.13981516e+02 1.41479153e+02 5.95877946e-01 -3.40753066e+02 1.11796839e+00 1.47010466e+00 7.60468570e-01
2.19753435e+00 6.00382000e+05 5.13740948e+02 2.74217222e+02 1.00621511e+00 -1.24451231e+03 1.30451048e+02 1.26570664e+02 -1.04625757e-01 -3.14958702e+02 1.41052544e+02 1.15036068e-01 -3.41173844e+02 1.11441735e+00 1.47190857e+00 7.57124030e-01
2.20067398e+00 5.94930000e+05 5.17200705e+02 2.77676979e+02 -8.27680681e-01 -1.24865304e+03 1.31050624e+02 1.27170241e+02 1.98273700e-01 -3.16658131e+02 1.41883169e+02 3.12904268e-01 -3.42942270e+02 1.11569475e+00 1.47766910e+00 7.55036935e-01
2.20381420e+00 5.85712000e+05 5.18813927e+02 2.79290200e+02 4.07052183e-02 -1.26149962e+03 1.31091778e+02 1.27211394e+02 1.08919071e-01 -3.18578676e+02 1.41994031e+02 4.41017915e-01 -3.45873884e+02 1.11620529e+00 1.48171557e+00 7.53319541e-01
2.20695793e+00 5.78778000e+05 5.20670190e+02 2.81146464e+02 4.28236187e-01 -1.27149962e+03 1.31549104e+02 1.27668721e+02 1.09549366e-01 -3.20993332e+02 1.42753265e+02 4.50279566e-02 -3.48278178e+02 1.11815380e+00 1.48396637e+00 7.53489987e-01
2.21010158e+00 5.71066000e+05 5.23589910e+02 2.84066184e+02 -8.07454628e-01 -1.27771056e+03 1.32433911e+02 1.28553528e+02 -3.69758893e-02 -3.23418089e+02 1.43478981e+02 -5.45127848e-01 -3.49492317e+02 1.11610303e+00 1.48650977e+00 7.50821183e-01
2.21324016e+00 5.59918000e+05 5.24711967e+02 2.85188241e+02 1.26799756e+00 -1.29360406e+03 1.32058756e+02 1.28178372e+02 6.25494038e-02 -3.24876088e+02 1.43509734e+02 -6.93016537e-02 -3.52937181e+02 1.11960958e+00 1.49162080e+00 7.50599336e-01
2.21638299e+00 5.57052000e+05 5.28165118e+02 2.88641392e+02 1.49657510e+00 -1.29974326e+03 1.32775458e+02 1.28895075e+02 -2.81683215e-01 -3.25592257e+02 1.44188158e+02 -1.66613571e-01 -3.53801583e+02 1.11864754e+00 1.49644633e+00 7.47536024e-01
2.21952670e+00 5.43940000e+05 5.28195360e+02 2.88671634e+02 6.55106496e-01 -1.31082660e+03 1.32826302e+02 1.28945919e+02 -2.90414626e-01 -3.28403171e+02 1.44500616e+02 -7.74005124e-01 -3.56574831e+02 1.12062962e+00 1.49622964e+00 7.48969001e-01
2.22266807e+00 5.39346000e+05 5.32152927e+02 2.92629201e+02 4.36083126e-01 -1.32106603e+03 1.33398142e+02 1.29517759e+02 6.51782729e-02 -3.30837508e+02 1.45243463e+02 -1.88172683e-01 -3.59921750e+02 1.12141736e+00 1.50312179e+00 7.46058881e-01
2.22580862e+00 5.28796000e+05 5.32481339e+02 2.92957613e+02 1.17101743e+00 -1.33193093e+03 1.33330191e+02 1.29449807e+02 3.65618030e-01 -3.32763473e+02 1.45162546e+02 4.21599186e-01 -3.62718391e+02 1.12138094e+00 1.50435970e+00 7.45420751e-01
2.22895075e+00 5.22078000e+05 5.33579611e+02 2.94055885e+02 -5.55805494e-01 -1.33750994e+03 1.33180608e+02 1.29300225e+02 3.49815237e-01 -3.34049294e+02 1.44934999e+02 1.18811289e-01 -3.63353611e+02 1.12091838e+00 1.50804846e+00 7.43290691e-01
2.23209475e+00 5.14198000e+05 5.35877870e+02 2.96354143e+02 5.86725912e-01 -1.34764959e+03 1.34443086e+02 1.30562702e+02 -2.89074687e-02 -3.37113566e+02 1.46200825e+02 3.25302323e-01 -3.67474833e+02 1.11977482e+00 1.50659297e+00 7.43249727e-01
2.23523510e+00 5.03710000e+05 5.36557270e+02 2.97033544e+02 -8.23165747e-01 -1.35861123e+03 1.34051362e+02 1.30170978e+02 -3.79937747e-01 -3.38693785e+02 1.45967770e+02 -7.85001476e-01 -3.68439954e+02 1.12135417e+00 1.51058673e+00 7.42330218e-01
2.23837402e+00 4.97652000e+05 5.39966494e+02 3.00442767e+02 5.11608524e-01 -1.36984748e+03 1.34229721e+02 1.30349337e+02 3.42137128e-01 -3.40481517e+02 1.46569159e+02 9.14398303e-01 -3.73068199e+02 1.12443348e+00 1.51819118e+00 7.40640242e-01
2.24151800e+00 4.88908000e+05 5.37945838e+02 2.98422112e+02 1.19553669e+00 -1.37756376e+03 1.34000304e+02 1.30119920e+02 1.70165431e-02 -3.42109365e+02 1.45939939e+02 5.27029414e-01 -3.73636434e+02 1.12158030e+00 1.51441048e+00 7.40605217e-01
2.24466167e+00 4.80288000e+05 5.40467383e+02 3.00943657e+02 3.32744887e-01 -1.38710584e+03 1.34566218e+02 1.30685835e+02 4.10761952e-01 -3.45321581e+02 1.46800859e+02 2.51709711e-01 -3.76811053e+02 1.12331118e+00 1.51749874e+00 7.40238622e-01
2.24779956e+00 4.71538000e+05 5.41379026e+02 3.01855300e+02 -6.79804098e-01 -1.39599536e+03 1.34390568e+02 1.30510184e+02 -2.49976037e-01 -3.45747501e+02 1.46471703e+02 -4.62980516e-01 -3.76585591e+02 1.12230095e+00 1.52081785e+00 7.37958820e-01
2.25093546e+00 4.62360000e+05 5.41802647e+02 3.02278920e+02 -2.78726364e-01 -1.40851560e+03 1.34167948e+02 1.30287564e+02 -1.72741508e-01 -3.47955521e+02 1.46578178e+02 -1.78642673e-01 -3.80436161e+02 1.12503583e+00 1.52318428e+00 7.38607829e-01
2.25407758e+00 4.56976000e+05 5.44912472e+02 3.05388745e+02 -3.93553983e-01 -1.41932535e+03 1.34753914e+02 1.30873530e+02 7.19854353e-03 -3.50727171e+02 1.47565847e+02 2.25119671e-01 -3.84712695e+02 1.12754540e+00 1.52756819e+00 7.38130979e-01
2.25722323e+00 4.46398000e+05 5.43073556e+02 3.03549829e+02 8.83900266e-01 -1.43014029e+03 1.34480210e+02 1.30599826e+02 -7.29115032e-02 -3.53166580e+02 1.46973255e+02 1.39371770e-01 -3.86619861e+02 1.12537098e+00 1.52455711e+00 7.38162563e-01
2.26036195e+00 4.38312000e+05 5.45852046e+02 3.06328319e+02 5.32133035e-01 -1.44402994e+03 1.34465530e+02 1.30585146e+02 1.72989403e-01 -3.54825987e+02 1.47388175e+02 -7.02817572e-02 -3.88946909e+02 1.12867489e+00 1.53160468e+00 7.36923113e-01
2.26350189e+00 4.30156000e+05 5.43687738e+02 3.04164012e+02 1.98670103e-01 -1.44850056e+03 1.33709351e+02 1.29828967e+02 -1.75575191e-01 -3.55673002e+02 1.46116704e+02 -5.44570795e-02 -3.88703705e+02 1.12545534e+00 1.53062257e+00 7.35292529e-01
2.26664654e+00 4.22088000e+05 5.44934096e+02 3.05410370e+02 -1.08595014e+00 -1.46096887e+03 1.33960660e+02 1.30080277e+02 -2.21027442e-01 -3.58642797e+02 1.46786675e+02 -4.27800606e-01 -3.92963347e+02 1.12843145e+00 1.53227305e+00 7.36442795e-01
2.26978949e+00 4.13146000e+05 5.44000512e+02 3.04476786e+02 -4.95908842e-01 -1.46991214e+03 1.33623625e+02 1.29743241e+02 1.70055060e-01 -3.60928085e+02 1.46517838e+02 -4.28977308e-02 -3.95715892e+02 1.12929072e+00 1.53191519e+00 7.37175747e-01
2.27292858e+00 4.04056000e+05 5.43122007e+02 3.03598281e+02 -8.59781071e-01 -1.48000685e+03 1.33083301e+02 1.29202917e+02 2.18259679e-01 -3.62663174e+02 1.45955126e+02 -3.15987864e-01 -3.97066213e+02 1.12965813e+00 1.53289883e+00 7.36942391e-01
2.27606948e+00 3.96645000e+05 5.42477932e+02 3.02954205e+02 -7.83781947e-02 -1.49130911e+03 1.32674246e+02 1.28793863e+02 8.68804689e-02 -3.64267612e+02 1.45644352e+02 1.44543322e-01 -4.00170733e+02 1.13083301e+00 1.53370173e+00 7.37322641e-01
2.27921602e+00 3.89290000e+05 5.41657808e+02 3.02134081e+02 -5.96882052e-02 -1.50019040e+03 1.32581172e+02 1.28700788e+02 -4.12196660e-01 -3.65967405e+02 1.45756557e+02 -5.63478770e-01 -4.02303870e+02 1.13252264e+00 1.53217812e+00 7.39158608e-01
2.28235673e+00 3.80277000e+05 5.41446756e+02 3.01923030e+02 -1.00256273e+00 -1.50762540e+03 1.32206156e+02 1.28325773e+02 2.57297163e-01 -3.68222156e+02 1.45506226e+02 2.40258449e-02 -4.05204749e+02 1.13388155e+00 1.53387926e+00 7.39224774e-01
2.28549364e+00 3.74080000e+05 5.41967029e+02 3.02443303e+02 2.87485995e-01 -1.52140494e+03 1.32133528e+02 1.28253145e+02 3.02044246e-01 -3.70613947e+02 1.45355521e+02 4.85319522e-01 -4.08271051e+02 1.13334860e+00 1.53563491e+00 7.38032583e-01
2.28863741e+00 3.67857000e+05 5.40507832e+02 3.00984106e+02 -1.52753007e+00 -1.52262079e+03 1.31759140e+02 1.27878757e+02 1.31427564e-01 -3.71602655e+02 1.44395649e+02 -4.02518236e-01 -4.06645035e+02 1.12916056e+00 1.53416679e+00 7.36008997e-01
2.29178163e+00 3.60598000e+05 5.43238771e+02 3.03715045e+02 7.35855195e-01 -1.54312644e+03 1.31344241e+02 1.27463857e+02 3.70222843e-02 -3.72181677e+02 1.44860579e+02 2.22714004e-01 -4.11018713e+02 1.13648357e+00 1.54361725e+00 7.36246998e-01
2.29492246e+00 3.54154000e+05 5.44925411e+02 3.05401685e+02 -1.52552150e+00 -1.55029967e+03 1.31575520e+02 1.27695136e+02 -6.32396896e-02 -3.74372733e+02 1.45317167e+02 -6.91900800e-01 -4.12541779e+02 1.13800080e+00 1.54649506e+00 7.35858026e-01
2.29806313e+00 3.47835000e+05 5.43564260e+02 3.04040534e+02 1.56687872e+00 -1.55983216e+03 1.31651459e+02 1.27771075e+02 4.85869627e-01 -3.77691259e+02 1.45191525e+02 7.71755777e-01 -4.17010512e+02 1.13634111e+00 1.54258630e+00 7.36646701e-01
2.30120454e+00 3.41587000e+05 5.43596056e+02 3.04072330e+02 -1.12199768e+00 -1.56392060e+03 1.32091111e+02 1.28210728e+02 -9.64712560e-02 -3.79659592e+02 1.45460290e+02 -4.36505184e-01 -4.17775960e+02 1.13454071e+00 1.54001967e+00 7.36705335e-01
2.30434832e+00 3.36276000e+05 5.46860411e+02 3.07336685e+02 2.15208378e-01 -1.58090566e+03 1.32060946e+02 1.28180562e+02 2.41584902e-01 -3.81549315e+02 1.46112286e+02 2.03776989e-01 -4.22242134e+02 1.13989425e+00 1.54844618e+00 7.36153615e-01
2.30748882e+00 3.28984000e+05 5.44557182e+02 3.05033456e+02 1.33059190e+00 -1.58401754e+03 1.31571757e+02 1.27691374e+02 3.12065953e-02 -3.81821684e+02 1.45515289e+02 3.92655386e-01 -4.22887709e+02 1.13958590e+00 1.54558523e+00 7.37316764e-01
2.31062948e+00 3.24597000e+05 5.45902592e+02 3.06378866e+02 -1.07321580e+00 -1.59157049e+03 1.31741676e+02 1.27861293e+02 -2.32635493e-01 -3.83714667e+02 1.45560870e+02 -5.03130979e-01 -4.23981029e+02 1.13842795e+00 1.54796044e+00 7.35437369e-01
2.31377400e+00 3.18196000e+05 5.48019107e+02 3.08495381e+02 -1.82114712e-01 -1.60652548e+03 1.31838056e+02 1.27957672e+02 -1.32927316e-01 -3.85832679e+02 1.46062090e+02 -3.72003975e-01 -4.27335016e+02 1.14148755e+00 1.55271292e+00 7.35156856e-01
2.31691508e+00 3.12661000e+05 5.47594540e+02 3.08070814e+02 -2.79649942e-01 -1.61240271e+03 1.31293812e+02 1.27413429e+02 -1.85558241e-01 -3.85886221e+02 1.45008352e+02 -2.15539174e-01 -4.26552779e+02 1.13809317e+00 1.55495447e+00 7.31914142e-01
2.32005200e+00 3.06501000e+05 5.52209632e+02 3.12685905e+02 9.27119611e-01 -1.63105919e+03 1.32660319e+02 1.28779935e+02 2.63823711e-02 -3.91074316e+02 1.47222948e+02 -2.15203043e-02 -4.34024719e+02 1.14321340e+00 1.55822458e+00 7.33664078e-01
2.32319103e+00 3.02161000e+05 5.51401469e+02 3.11877743e+02 -9.79774627e-01 -1.63387009e+03 1.32457961e+02 1.28577577e+02 1.64109865e-01 -3.92537813e+02 1.46506115e+02 -1.46162041e-01 -4.33954420e+02 1.13943752e+00 1.55743372e+00 7.31612208e-01
2.32633711e+00 2.97021000e+05 5.52710400e+02 3.13186673e+02 -3.35996011e-01 -1.64690301e+03 1.31964986e+02 1.28084602e+02 -1.70759216e-01 -3.92250011e+02 1.46439462e+02 -1.06146521e-01 -4.36007379e+02 1.14330262e+00 1.56369906e+00 7.31152593e-01
2.32947915e+00 2.91061000e+05 5.52386648e+02 3.12862921e+02 -9.93636882e-02 -1.64940988e+03 1.31921306e+02 1.28040922e+02 5.46439262e-02 -3.93443808e+02 1.46133685e+02 -1.26270367e-01 -4.36080286e+02 1.14130453e+00 1.56315718e+00 7.30127809e-01
2.33261681e+00 2.86110000e+05 5.54563606e+02 3.15039880e+02 -1.39130638e+00 -1.66071421e+03 1.31745240e+02 1.27864856e+02 -3.75996019e-02 -3.94549767e+02 1.46709813e+02 -5.10721576e-01 -4.38709754e+02 1.14738183e+00 1.56966570e+00 7.30972099e-01
2.33576034e+00 2.81689000e+05 5.56027316e+02 3.16503589e+02 2.62680283e-01 -1.67330229e+03 1.32251362e+02 1.28370978e+02 3.40893408e-01 -3.98007917e+02 1.47181491e+02 5.56538646e-01 -4.43229592e+02 1.14653244e+00 1.57020333e+00 7.30180872e-01
2.33890718e+00 2.76766000e+05 5.57050463e+02 3.17526737e+02 9.33093976e-01 -1.68293783e+03 1.32436224e+02 1.28555840e+02 1.31190400e-01 -3.99525952e+02 1.47137539e+02 1.82702109e-01 -4.44016905e+02 1.14454185e+00 1.57160805e+00 7.28261638e-01
2.34204685e+00 2.70774000e+05 5.59406237e+02 3.19882511e+02 1.07038243e+00 -1.69635479e+03 1.32586094e+02 1.28705710e+02 1.87385788e-01 -4.01412475e+02 1.47729234e+02 -3.50041316e-01 -4.46566373e+02 1.14780637e+00 1.57650859e+00 7.28068579e-01
2.34518433e+00 2.66794000e+05 5.59022003e+02 3.19498276e+02 -4.58692816e-01 -1.69797915e+03 1.32180659e+02 1.28300275e+02 -2.02253045e-02 -4.01115997e+02 1.47055896e+02 -1.57620578e-01 -4.46128071e+02 1.14618535e+00 1.57804893e+00 7.26330679e-01
2.34833164e+00 2.62662000e+05 5.61302689e+02 3.21778962e+02 -1.33757885e+00 -1.70949814e+03 1.32758704e+02 1.28878320e+02 -2.91621479e-01 -4.03972941e+02 1.48394449e+02 -4.18879478e-01 -4.51610481e+02 1.15143066e+00 1.58011571e+00 7.28700218e-01
2.35147273e+00 2.56522000e+05 5.63295910e+02 3.23772184e+02 3.84844989e-01 -1.72367201e+03 1.32732807e+02 1.28852423e+02 1.23484321e-01 -4.05811089e+02 1.48194123e+02 -7.78770868e-03 -4.53137919e+02 1.15010738e+00 1.58516134e+00 7.25545945e-01
2.35460459e+00 2.52106000e+05 5.63621932e+02 3.24098206e+02 1.74158970e+00 -1.73077336e+03 1.33244783e+02 1.29364399e+02 5.02218400e-01 -4.08820577e+02 1.48191819e+02 8.65916713e-01 -4.55419543e+02 1.14553788e+00 1.58281780e+00 7.23733255e-01
2.35774582e+00 2.48910000e+05 5.64051209e+02 3.24527483e+02 7.90627236e-01 -1.73608786e+03 1.33000128e+02 1.29119744e+02 1.83631489e-01 -4.08947433e+02 1.48304297e+02 5.09011594e-02 -4.55993574e+02 1.14857955e+00 1.58536553e+00 7.24488784e-01
2.36089216e+00 2.43778000e+05 5.67385257e+02 3.27861531e+02 4.54172503e-01 -1.75159696e+03 1.32821650e+02 1.28941266e+02 1.31710916e-02 -4.09703715e+02 1.48820880e+02 4.99203484e-04 -4.59002074e+02 1.15417573e+00 1.59459084e+00 7.23806821e-01
2.36403153e+00 2.39211000e+05 5.68432672e+02 3.28908945e+02 9.53959412e-02 -1.75913321e+03 1.33083827e+02 1.29203444e+02 6.27667256e-01 -4.12540737e+02 1.48616550e+02 5.89500358e-01 -4.60726778e+02 1.15025223e+00 1.59551466e+00 7.20928655e-01
2.36716871e+00 2.34862000e+05 5.71830370e+02 3.32306643e+02 3.86285315e-01 -1.77399637e+03 1.33149768e+02 1.29269384e+02 -1.88787138e-03 -4.12558296e+02 1.49414140e+02 -3.21109844e-01 -4.62567596e+02 1.15583548e+00 1.60332540e+00 7.20898875e-01
2.37031351e+00 2.31615000e+05 5.73640760e+02 3.34117034e+02 6.79630593e-01 -1.78586339e+03 1.34028661e+02 1.30148277e+02 -6.00087169e-02 -4.16708168e+02 1.51090111e+02 1.73600692e-03 -4.69663594e+02 1.16090750e+00 1.60224932e+00 7.24548598e-01
2.37345750e+00 2.26318000e+05 5.73817877e+02 3.34294151e+02 1.04394345e+00 -1.79186768e+03 1.33731164e+02 1.29850781e+02 3.36793135e-01 -4.17235057e+02 1.49979378e+02 5.84352983e-01 -4.68532031e+02 1.15501330e+00 1.60450881e+00 7.19854754e-01
2.37659737e+00 2.22763000e+05 5.74823684e+02 3.35299958e+02 5.68955663e-01 -1.79860181e+03 1.34023864e+02 1.30143481e+02 1.67885777e-01 -4.18913066e+02 1.50264440e+02 -3.81664348e-02 -4.69728049e+02 1.15460597e+00 1.60511274e+00 7.19330140e-01
2.37973945e+00 2.18586000e+05 5.75409673e+02 3.35885947e+02 9.17846038e-01 -1.80641264e+03 1.33856938e+02 1.29976555e+02 8.80103934e-02 -4.19640845e+02 1.50427605e+02 2.72776747e-01 -4.72012835e+02 1.15734415e+00 1.60754599e+00 7.19944658e-01
2.38288120e+00 2.14399000e+05 5.80206088e+02 3.40682362e+02 -3.37829387e-01 -1.82357814e+03 1.34403391e+02 1.30523007e+02 2.97524292e-01 -4.22535086e+02 1.51022522e+02 2.12950423e-01 -4.74663175e+02 1.15705672e+00 1.61559049e+00 7.16181928e-01
2.38602474e+00 2.10915000e+05 5.82781962e+02 3.43258236e+02 1.68336382e+00 -1.83895532e+03 1.34975334e+02 1.31094950e+02 -2.34069829e-01 -4.24543473e+02 1.51815357e+02 2.27065104e-01 -4.78457925e+02 1.15805648e+00 1.61814525e+00 7.15669056e-01
2.38916755e+00 2.06542000e+05 5.85354009e+02 3.45830283e+02 3.93900321e-01 -1.84995916e+03 1.35506329e+02 1.31625945e+02 5.83608844e-02 -4.27792957e+02 1.53147395e+02 2.33970239e-01 -4.83902833e+02 1.16350461e+00 1.62091693e+00 7.17806442e-01
2.39230542e+00 2.02611000e+05 5.85113809e+02 3.45590083e+02 1.12890958e+00 -1.85448892e+03 1.34715700e+02 1.30835316e+02 2.55170613e-01 -4.26618581e+02 1.51711179e+02 8.03906918e-01 -4.81397371e+02 1.15955831e+00 1.62524239e+00 7.13467924e-01
2.39545365e+00 1.99999000e+05 5.86479670e+02 3.46955944e+02 8.88245194e-01 -1.86298429e+03 1.35325029e+02 1.31444646e+02 -6.72695502e-02 -4.29216312e+02 1.52447574e+02 1.43150983e-02 -4.83995885e+02 1.15978535e+00 1.62467207e+00 7.13858118e-01
2.39860202e+00 1.95133000e+05 5.87870245e+02 3.48346519e+02 1.45159249e+00 -1.87114900e+03 1.35032894e+02 1.31152510e+02 5.05715838e-02 -4.29212700e+02 1.51876705e+02 4.23353216e-01 -4.83295309e+02 1.15801600e+00 1.62973666e+00 7.10554063e-01
2.40173541e+00 1.90899000e+05 5.93599428e+02 3.54075702e+02 7.09959154e-01 -1.89307259e+03 1.36264171e+02 1.32383788e+02 -9.28239733e-02 -4.33885939e+02 1.54343628e+02 -3.59035667e-01 -4.91256023e+02 1.16588013e+00 1.63542511e+00 7.12891177e-01
2.40487443e+00 1.88455000e+05 5.92665946e+02 3.53142219e+02 -1.59077174e+00 -1.89253153e+03 1.35903888e+02 1.32023505e+02 -2.73642348e-01 -4.33560521e+02 1.53113802e+02 -6.38066616e-01 -4.88439197e+02 1.15974653e+00 1.63549489e+00 7.09110458e-01
2.40802266e+00 1.84551000e+05 5.96249599e+02 3.56725872e+02 -1.22029503e+00 -1.90725519e+03 1.36189473e+02 1.32309090e+02 1.12884839e-02 -4.35872712e+02 1.54235440e+02 -4.33567245e-01 -4.93182985e+02 1.16572066e+00 1.64199739e+00 7.09940628e-01
2.41116462e+00 1.80775000e+05 5.97804665e+02 3.58280939e+02 1.11160386e+00 -1.91965636e+03 1.36994561e+02 1.33114177e+02 -3.20638698e-02 -4.39223420e+02 1.54681430e+02 3.58060739e-01 -4.96764249e+02 1.16202070e+00 1.64058862e+00 7.08294991e-01
2.41429838e+00 1.76751000e+05 6.02114359e+02 3.62590633e+02 1.72361440e+00 -1.93726999e+03 1.37412636e+02 1.33532252e+02 3.91877329e-01 -4.41769323e+02 1.55677195e+02 4.36785390e-01 -5.00618412e+02 1.16583966e+00 1.64784062e+00 7.07495402e-01
2.41744517e+00 1.75039000e+05 6.00079435e+02 3.60555708e+02 -5.34374052e-01 -1.93306473e+03 1.36945898e+02 1.33065514e+02 -5.92118023e-02 -4.40888317e+02 1.54868108e+02 -3.49269330e-01 -4.98324082e+02 1.16384857e+00 1.64608944e+00 7.07038472e-01
2.42059583e+00 1.70335000e+05 6.04749994e+02 3.65226268e+02 1.49860496e+00 -1.95440002e+03 1.38078464e+02 1.34198081e+02 2.74529258e-01 -4.45877405e+02 1.56629528e+02 4.36483748e-01 -5.05928484e+02 1.16715178e+00 1.64971092e+00 7.07488664e-01
2.42373020e+00 1.66683000e+05 6.06776750e+02 3.67253024e+02 -3.12273887e-01 -1.96189434e+03 1.38035921e+02 1.34155538e+02 1.67636806e-02 -4.46152568e+02 1.56592270e+02 -2.49583434e-01 -5.06055467e+02 1.16724418e+00 1.65454425e+00 7.05477761e-01
2.42686606e+00 1.63939000e+05 6.10374216e+02 3.70850489e+02 2.39326998e-01 -1.97771908e+03 1.38475316e+02 1.34594933e+02 3.50750572e-01 -4.48687958e+02 1.57137870e+02 5.86178111e-01 -5.09439575e+02 1.16748727e+00 1.65991203e+00 7.03342854e-01
2.43001457e+00 1.61163000e+05 6.10462662e+02 3.70938935e+02 1.01548906e-01 -1.98284041e+03 1.39015731e+02 1.35135347e+02 2.00318492e-01 -4.51466273e+02 1.57813096e+02 -1.07695641e-01 -5.12260026e+02 1.16781508e+00 1.65678720e+00 7.04867277e-01
2.43315730e+00 1.56979000e+05 6.12648494e+02 3.73124767e+02 9.45824110e-01 -1.99415872e+03 1.38815449e+02 1.34935066e+02 1.31113363e-01 -4.51635040e+02 1.57313687e+02 8.93013680e-03 -5.11713905e+02 1.16584734e+00 1.66289423e+00 7.01095305e-01
2.43629351e+00 1.54279000e+05 6.19445009e+02 3.79921283e+02 -1.92044288e+00 -2.01478361e+03 1.39686159e+02 1.35805775e+02 1.22904672e-01 -4.54720695e+02 1.58537011e+02 -1.05592565e-01 -5.15877170e+02 1.16738048e+00 1.67258305e+00 6.97950680e-01
2.43943711e+00 1.51356000e+05 6.20829315e+02 3.81305589e+02 -1.54241228e+00 -2.02504876e+03 1.39595691e+02 1.35715307e+02 3.07181061e-02 -4.55462720e+02 1.58921250e+02 -1.79167134e-01 -5.18542776e+02 1.17098987e+00 1.67618584e+00 6.98603841e-01
2.44258554e+00 1.48351000e+05 6.21162836e+02 3.81639110e+02 -5.86925175e-01 -2.03102745e+03 1.39952593e+02 1.36072210e+02 1.34520932e-01 -4.57642449e+02 1.58684855e+02 -1.03093188e-02 -5.18810201e+02 1.16618122e+00 1.67471812e+00 6.96344780e-01
2.44572531e+00 1.44519000e+05 6.28651557e+02 3.89127830e+02 -1.33153818e+00 -2.05661965e+03 1.41198287e+02 1.37317903e+02 -1.97241414e-01 -4.61749229e+02 1.60965198e+02 -4.55171797e-01 -5.26333964e+02 1.17220839e+00 1.68338156e+00 6.96341469e-01
2.44885824e+00 1.41811000e+05 6.26367333e+02 3.86843606e+02 -1.40967047e+00 -2.05270244e+03 1.40996782e+02 1.37116399e+02 -9.50031642e-02 -4.61931802e+02 1.60295153e+02 -5.12346382e-01 -5.24873233e+02 1.16904437e+00 1.67966632e+00 6.95997982e-01
2.45200142e+00 1.39404000e+05 6.29442809e+02 3.89919083e+02 3.07351364e-01 -2.06994494e+03 1.41103263e+02 1.37222879e+02 1.35135455e-01 -4.63759836e+02 1.60637225e+02 -3.18062487e-01 -5.27552110e+02 1.17063004e+00 1.68567553e+00 6.94457519e-01
2.45514793e+00 1.36105000e+05 6.37508489e+02 3.97984763e+02 -8.99007090e-01 -2.09768212e+03 1.42207203e+02 1.38326819e+02 -2.51143760e-01 -4.67572901e+02 1.62639848e+02 -4.44910765e-01 -5.34861475e+02 1.17576511e+00 1.69621159e+00 6.93171251e-01
2.45828759e+00 1.33132000e+05 6.40595277e+02 4.01071551e+02 -4.30088516e-01 -2.11001595e+03 1.42784385e+02 1.38904002e+02 7.30306795e-02 -4.70398119e+02 1.63444710e+02 2.78969294e-01 -5.38805998e+02 1.17667388e+00 1.69923541e+00 6.92472548e-01
2.46142397e+00 1.30251000e+05 6.39261407e+02 3.99737680e+02 5.29066721e-02 -2.11132829e+03 1.43644055e+02 1.39763671e+02 -1.53336276e-01 -4.73992645e+02 1.64317094e+02 -4.29023257e-02 -5.42451779e+02 1.17567815e+00 1.69118218e+00 6.95181252e-01
2.46456583e+00 1.27771000e+05 6.43849812e+02 4.04326086e+02 -4.36213445e-01 -2.12880459e+03 1.43333226e+02 1.39452842e+02 4.24464707e-01 -4.74306488e+02 1.63818304e+02 1.55107317e-01 -5.41848462e+02 1.17472188e+00 1.70275513e+00 6.89894783e-01
2.46771723e+00 1.25400000e+05 6.46715062e+02 4.07191335e+02 -3.86532524e-01 -2.14019405e+03 1.44241081e+02 1.40360697e+02 -1.50205653e-01 -4.77009268e+02 1.65378381e+02 -1.92390193e-01 -5.47034504e+02 1.17823852e+00 1.70324258e+00 6.91762017e-01
2.47085926e+00 1.21663000e+05 6.47198691e+02 4.07674965e+02 8.51796804e-01 -2.14696459e+03 1.44445014e+02 1.40564630e+02 1.46939007e-01 -4.78926318e+02 1.64156680e+02 2.69813275e-01 -5.44588937e+02 1.16783774e+00 1.70301704e+00 6.85746362e-01
2.47398931e+00 1.19208000e+05 6.55528116e+02 4.16004389e+02 -9.92457871e-01 -2.17622347e+03 1.44570517e+02 1.40690133e+02 -1.26214958e-02 -4.79999155e+02 1.65987676e+02 -4.81166297e-01 -5.50750533e+02 1.17981036e+00 1.71955922e+00 6.86112084e-01
2.47713750e+00 1.17427000e+05 6.58881937e+02 4.19358210e+02 -1.54192003e+00 -2.18857555e+03 1.46432235e+02 1.42551852e+02 1.65145462e-01 -4.86676348e+02 1.68665904e+02 -2.91789145e-01 -5.60060674e+02 1.18318985e+00 1.71516594e+00 6.89839870e-01
2.48028555e+00 1.13992000e+05 6.60469299e+02 4.20945573e+02 -4.61222438e-01 -2.19769925e+03 1.45942360e+02 1.42061976e+02 3.60097683e-02 -4.85604269e+02 1.67459835e+02 5.01645375e-02 -5.57327099e+02 1.17878014e+00 1.72136928e+00 6.84792130e-01
2.48341160e+00 1.10847000e+05 6.61383651e+02 4.21859925e+02 8.12895511e-01 -2.20677383e+03 1.45981516e+02 1.42101132e+02 4.38206510e-01 -4.87122760e+02 1.67410725e+02 4.57958722e-01 -5.58701601e+02 1.17810972e+00 1.72300035e+00 6.83754775e-01
2.48654871e+00 1.09660000e+05 6.67754291e+02 4.28230564e+02 -3.01959170e-01 -2.22904367e+03 1.47056396e+02 1.43176012e+02 3.90285938e-03 -4.90669606e+02 1.68625525e+02 -8.26638023e-02 -5.62779548e+02 1.17774984e+00 1.72943283e+00 6.81003515e-01
2.48970756e+00 1.07079000e+05 6.66966169e+02 4.27442443e+02 -7.06118903e-01 -2.22874651e+03 1.47690068e+02 1.43809685e+02 2.11022277e-01 -4.93796179e+02 1.68461707e+02 -3.91263582e-01 -5.62671644e+02 1.17142115e+00 1.72402975e+00 6.79466904e-01
2.49285104e+00 1.03744000e+05 6.77649377e+02 4.38125650e+02 -1.07733881e+00 -2.26687391e+03 1.49313550e+02 1.45433167e+02 9.78837109e-02 -4.99668886e+02 1.72389730e+02 -2.49268470e-01 -5.76509996e+02 1.18535362e+00 1.73567181e+00 6.82936492e-01
2.49597499e+00 1.01115000e+05 6.82263028e+02 4.42739302e+02 -6.78482300e-01 -2.28562882e+03 1.48217125e+02 1.44336741e+02 5.54506976e-02 -4.96543503e+02 1.71746164e+02 -2.09883118e-01 -5.75237628e+02 1.18989914e+00 1.75140099e+00 6.79398465e-01
2.49912079e+00 1.00138000e+05 6.82626595e+02 4.43102868e+02 5.25889345e-01 -2.29091956e+03 1.49464531e+02 1.45584147e+02 3.10570566e-01 -5.01692559e+02 1.72313260e+02 5.76242613e-01 -5.78684997e+02 1.18359906e+00 1.74459746e+00 6.78436765e-01
2.50227832e+00 9.70030000e+04 6.86336352e+02 4.46812626e+02 -2.46201561e-02 -2.30549070e+03 1.50377164e+02 1.46496780e+02 1.19330640e-01 -5.05172397e+02 1.72684208e+02 3.94114540e-01 -5.80451822e+02 1.17875771e+00 1.74641993e+00 6.74956627e-01
2.50541433e+00 9.42960000e+04 6.87098063e+02 4.47574337e+02 2.03118183e+00 -2.31362017e+03 1.50951445e+02 1.47071061e+02 -3.50819592e-02 -5.07526047e+02 1.72930624e+02 3.92751017e-01 -5.82220960e+02 1.17583040e+00 1.74449197e+00 6.74024538e-01
2.50853861e+00 9.17920000e+04 6.94817573e+02 4.55293847e+02 -2.24793594e+00 -2.33588129e+03 1.51802214e+02 1.47921830e+02 -1.02506572e-01 -5.10714793e+02 1.74974301e+02 -7.27208920e-01 -5.88012826e+02 1.18288356e+00 1.75440459e+00 6.74236469e-01
2.51168721e+00 9.09390000e+04 6.97098263e+02 4.57574537e+02 -4.26375706e-01 -2.34942758e+03 1.52553447e+02 1.48673063e+02 -1.94140753e-01 -5.13817908e+02 1.75470042e+02 -4.90550246e-01 -5.90842984e+02 1.18024098e+00 1.75434410e+00 6.72753414e-01
2.51484444e+00 8.78200000e+04 7.00900938e+02 4.61377212e+02 -7.10444269e-02 -2.36526302e+03 1.52579600e+02 1.48699216e+02 3.89116312e-01 -5.15200981e+02 1.75652650e+02 -1.45523373e-02 -5.92697257e+02 1.18126144e+00 1.76146383e+00 6.70613505e-01
2.51797921e+00 8.53960000e+04 7.08753604e+02 4.69229878e+02 5.62137525e-01 -2.39476169e+03 1.52939819e+02 1.49059435e+02 1.25338241e-01 -5.16446158e+02 1.77537862e+02 3.10762945e-01 -5.99921666e+02 1.19105417e+00 1.77424297e+00 6.71302742e-01
2.52111633e+00 8.36790000e+04 7.15360297e+02 4.75836571e+02 4.83363185e-01 -2.42001217e+03 1.54559547e+02 1.50679164e+02 2.21833684e-01 -5.22812580e+02 1.79660604e+02 -7.40750354e-02 -6.07468518e+02 1.19233874e+00 1.77706089e+00 6.70961105e-01
2.52426438e+00 8.14240000e+04 7.18559851e+02 4.79036125e+02 -2.38053420e-01 -2.43222155e+03 1.54471308e+02 1.50590924e+02 -1.39297624e-01 -5.22517168e+02 1.79686384e+02 7.47257590e-02 -6.08305935e+02 1.19320859e+00 1.78354772e+00 6.69008503e-01
2.52741056e+00 7.94640000e+04 7.26487962e+02 4.86964236e+02 8.82827151e-01 -2.46202619e+03 1.56014960e+02 1.52134576e+02 -3.47612292e-02 -5.28396025e+02 1.81966325e+02 5.23660428e-01 -6.17106229e+02 1.19608789e+00 1.78909981e+00 6.68541738e-01
2.53053475e+00 7.63270000e+04 7.27583843e+02 4.88060117e+02 -1.43190078e+00 -2.46563443e+03 1.57377606e+02 1.53497222e+02 1.40063531e-01 -5.33683588e+02 1.82975796e+02 1.76938328e-01 -6.20455508e+02 1.19204630e+00 1.78314393e+00 6.68508178e-01
2.53367391e+00 7.60320000e+04 7.28413491e+02 4.88889765e+02 -1.07371518e+00 -2.47161659e+03 1.57244837e+02 1.53364454e+02 3.02149164e-01 -5.34032102e+02 1.83126500e+02 2.15353249e-01 -6.21826127e+02 1.19406091e+00 1.78543119e+00 6.68780137e-01
2.53683753e+00 7.33180000e+04 7.33533368e+02 4.94009642e+02 1.62034564e+00 -2.49446246e+03 1.57748194e+02 1.53867810e+02 1.45156828e-01 -5.36027859e+02 1.83286137e+02 3.22656889e-01 -6.22930678e+02 1.19119222e+00 1.79181772e+00 6.64795422e-01
2.53997296e+00 7.08520000e+04 7.42665065e+02 5.03141339e+02 1.27763750e+00 -2.52765742e+03 1.58260048e+02 1.54379665e+02 -3.08988953e-02 -5.38103873e+02 1.84130395e+02 3.21049084e-01 -6.26790903e+02 1.19271146e+00 1.80530238e+00 6.60671293e-01
2.54309650e+00 6.90870000e+04 7.49237162e+02 5.09713436e+02 -2.49723821e-01 -2.54927847e+03 1.61570965e+02 1.57690581e+02 7.91443174e-02 -5.49801594e+02 1.87789506e+02 -2.17105940e-01 -6.38692061e+02 1.19087332e+00 1.79787778e+00 6.62377240e-01
2.54624206e+00 6.77680000e+04 7.51596183e+02 5.12072457e+02 -9.72594388e-01 -2.56024013e+03 1.60185359e+02 1.56304975e+02 1.15104643e-02 -5.45849885e+02 1.86438796e+02 -2.93489350e-01 -6.34951550e+02 1.19278862e+00 1.81000305e+00 6.58998128e-01
2.54940146e+00 6.58320000e+04 7.61297315e+02 5.21773589e+02 -1.90978523e-01 -2.59577094e+03 1.62428187e+02 1.58547803e+02 3.27320971e-01 -5.53983161e+02 1.89037932e+02 2.16111798e-01 -6.44661237e+02 1.19230875e+00 1.81409878e+00 6.57245767e-01
2.55253911e+00 6.32800000e+04 7.67893801e+02 5.28370075e+02 -1.17084028e+00 -2.61924664e+03 1.64529948e+02 1.60649565e+02 1.79417826e-01 -5.61574402e+02 1.92535549e+02 -3.09347804e-01 -6.56649152e+02 1.19848161e+00 1.81354915e+00 6.60848708e-01
2.55566254e+00 6.17280000e+04 7.76025288e+02 5.36501562e+02 -7.40575169e-02 -2.65026827e+03 1.66360116e+02 1.62479733e+02 1.52198961e-01 -5.68184268e+02 1.95177644e+02 2.85038429e-01 -6.66770512e+02 1.20124302e+00 1.81712958e+00 6.61066240e-01
2.55881418e+00 6.05590000e+04 7.71224305e+02 5.31700579e+02 -1.32783534e+00 -2.63519343e+03 1.64352486e+02 1.60472103e+02 1.15981955e-02 -5.61820153e+02 1.90375317e+02 -1.66005022e-01 -6.50745267e+02 1.18634525e+00 1.82026155e+00 6.51744389e-01
2.56196797e+00 5.83000000e+04 7.81253175e+02 5.41729449e+02 -3.36231828e-01 -2.67248093e+03 1.66362116e+02 1.62481733e+02 -1.87075825e-01 -5.68835228e+02 1.95294010e+02 -2.79067974e-02 -6.68007212e+02 1.20194441e+00 1.82595030e+00 6.58256914e-01
2.56509959e+00 5.64000000e+04 7.97824704e+02 5.58300977e+02 -6.87302784e-01 -2.72974301e+03 1.67809705e+02 1.63929322e+02 -1.38382544e-01 -5.74038127e+02 1.97757407e+02 -2.08412182e-01 -6.76546129e+02 1.20635775e+00 1.84546526e+00 6.53687596e-01
2.56823499e+00 5.50480000e+04 7.97955681e+02 5.58431955e+02 -1.65124321e-01 -2.73389571e+03 1.68970561e+02 1.65090177e+02 -2.29591271e-01 -5.78649780e+02 1.98645555e+02 -1.64569695e-01 -6.80399419e+02 1.20325484e+00 1.83918118e+00 6.54233989e-01
2.57139889e+00 5.37720000e+04 8.05795870e+02 5.66272144e+02 -4.68565680e-01 -2.76246629e+03 1.70164570e+02 1.66284186e+02 -3.69031554e-02 -5.83282833e+02 1.99354255e+02 -4.95396070e-01 -6.82853226e+02 1.19887681e+00 1.84538559e+00 6.49661958e-01
2.57454519e+00 5.12620000e+04 8.12778575e+02 5.73254849e+02 4.75072129e-01 -2.78923230e+03 1.71675978e+02 1.67795594e+02 1.43965711e-01 -5.89176441e+02 2.01553052e+02 2.47484087e-01 -6.91834649e+02 1.20118203e+00 1.84834736e+00 6.49868121e-01
2.57764494e+00 4.92160000e+04 8.17070303e+02 5.77546576e+02 5.58670690e-01 -2.80527267e+03 1.71823142e+02 1.67942758e+02 3.74752951e-01 -5.90213780e+02 2.01525012e+02 8.52783400e-01 -6.92743067e+02 1.19996250e+00 1.85444034e+00 6.47075279e-01
2.58078226e+00 4.91430000e+04 8.20736228e+02 5.81212502e+02 -5.57036256e-01 -2.82000573e+03 1.74565127e+02 1.70684743e+02 -5.25220349e-02 -5.99787947e+02 2.04732177e+02 -2.89257167e-01 -7.03312535e+02 1.19947556e+00 1.84531335e+00 6.50011858e-01
2.58395834e+00 4.71400000e+04 8.36332549e+02 5.96808823e+02 -2.13345888e+00 -2.87316813e+03 1.75749765e+02 1.71869381e+02 -3.75622712e-01 -6.03770636e+02 2.07713790e+02 -9.72353448e-01 -7.13020317e+02 1.20855611e+00 1.86345265e+00 6.48557455e-01
2.58710299e+00 4.52280000e+04 8.42787593e+02 6.03263867e+02 1.81734312e+00 -2.90101038e+03 1.76379828e+02 1.72499445e+02 -6.17767566e-02 -6.06558222e+02 2.07078171e+02 2.42596635e-01 -7.12455701e+02 1.20045703e+00 1.87007837e+00 6.41928728e-01
2.59021741e+00 4.34440000e+04 8.46370971e+02 6.06847244e+02 -1.02546284e+00 -2.91250831e+03 1.77063387e+02 1.73183003e+02 3.56327562e-01 -6.09858324e+02 2.08285831e+02 1.87151525e-01 -7.17238450e+02 1.20269211e+00 1.87191903e+00 6.42491523e-01
2.59336455e+00 4.29600000e+04 8.55461831e+02 6.15938104e+02 -1.34749594e+00 -2.94596133e+03 1.80168428e+02 1.76288045e+02 3.60953661e-02 -6.20754964e+02 2.11523113e+02 -1.62059500e-01 -7.28546086e+02 1.19987214e+00 1.86920574e+00 6.41915501e-01
2.59652924e+00 4.09720000e+04 8.63546129e+02 6.24022402e+02 3.07569588e-01 -2.97739674e+03 1.81408921e+02 1.77528538e+02 2.03834919e-01 -6.25461494e+02 2.12984782e+02 2.25472770e-01 -7.34455510e+02 1.19972138e+00 1.87484774e+00 6.39903366e-01
2.59965976e+00 3.93400000e+04 8.62568874e+02 6.23045147e+02 1.77429070e-02 -2.97453561e+03 1.81116252e+02 1.77235868e+02 1.07236300e-01 -6.24608431e+02 2.12103385e+02 7.14364402e-02 -7.31481747e+02 1.19672947e+00 1.87492522e+00 6.38281171e-01
2.60278715e+00 3.81960000e+04 8.77047724e+02 6.37523998e+02 1.47369346e+00 -3.02796188e+03 1.84755697e+02 1.80875314e+02 2.87241944e-01 -6.37837873e+02 2.17509374e+02 6.47025451e-01 -7.51236524e+02 1.20253765e+00 1.87740781e+00 6.40530864e-01
2.60594749e+00 3.71500000e+04 8.91621854e+02 6.52098127e+02 -7.54920931e-01 -3.07747708e+03 1.86572937e+02 1.82692554e+02 8.88959316e-02 -6.44233934e+02 2.20270052e+02 1.35227700e-01 -7.60502530e+02 1.20568708e+00 1.88927881e+00 6.38173188e-01
2.60910085e+00 3.54120000e+04 8.97365263e+02 6.57841537e+02 -1.00734672e+00 -3.09898506e+03 1.87670566e+02 1.83790183e+02 -4.61529517e-01 -6.47718471e+02 2.20500696e+02 -6.98781522e-01 -7.60993621e+02 1.19974143e+00 1.89190572e+00 6.34144405e-01
2.61220596e+00 3.35920000e+04 9.11545845e+02 6.72022119e+02 1.03731482e+00 -3.15127795e+03 1.86511617e+02 1.82631234e+02 -4.09632524e-01 -6.44098363e+02 2.21728302e+02 -1.82619007e-01 -7.66018065e+02 1.21407657e+00 1.91824581e+00 6.32909800e-01
2.61533882e+00 3.34200000e+04 9.14187991e+02 6.74664265e+02 -2.00794538e+00 -3.15933877e+03 1.89728088e+02 1.85847704e+02 4.23072781e-02 -6.56154886e+02 2.24007688e+02 -4.28447221e-01 -7.74184779e+02 1.20532933e+00 1.90530827e+00 6.32616433e-01
2.61852836e+00 3.20080000e+04 9.27052081e+02 6.87528354e+02 1.81047582e+00 -3.20992913e+03 1.93356355e+02 1.89475971e+02 1.77897033e-01 -6.69231409e+02 2.28265544e+02 8.50716628e-01 -7.90791912e+02 1.20472027e+00 1.90488269e+00 6.32438038e-01
2.62166839e+00 3.00640000e+04 9.27952468e+02 6.88428741e+02 6.96178921e-01 -3.21306432e+03 1.92835838e+02 1.88955454e+02 5.65012507e-01 -6.68099022e+02 2.26498674e+02 9.58162351e-01 -7.85129376e+02 1.19868820e+00 1.90875321e+00 6.27995383e-01
2.62474674e+00 2.86320000e+04 9.57264698e+02 7.17740972e+02 2.75495679e+00 -3.31768510e+03 1.96914059e+02 1.93033675e+02 2.94792939e-01 -6.82147237e+02 2.36431537e+02 7.45740010e-01 -8.19522137e+02 1.22482016e+00 1.92826771e+00 6.35191965e-01
2.62789351e+00 2.87800000e+04 9.40261247e+02 7.00737520e+02 -3.66646598e-01 -3.25856627e+03 1.97002388e+02 1.93122005e+02 4.11535135e-01 -6.83153822e+02 2.31750279e+02 -1.51220340e-01 -8.03029165e+02 1.20002006e+00 1.90485449e+00 6.29979909e-01
2.63110266e+00 2.73000000e+04 9.59220332e+02 7.19696606e+02 -4.28829030e-01 -3.32475612e+03 1.99160535e+02 1.95280152e+02 -2.53327557e-01 -6.90054381e+02 2.34067573e+02 -6.84399390e-01 -8.10654333e+02 1.19862449e+00 1.91975442e+00 6.24363452e-01
2.63423888e+00 2.53420000e+04 9.78718834e+02 7.39195107e+02 -1.56378662e+00 -3.39189603e+03 1.98670239e+02 1.94789855e+02 6.72497988e-02 -6.88989758e+02 2.35636990e+02 -3.04398598e-01 -8.16727159e+02 1.20969847e+00 1.94803329e+00 6.20984497e-01
2.63731611e+00 2.43720000e+04 9.95810148e+02 7.56286421e+02 -2.28689047e+00 -3.45152624e+03 2.02317669e+02 1.98437286e+02 1.59264672e-01 -7.01938645e+02 2.43595868e+02 -3.12364234e-01 -8.44519726e+02 1.22757105e+00 1.95223238e+00 6.28803755e-01
2.64047527e+00 2.41960000e+04 1.00022394e+03 7.60700212e+02 -8.68946979e-01 -3.47109519e+03 2.06712080e+02 2.02831697e+02 5.76703922e-02 -7.17596166e+02 2.43333820e+02 -2.60148167e-01 -8.44320735e+02 1.19968340e+00 1.93659523e+00 6.19480718e-01
2.64366382e+00 2.26720000e+04 1.01405634e+03 7.74532609e+02 1.56115007e+00 -3.52324657e+03 2.06714718e+02 2.02834335e+02 4.21951929e-01 -7.18247380e+02 2.47285773e+02 5.25852928e-01 -8.59301066e+02 1.21915145e+00 1.95411050e+00 6.23890744e-01
2.64679118e+00 2.13600000e+04 1.03791233e+03 7.98388602e+02 -3.23967061e-01 -3.60422335e+03 2.11798171e+02 2.07917788e+02 2.57788170e-01 -7.35787230e+02 2.54419023e+02 1.37516132e-01 -8.83640727e+02 1.22365203e+00 1.95957253e+00 6.24448453e-01
2.64989500e+00 2.04640000e+04 1.03830225e+03 7.98778522e+02 -9.16114886e-02 -3.60754423e+03 2.12104996e+02 2.08224612e+02 1.24801757e-01 -7.37178679e+02 2.55663758e+02 2.99730174e-01 -8.88688616e+02 1.22782679e+00 1.95860635e+00 6.26887987e-01
2.65305573e+00 1.99080000e+04 1.04566700e+03 8.06143273e+02 -2.29650971e-01 -3.63514671e+03 2.15151883e+02 2.11271499e+02 2.56713874e-02 -7.47982810e+02 2.56702607e+02 2.34350451e-01 -8.92761851e+02 1.21503661e+00 1.95337516e+00 6.22019077e-01
2.65622636e+00 1.87240000e+04 1.04878846e+03 8.09264729e+02 -1.86179975e+00 -3.64482669e+03 2.20737007e+02 2.16856623e+02 2.88322094e-01 -7.67822062e+02 2.57254284e+02 -4.50013209e-01 -8.94001960e+02 1.18628742e+00 1.93178576e+00 6.14088499e-01
2.65932506e+00 1.73320000e+04 1.08542179e+03 8.45898063e+02 8.07574401e-01 -3.77594671e+03 2.20772400e+02 2.16892016e+02 2.16419267e-02 -7.67815925e+02 2.63071316e+02 3.03997803e-01 -9.15254930e+02 1.21291379e+00 1.97486418e+00 6.14175799e-01
2.66246152e+00 1.72860000e+04 1.07548115e+03 8.35957425e+02 1.01417158e+00 -3.74394695e+03 2.21901722e+02 2.18021339e+02 2.27067298e-01 -7.72463207e+02 2.64647257e+02 3.65877142e-01 -9.21357245e+02 1.21385943e+00 1.95813477e+00 6.19905967e-01
2.66566512e+00 1.61320000e+04 1.10109221e+03 8.61568488e+02 -9.83780510e-01 -3.83204245e+03 2.26124524e+02 2.22244140e+02 8.57231676e-03 -7.87169977e+02 2.71770467e+02 -9.58323040e-02 -9.45984932e+02 1.22284649e+00 1.96892759e+00 6.21072355e-01
2.66879336e+00 1.49040000e+04 1.13026428e+03 8.90740549e+02 -1.23460604e+00 -3.93357575e+03 2.26201669e+02 2.22321285e+02 -1.19073153e-01 -7.87428862e+02 2.71476954e+02 7.86303341e-02 -9.45247802e+02 1.22110195e+00 2.00163594e+00 6.10051972e-01
2.67184260e+00 1.39000000e+04 1.13945172e+03 8.99927992e+02 -9.57234730e-01 -3.96663161e+03 2.29577540e+02 2.25697156e+02 -1.75849669e-02 -7.99351944e+02 2.75158494e+02 3.50897081e-01 -9.58461136e+02 1.21914914e+00 1.99682882e+00 6.10542640e-01
2.67503533e+00 1.43400000e+04 1.14249176e+03 9.02968036e+02 1.62555650e+00 -3.98314421e+03 2.33099907e+02 2.29219524e+02 -6.20871057e-03 -8.12288355e+02 2.76742141e+02 7.86481328e-01 -9.65241734e+02 1.20732360e+00 1.98477091e+00 6.08293682e-01
2.67827838e+00 1.26970000e+04 1.16835665e+03 9.28832928e+02 -1.71693296e+00 -4.07009292e+03 2.36037301e+02 2.32156917e+02 -5.63969176e-01 -8.22007855e+02 2.82140567e+02 -7.63846289e-01 -9.82418910e+02 1.21530114e+00 2.00022102e+00 6.07583427e-01
2.68134593e+00 1.15720000e+04 1.17742109e+03 9.37897368e+02 2.31554282e+00 -4.10615166e+03 2.42822836e+02 2.38942453e+02 3.97188796e-01 -8.46742890e+02 2.91080287e+02 3.62986639e-01 -1.01491600e+03 1.21820248e+00 1.98121223e+00 6.14877325e-01
2.68438460e+00 1.11600000e+04 1.20653031e+03 9.67006584e+02 2.09384057e+00 -4.20852498e+03 2.43114131e+02 2.39233747e+02 -1.30273677e-01 -8.47388373e+02 2.91056240e+02 7.96961980e-01 -1.01553186e+03 1.21661866e+00 2.01049730e+00 6.05133196e-01
2.68763507e+00 1.13320000e+04 1.21547749e+03 9.75953763e+02 -2.96532924e-01 -4.23928091e+03 2.42591958e+02 2.38711575e+02 -6.71730463e-02 -8.46100399e+02 2.93832584e+02 -4.02557982e-03 -1.02483484e+03 1.23091050e+00 2.02198478e+00 6.08763484e-01
2.69088499e+00 9.72600000e+03 1.23257519e+03 9.93051465e+02 9.62741680e-01 -4.30143331e+03 2.50346656e+02 2.46466272e+02 2.05079197e-01 -8.73632113e+02 2.97965994e+02 2.80767381e-01 -1.03986958e+03 1.20895241e+00 2.00727618e+00 6.02285039e-01
2.69385052e+00 8.53600000e+03 1.23124013e+03 9.91716399e+02 1.76200955e+00 -4.29713441e+03 2.47193249e+02 2.43312865e+02 -3.05013510e-01 -8.62035533e+02 2.96058587e+02 -2.59355675e-01 -1.03260735e+03 1.21678147e+00 2.01888328e+00 6.02700258e-01
2.69689333e+00 8.90400000e+03 1.26297917e+03 1.02345544e+03 1.22225736e+00 -4.40875859e+03 2.55559396e+02 2.51679012e+02 1.62542647e-01 -8.92000110e+02 3.06179382e+02 9.97443853e-01 -1.06950415e+03 1.21654714e+00 2.01655917e+00 6.03278672e-01
2.70022308e+00 8.59600000e+03 1.28867090e+03 1.04914718e+03 -2.01246694e+00 -4.49698312e+03 2.59434074e+02 2.55553690e+02 2.53148149e-02 -9.05733836e+02 3.15059673e+02 -6.40397239e-01 -1.09925995e+03 1.23285120e+00 2.02617583e+00 6.08462100e-01
2.70347853e+00 7.26100000e+03 1.32036726e+03 1.08084354e+03 2.34748318e+00 -4.61270209e+03 2.64564021e+02 2.60683637e+02 -2.54148834e-01 -9.23540842e+02 3.22471844e+02 -1.77858963e-01 -1.12583684e+03 1.23702372e+00 2.03621920e+00 6.07510097e-01
2.70632784e+00 5.98800000e+03 1.32057720e+03 1.08105348e+03 -2.69756869e+00 -4.60739237e+03 2.70802773e+02 2.66922389e+02 -8.62175436e-02 -9.45303242e+02 3.28593594e+02 -6.30362832e-01 -1.14646875e+03 1.23104546e+00 2.01247775e+00 6.11706369e-01
2.70941064e+00 6.92800000e+03 1.37381733e+03 1.13429361e+03 -1.66662582e+00 -4.79680611e+03 2.73016823e+02 2.69136439e+02 5.82916761e-01 -9.54213208e+02 3.32895074e+02 3.75027812e-01 -1.16312439e+03 1.23690079e+00 2.05294111e+00 6.02501837e-01
2.71284530e+00 6.27600000e+03 1.38933497e+03 1.14981124e+03 -3.55650264e-01 -4.85370512e+03 2.77072094e+02 2.73191711e+02 2.58045957e-01 -9.68333463e+02 3.36792781e+02 7.45699717e-01 -1.17751530e+03 1.23280747e+00 2.05153777e+00 6.00918730e-01
2.71610874e+00 5.12200000e+03 1.36785517e+03 1.12833144e+03 1.12860534e+00 -4.78079210e+03 2.80136823e+02 2.76256439e+02 -1.20033714e-01 -9.78737383e+02 3.38283349e+02 -2.35837500e-03 -1.18201089e+03 1.22452657e+00 2.02098058e+00 6.05907143e-01
2.71882491e+00 4.02000000e+03 1.37466941e+03 1.13514568e+03 -1.04240162e+00 -4.80113154e+03 2.85358093e+02 2.81477710e+02 8.82527145e-01 -9.97774908e+02 3.31749639e+02 5.46110200e-01 -1.15953093e+03 1.17860004e+00 2.00818536e+00 5.86898034e-01
2.72195720e+00 5.02900000e+03 1.41446102e+03 1.17493730e+03 -4.24389131e+00 -4.93940312e+03 2.88868425e+02 2.84988042e+02 -2.57514065e-02 -1.00961507e+03 3.42672743e+02 -4.09112400e-01 -1.19728282e+03 1.20241095e+00 2.03045808e+00 5.92187039e-01
2.72547675e+00 4.32400000e+03 1.44113642e+03 1.20161270e+03 -2.56707084e-01 -5.03789983e+03 2.92483351e+02 2.88602968e+02 -4.68018844e-01 -1.02200391e+03 3.42899416e+02 -2.18619551e-01 -1.19855062e+03 1.18813545e+00 2.04047772e+00 5.82282980e-01
2.72874185e+00 3.33600000e+03 1.52287678e+03 1.28335305e+03 -1.01762210e+00 -5.32358054e+03 3.01332680e+02 2.97452297e+02 4.29390626e-01 -1.05402466e+03 3.65386281e+02 1.31886601e-01 -1.27771084e+03 1.22838615e+00 2.07713350e+00 5.91385266e-01
2.73135763e+00 2.62000000e+03 1.50903175e+03 1.26950803e+03 1.92002453e+00 -5.27692695e+03 3.04732381e+02 3.00851997e+02 1.46360604e+00 -1.06672157e+03 3.61156162e+02 2.52011859e+00 -1.26504122e+03 1.20044462e+00 2.05419315e+00 5.84387413e-01
2.73451679e+00 3.25200000e+03 1.52071208e+03 1.28118836e+03 -1.86877506e+00 -5.31573272e+03 3.04643869e+02 3.00763485e+02 -1.51945684e-01 -1.06513776e+03 3.62451425e+02 4.51633020e-02 -1.26748600e+03 1.20510448e+00 2.06392512e+00 5.83889635e-01
2.73808887e+00 2.77300000e+03 1.53342519e+03 1.29390146e+03 2.35050341e+00 -5.36529838e+03 3.09131965e+02 3.05251581e+02 2.03711517e-01 -1.08134850e+03 3.67975287e+02 3.71438577e-01 -1.28731362e+03 1.20548200e+00 2.05883546e+00 5.85516436e-01
2.74135447e+00 1.89400000e+03 1.53605764e+03 1.29653392e+03 -6.82899191e-01 -5.37253424e+03 3.27188363e+02 3.23307979e+02 -9.94780634e-01 -1.14347552e+03 3.81402181e+02 -1.08824482e+00 -1.33306748e+03 1.17968688e+00 2.00255166e+00 5.89091856e-01
2.74386120e+00 1.60800000e+03 1.61705087e+03 1.37752715e+03 1.78486148e+00 -5.65725089e+03 3.30711288e+02 3.26830904e+02 1.54480606e-01 -1.15677528e+03 4.07102111e+02 -5.16600182e-01 -1.42324107e+03 1.24560470e+00 2.05299800e+00 6.06724752e-01
2.74709714e+00 1.85200000e+03 1.65303418e+03 1.41351045e+03 1.25149777e+00 -5.78399619e+03 3.31622746e+02 3.27742362e+02 -4.95056312e-01 -1.15960715e+03 4.01145979e+02 3.64225878e-02 -1.40336603e+03 1.22396744e+00 2.07674523e+00 5.89368122e-01
2.75069574e+00 1.52400000e+03 1.70458533e+03 1.46506160e+03 3.86680952e+00 -5.96745219e+03 3.36335548e+02 3.32455165e+02 1.29938970e-01 -1.17681932e+03 4.08540686e+02 1.90250868e-01 -1.42949145e+03 1.22885950e+00 2.09923666e+00 5.85383973e-01
2.75356410e+00 6.97000000e+02 1.71894578e+03 1.47942205e+03 -1.77163838e+00 -6.01249241e+03 3.53161022e+02 3.49280638e+02 -1.02106810e+00 -1.23461677e+03 4.12030294e+02 -4.17434419e-01 -1.44118885e+03 1.17965398e+00 2.05806359e+00 5.73186362e-01
2.75613901e+00 1.04400000e+03 1.69011195e+03 1.45058822e+03 -1.85680766e+00 -5.91166158e+03 3.61469482e+02 3.57589099e+02 -7.67016162e-01 -1.26396834e+03 4.29765060e+02 -1.73126201e+00 -1.50194770e+03 1.20184050e+00 2.01409494e+00 5.96714918e-01
2.75969778e+00 8.44000000e+02 1.71001629e+03 1.47049257e+03 -2.20007958e+00 -5.98144075e+03 3.52417422e+02 3.48537038e+02 -2.73793426e-01 -1.23290934e+03 4.10262510e+02 -4.23889703e-01 -1.43518081e+03 1.17709874e+00 2.05403079e+00 5.73067722e-01
2.76329934e+00 6.28000000e+02 1.65004688e+03 1.41052316e+03 -1.27578989e+00 -5.77289652e+03 3.47996928e+02 3.44116544e+02 -1.50385675e-01 -1.21763448e+03 4.29189277e+02 -5.12632548e-01 -1.50139207e+03 1.24722070e+00 2.02459115e+00 6.16035836e-01
2.76608134e+00 2.43000000e+02 1.82640961e+03 1.58688589e+03 -2.12891667e+00 -6.38946174e+03 3.68581303e+02 3.64700919e+02 1.33375933e+00 -1.29122007e+03 4.02394359e+02 4.87050730e-01 -1.40870211e+03 1.10335439e+00 2.08595253e+00 5.28945109e-01
2.76869856e+00 3.64000000e+02 1.76680214e+03 1.52727842e+03 -6.52424466e-01 -6.18248018e+03 3.74586424e+02 3.70706040e+02 -2.17998649e-01 -1.31070123e+03 4.43286868e+02 3.24009081e-01 -1.55166731e+03 1.19579079e+00 2.02975807e+00 5.89129713e-01
2.77229138e+00 2.28000000e+02 1.89896933e+03 1.65944560e+03 1.40688171e-01 -6.64610059e+03 3.92725014e+02 3.88844630e+02 -5.95962003e-01 -1.37385785e+03 4.59215999e+02 -4.07156538e-01 -1.60675251e+03 1.18097555e+00 2.06582466e+00 5.71672693e-01
2.77586966e+00 1.24000000e+02 2.16179794e+03 1.92227422e+03 -1.59908479e+00 -7.56440621e+03 4.36522742e+02 4.32642358e+02 1.76338866e-01 -1.52794522e+03 5.58784398e+02 -1.35492360e-01 -1.95552188e+03 1.29156193e+00 2.10786674e+00 6.12734145e-01
2.77874665e+00 3.30000000e+01 2.54670846e+03 2.30718473e+03 1.81780717e+00 -8.91517342e+03 4.80033263e+02 4.76152879e+02 5.24962805e-01 -1.68060951e+03 6.65152361e+02 1.09148427e+00 -2.32908993e+03 1.39693025e+00 2.20124295e+00 6.34609757e-01
2.78114085e+00 2.80000000e+01 1.99825768e+03 1.75873396e+03 -2.07286671e+00 -6.99174876e+03 3.04428808e+02 3.00548424e+02 -2.50430916e-02 -1.06546416e+03 3.06737292e+02 -2.55494038e-01 -1.07331625e+03 1.02059191e+00 2.41903887e+00 4.21899759e-01
2.78463636e+00 4.00000000e+00 7.47254931e+02 5.07731205e+02 -1.33645460e+00 -2.61404237e+03 6.63819451e+01 6.25015615e+01 5.14157940e-02 -2.32387468e+02 1.09945179e+02 -2.84311321e-01 -3.84521255e+02 1.75907892e+00 2.85017479e+00 6.17182822e-01
